filepath,actor,emotion
/Users/praketmehta/Desktop/multimodal_fusion_code/ravdessDATASET/Audio_Speech_Actors_01-24/Actor_01/03-01-08-02-02-01-01.wav,1,surprised
/Users/praketmehta/Desktop/multimodal_fusion_code/ravdessDATASET/Audio_Speech_Actors_01-24/Actor_01/03-01-08-01-01-01-01.wav,1,surprised
/Users/praketmehta/Desktop/multimodal_fusion_code/ravdessDATASET/Audio_Speech_Actors_01-24/Actor_01/03-01-05-01-02-01-01.wav,1,angry
/Users/praketmehta/Desktop/multimodal_fusion_code/ravdessDATASET/Audio_Speech_Actors_01-24/Actor_01/03-01-06-01-02-02-01.wav,1,fearful
/Users/praketmehta/Desktop/multimodal_fusion_code/ravdessDATASET/Audio_Speech_Actors_01-24/Actor_01/03-01-06-02-01-02-01.wav,1,fearful
/Users/praketmehta/Desktop/multimodal_fusion_code/ravdessDATASET/Audio_Speech_Actors_01-24/Actor_01/03-01-05-02-01-01-01.wav,1,angry
/Users/praketmehta/Desktop/multimodal_fusion_code/ravdessDATASET/Audio_Speech_Actors_01-24/Actor_01/03-01-07-01-01-01-01.wav,1,disgust
/Users/praketmehta/Desktop/multimodal_fusion_code/ravdessDATASET/Audio_Speech_Actors_01-24/Actor_01/03-01-04-01-01-02-01.wav,1,sad
/Users/praketmehta/Desktop/multimodal_fusion_code/ravdessDATASET/Audio_Speech_Actors_01-24/Actor_01/03-01-04-02-02-02-01.wav,1,sad
/Users/praketmehta/Desktop/multimodal_fusion_code/ravdessDATASET/Audio_Speech_Actors_01-24/Actor_01/03-01-07-02-02-01-01.wav,1,disgust
/Users/praketmehta/Desktop/multimodal_fusion_code/ravdessDATASET/Audio_Speech_Actors_01-24/Actor_01/03-01-03-02-02-02-01.wav,1,happy
/Users/praketmehta/Desktop/multimodal_fusion_code/ravdessDATASET/Audio_Speech_Actors_01-24/Actor_01/03-01-03-01-01-02-01.wav,1,happy
/Users/praketmehta/Desktop/multimodal_fusion_code/ravdessDATASET/Audio_Speech_Actors_01-24/Actor_01/03-01-02-02-01-01-01.wav,1,calm
/Users/praketmehta/Desktop/multimodal_fusion_code/ravdessDATASET/Audio_Speech_Actors_01-24/Actor_01/03-01-01-01-02-02-01.wav,1,neutral
/Users/praketmehta/Desktop/multimodal_fusion_code/ravdessDATASET/Audio_Speech_Actors_01-24/Actor_01/03-01-02-01-02-01-01.wav,1,calm
/Users/praketmehta/Desktop/multimodal_fusion_code/ravdessDATASET/Audio_Speech_Actors_01-24/Actor_01/03-01-03-02-01-01-01.wav,1,happy
/Users/praketmehta/Desktop/multimodal_fusion_code/ravdessDATASET/Audio_Speech_Actors_01-24/Actor_01/03-01-03-01-02-01-01.wav,1,happy
/Users/praketmehta/Desktop/multimodal_fusion_code/ravdessDATASET/Audio_Speech_Actors_01-24/Actor_01/03-01-02-02-02-02-01.wav,1,calm
/Users/praketmehta/Desktop/multimodal_fusion_code/ravdessDATASET/Audio_Speech_Actors_01-24/Actor_01/03-01-02-01-01-02-01.wav,1,calm
/Users/praketmehta/Desktop/multimodal_fusion_code/ravdessDATASET/Audio_Speech_Actors_01-24/Actor_01/03-01-01-01-01-01-01.wav,1,neutral
/Users/praketmehta/Desktop/multimodal_fusion_code/ravdessDATASET/Audio_Speech_Actors_01-24/Actor_01/03-01-08-02-01-02-01.wav,1,surprised
/Users/praketmehta/Desktop/multimodal_fusion_code/ravdessDATASET/Audio_Speech_Actors_01-24/Actor_01/03-01-08-01-02-02-01.wav,1,surprised
/Users/praketmehta/Desktop/multimodal_fusion_code/ravdessDATASET/Audio_Speech_Actors_01-24/Actor_01/03-01-06-01-01-01-01.wav,1,fearful
/Users/praketmehta/Desktop/multimodal_fusion_code/ravdessDATASET/Audio_Speech_Actors_01-24/Actor_01/03-01-05-01-01-02-01.wav,1,angry
/Users/praketmehta/Desktop/multimodal_fusion_code/ravdessDATASET/Audio_Speech_Actors_01-24/Actor_01/03-01-05-02-02-02-01.wav,1,angry
/Users/praketmehta/Desktop/multimodal_fusion_code/ravdessDATASET/Audio_Speech_Actors_01-24/Actor_01/03-01-06-02-02-01-01.wav,1,fearful
/Users/praketmehta/Desktop/multimodal_fusion_code/ravdessDATASET/Audio_Speech_Actors_01-24/Actor_01/03-01-04-01-02-01-01.wav,1,sad
/Users/praketmehta/Desktop/multimodal_fusion_code/ravdessDATASET/Audio_Speech_Actors_01-24/Actor_01/03-01-07-01-02-02-01.wav,1,disgust
/Users/praketmehta/Desktop/multimodal_fusion_code/ravdessDATASET/Audio_Speech_Actors_01-24/Actor_01/03-01-07-02-01-02-01.wav,1,disgust
/Users/praketmehta/Desktop/multimodal_fusion_code/ravdessDATASET/Audio_Speech_Actors_01-24/Actor_01/03-01-04-02-01-01-01.wav,1,sad
/Users/praketmehta/Desktop/multimodal_fusion_code/ravdessDATASET/Audio_Speech_Actors_01-24/Actor_01/03-01-02-01-02-02-01.wav,1,calm
/Users/praketmehta/Desktop/multimodal_fusion_code/ravdessDATASET/Audio_Speech_Actors_01-24/Actor_01/03-01-01-01-02-01-01.wav,1,neutral
/Users/praketmehta/Desktop/multimodal_fusion_code/ravdessDATASET/Audio_Speech_Actors_01-24/Actor_01/03-01-02-02-01-02-01.wav,1,calm
/Users/praketmehta/Desktop/multimodal_fusion_code/ravdessDATASET/Audio_Speech_Actors_01-24/Actor_01/03-01-03-01-01-01-01.wav,1,happy
/Users/praketmehta/Desktop/multimodal_fusion_code/ravdessDATASET/Audio_Speech_Actors_01-24/Actor_01/03-01-03-02-02-01-01.wav,1,happy
/Users/praketmehta/Desktop/multimodal_fusion_code/ravdessDATASET/Audio_Speech_Actors_01-24/Actor_01/03-01-08-01-01-02-01.wav,1,surprised
/Users/praketmehta/Desktop/multimodal_fusion_code/ravdessDATASET/Audio_Speech_Actors_01-24/Actor_01/03-01-08-02-02-02-01.wav,1,surprised
/Users/praketmehta/Desktop/multimodal_fusion_code/ravdessDATASET/Audio_Speech_Actors_01-24/Actor_01/03-01-07-02-02-02-01.wav,1,disgust
/Users/praketmehta/Desktop/multimodal_fusion_code/ravdessDATASET/Audio_Speech_Actors_01-24/Actor_01/03-01-04-02-02-01-01.wav,1,sad
/Users/praketmehta/Desktop/multimodal_fusion_code/ravdessDATASET/Audio_Speech_Actors_01-24/Actor_01/03-01-04-01-01-01-01.wav,1,sad
/Users/praketmehta/Desktop/multimodal_fusion_code/ravdessDATASET/Audio_Speech_Actors_01-24/Actor_01/03-01-07-01-01-02-01.wav,1,disgust
/Users/praketmehta/Desktop/multimodal_fusion_code/ravdessDATASET/Audio_Speech_Actors_01-24/Actor_01/03-01-05-02-01-02-01.wav,1,angry
/Users/praketmehta/Desktop/multimodal_fusion_code/ravdessDATASET/Audio_Speech_Actors_01-24/Actor_01/03-01-06-02-01-01-01.wav,1,fearful
/Users/praketmehta/Desktop/multimodal_fusion_code/ravdessDATASET/Audio_Speech_Actors_01-24/Actor_01/03-01-06-01-02-01-01.wav,1,fearful
/Users/praketmehta/Desktop/multimodal_fusion_code/ravdessDATASET/Audio_Speech_Actors_01-24/Actor_01/03-01-05-01-02-02-01.wav,1,angry
/Users/praketmehta/Desktop/multimodal_fusion_code/ravdessDATASET/Audio_Speech_Actors_01-24/Actor_01/03-01-08-01-02-01-01.wav,1,surprised
/Users/praketmehta/Desktop/multimodal_fusion_code/ravdessDATASET/Audio_Speech_Actors_01-24/Actor_01/03-01-08-02-01-01-01.wav,1,surprised
/Users/praketmehta/Desktop/multimodal_fusion_code/ravdessDATASET/Audio_Speech_Actors_01-24/Actor_01/03-01-04-02-01-02-01.wav,1,sad
/Users/praketmehta/Desktop/multimodal_fusion_code/ravdessDATASET/Audio_Speech_Actors_01-24/Actor_01/03-01-07-02-01-01-01.wav,1,disgust
/Users/praketmehta/Desktop/multimodal_fusion_code/ravdessDATASET/Audio_Speech_Actors_01-24/Actor_01/03-01-07-01-02-01-01.wav,1,disgust
/Users/praketmehta/Desktop/multimodal_fusion_code/ravdessDATASET/Audio_Speech_Actors_01-24/Actor_01/03-01-04-01-02-02-01.wav,1,sad
/Users/praketmehta/Desktop/multimodal_fusion_code/ravdessDATASET/Audio_Speech_Actors_01-24/Actor_01/03-01-06-02-02-02-01.wav,1,fearful
/Users/praketmehta/Desktop/multimodal_fusion_code/ravdessDATASET/Audio_Speech_Actors_01-24/Actor_01/03-01-05-02-02-01-01.wav,1,angry
/Users/praketmehta/Desktop/multimodal_fusion_code/ravdessDATASET/Audio_Speech_Actors_01-24/Actor_01/03-01-05-01-01-01-01.wav,1,angry
/Users/praketmehta/Desktop/multimodal_fusion_code/ravdessDATASET/Audio_Speech_Actors_01-24/Actor_01/03-01-06-01-01-02-01.wav,1,fearful
/Users/praketmehta/Desktop/multimodal_fusion_code/ravdessDATASET/Audio_Speech_Actors_01-24/Actor_01/03-01-01-01-01-02-01.wav,1,neutral
/Users/praketmehta/Desktop/multimodal_fusion_code/ravdessDATASET/Audio_Speech_Actors_01-24/Actor_01/03-01-02-01-01-01-01.wav,1,calm
/Users/praketmehta/Desktop/multimodal_fusion_code/ravdessDATASET/Audio_Speech_Actors_01-24/Actor_01/03-01-02-02-02-01-01.wav,1,calm
/Users/praketmehta/Desktop/multimodal_fusion_code/ravdessDATASET/Audio_Speech_Actors_01-24/Actor_01/03-01-03-01-02-02-01.wav,1,happy
/Users/praketmehta/Desktop/multimodal_fusion_code/ravdessDATASET/Audio_Speech_Actors_01-24/Actor_01/03-01-03-02-01-02-01.wav,1,happy
/Users/praketmehta/Desktop/multimodal_fusion_code/ravdessDATASET/Audio_Speech_Actors_01-24/Actor_02/03-01-06-01-02-02-02.wav,2,fearful
/Users/praketmehta/Desktop/multimodal_fusion_code/ravdessDATASET/Audio_Speech_Actors_01-24/Actor_02/03-01-05-01-02-01-02.wav,2,angry
/Users/praketmehta/Desktop/multimodal_fusion_code/ravdessDATASET/Audio_Speech_Actors_01-24/Actor_02/03-01-05-02-01-01-02.wav,2,angry
/Users/praketmehta/Desktop/multimodal_fusion_code/ravdessDATASET/Audio_Speech_Actors_01-24/Actor_02/03-01-06-02-01-02-02.wav,2,fearful
/Users/praketmehta/Desktop/multimodal_fusion_code/ravdessDATASET/Audio_Speech_Actors_01-24/Actor_02/03-01-04-01-01-02-02.wav,2,sad
/Users/praketmehta/Desktop/multimodal_fusion_code/ravdessDATASET/Audio_Speech_Actors_01-24/Actor_02/03-01-07-01-01-01-02.wav,2,disgust
/Users/praketmehta/Desktop/multimodal_fusion_code/ravdessDATASET/Audio_Speech_Actors_01-24/Actor_02/03-01-07-02-02-01-02.wav,2,disgust
/Users/praketmehta/Desktop/multimodal_fusion_code/ravdessDATASET/Audio_Speech_Actors_01-24/Actor_02/03-01-04-02-02-02-02.wav,2,sad
/Users/praketmehta/Desktop/multimodal_fusion_code/ravdessDATASET/Audio_Speech_Actors_01-24/Actor_02/03-01-08-02-02-01-02.wav,2,surprised
/Users/praketmehta/Desktop/multimodal_fusion_code/ravdessDATASET/Audio_Speech_Actors_01-24/Actor_02/03-01-08-01-01-01-02.wav,2,surprised
/Users/praketmehta/Desktop/multimodal_fusion_code/ravdessDATASET/Audio_Speech_Actors_01-24/Actor_02/03-01-03-02-02-02-02.wav,2,happy
/Users/praketmehta/Desktop/multimodal_fusion_code/ravdessDATASET/Audio_Speech_Actors_01-24/Actor_02/03-01-03-01-01-02-02.wav,2,happy
/Users/praketmehta/Desktop/multimodal_fusion_code/ravdessDATASET/Audio_Speech_Actors_01-24/Actor_02/03-01-02-02-01-01-02.wav,2,calm
/Users/praketmehta/Desktop/multimodal_fusion_code/ravdessDATASET/Audio_Speech_Actors_01-24/Actor_02/03-01-02-01-02-01-02.wav,2,calm
/Users/praketmehta/Desktop/multimodal_fusion_code/ravdessDATASET/Audio_Speech_Actors_01-24/Actor_02/03-01-01-01-02-02-02.wav,2,neutral
/Users/praketmehta/Desktop/multimodal_fusion_code/ravdessDATASET/Audio_Speech_Actors_01-24/Actor_02/03-01-03-02-01-01-02.wav,2,happy
/Users/praketmehta/Desktop/multimodal_fusion_code/ravdessDATASET/Audio_Speech_Actors_01-24/Actor_02/03-01-03-01-02-01-02.wav,2,happy
/Users/praketmehta/Desktop/multimodal_fusion_code/ravdessDATASET/Audio_Speech_Actors_01-24/Actor_02/03-01-02-02-02-02-02.wav,2,calm
/Users/praketmehta/Desktop/multimodal_fusion_code/ravdessDATASET/Audio_Speech_Actors_01-24/Actor_02/03-01-01-01-01-01-02.wav,2,neutral
/Users/praketmehta/Desktop/multimodal_fusion_code/ravdessDATASET/Audio_Speech_Actors_01-24/Actor_02/03-01-02-01-01-02-02.wav,2,calm
/Users/praketmehta/Desktop/multimodal_fusion_code/ravdessDATASET/Audio_Speech_Actors_01-24/Actor_02/03-01-05-01-01-02-02.wav,2,angry
/Users/praketmehta/Desktop/multimodal_fusion_code/ravdessDATASET/Audio_Speech_Actors_01-24/Actor_02/03-01-06-01-01-01-02.wav,2,fearful
/Users/praketmehta/Desktop/multimodal_fusion_code/ravdessDATASET/Audio_Speech_Actors_01-24/Actor_02/03-01-06-02-02-01-02.wav,2,fearful
/Users/praketmehta/Desktop/multimodal_fusion_code/ravdessDATASET/Audio_Speech_Actors_01-24/Actor_02/03-01-05-02-02-02-02.wav,2,angry
/Users/praketmehta/Desktop/multimodal_fusion_code/ravdessDATASET/Audio_Speech_Actors_01-24/Actor_02/03-01-07-01-02-02-02.wav,2,disgust
/Users/praketmehta/Desktop/multimodal_fusion_code/ravdessDATASET/Audio_Speech_Actors_01-24/Actor_02/03-01-04-01-02-01-02.wav,2,sad
/Users/praketmehta/Desktop/multimodal_fusion_code/ravdessDATASET/Audio_Speech_Actors_01-24/Actor_02/03-01-04-02-01-01-02.wav,2,sad
/Users/praketmehta/Desktop/multimodal_fusion_code/ravdessDATASET/Audio_Speech_Actors_01-24/Actor_02/03-01-07-02-01-02-02.wav,2,disgust
/Users/praketmehta/Desktop/multimodal_fusion_code/ravdessDATASET/Audio_Speech_Actors_01-24/Actor_02/03-01-08-02-01-02-02.wav,2,surprised
/Users/praketmehta/Desktop/multimodal_fusion_code/ravdessDATASET/Audio_Speech_Actors_01-24/Actor_02/03-01-08-01-02-02-02.wav,2,surprised
/Users/praketmehta/Desktop/multimodal_fusion_code/ravdessDATASET/Audio_Speech_Actors_01-24/Actor_02/03-01-01-01-02-01-02.wav,2,neutral
/Users/praketmehta/Desktop/multimodal_fusion_code/ravdessDATASET/Audio_Speech_Actors_01-24/Actor_02/03-01-02-01-02-02-02.wav,2,calm
/Users/praketmehta/Desktop/multimodal_fusion_code/ravdessDATASET/Audio_Speech_Actors_01-24/Actor_02/03-01-02-02-01-02-02.wav,2,calm
/Users/praketmehta/Desktop/multimodal_fusion_code/ravdessDATASET/Audio_Speech_Actors_01-24/Actor_02/03-01-03-01-01-01-02.wav,2,happy
/Users/praketmehta/Desktop/multimodal_fusion_code/ravdessDATASET/Audio_Speech_Actors_01-24/Actor_02/03-01-03-02-02-01-02.wav,2,happy
/Users/praketmehta/Desktop/multimodal_fusion_code/ravdessDATASET/Audio_Speech_Actors_01-24/Actor_02/03-01-04-02-02-01-02.wav,2,sad
/Users/praketmehta/Desktop/multimodal_fusion_code/ravdessDATASET/Audio_Speech_Actors_01-24/Actor_02/03-01-07-02-02-02-02.wav,2,disgust
/Users/praketmehta/Desktop/multimodal_fusion_code/ravdessDATASET/Audio_Speech_Actors_01-24/Actor_02/03-01-07-01-01-02-02.wav,2,disgust
/Users/praketmehta/Desktop/multimodal_fusion_code/ravdessDATASET/Audio_Speech_Actors_01-24/Actor_02/03-01-04-01-01-01-02.wav,2,sad
/Users/praketmehta/Desktop/multimodal_fusion_code/ravdessDATASET/Audio_Speech_Actors_01-24/Actor_02/03-01-06-02-01-01-02.wav,2,fearful
/Users/praketmehta/Desktop/multimodal_fusion_code/ravdessDATASET/Audio_Speech_Actors_01-24/Actor_02/03-01-05-02-01-02-02.wav,2,angry
/Users/praketmehta/Desktop/multimodal_fusion_code/ravdessDATASET/Audio_Speech_Actors_01-24/Actor_02/03-01-05-01-02-02-02.wav,2,angry
/Users/praketmehta/Desktop/multimodal_fusion_code/ravdessDATASET/Audio_Speech_Actors_01-24/Actor_02/03-01-06-01-02-01-02.wav,2,fearful
/Users/praketmehta/Desktop/multimodal_fusion_code/ravdessDATASET/Audio_Speech_Actors_01-24/Actor_02/03-01-08-01-01-02-02.wav,2,surprised
/Users/praketmehta/Desktop/multimodal_fusion_code/ravdessDATASET/Audio_Speech_Actors_01-24/Actor_02/03-01-08-02-02-02-02.wav,2,surprised
/Users/praketmehta/Desktop/multimodal_fusion_code/ravdessDATASET/Audio_Speech_Actors_01-24/Actor_02/03-01-07-02-01-01-02.wav,2,disgust
/Users/praketmehta/Desktop/multimodal_fusion_code/ravdessDATASET/Audio_Speech_Actors_01-24/Actor_02/03-01-04-02-01-02-02.wav,2,sad
/Users/praketmehta/Desktop/multimodal_fusion_code/ravdessDATASET/Audio_Speech_Actors_01-24/Actor_02/03-01-04-01-02-02-02.wav,2,sad
/Users/praketmehta/Desktop/multimodal_fusion_code/ravdessDATASET/Audio_Speech_Actors_01-24/Actor_02/03-01-07-01-02-01-02.wav,2,disgust
/Users/praketmehta/Desktop/multimodal_fusion_code/ravdessDATASET/Audio_Speech_Actors_01-24/Actor_02/03-01-05-02-02-01-02.wav,2,angry
/Users/praketmehta/Desktop/multimodal_fusion_code/ravdessDATASET/Audio_Speech_Actors_01-24/Actor_02/03-01-06-02-02-02-02.wav,2,fearful
/Users/praketmehta/Desktop/multimodal_fusion_code/ravdessDATASET/Audio_Speech_Actors_01-24/Actor_02/03-01-06-01-01-02-02.wav,2,fearful
/Users/praketmehta/Desktop/multimodal_fusion_code/ravdessDATASET/Audio_Speech_Actors_01-24/Actor_02/03-01-05-01-01-01-02.wav,2,angry
/Users/praketmehta/Desktop/multimodal_fusion_code/ravdessDATASET/Audio_Speech_Actors_01-24/Actor_02/03-01-08-01-02-01-02.wav,2,surprised
/Users/praketmehta/Desktop/multimodal_fusion_code/ravdessDATASET/Audio_Speech_Actors_01-24/Actor_02/03-01-08-02-01-01-02.wav,2,surprised
/Users/praketmehta/Desktop/multimodal_fusion_code/ravdessDATASET/Audio_Speech_Actors_01-24/Actor_02/03-01-02-01-01-01-02.wav,2,calm
/Users/praketmehta/Desktop/multimodal_fusion_code/ravdessDATASET/Audio_Speech_Actors_01-24/Actor_02/03-01-01-01-01-02-02.wav,2,neutral
/Users/praketmehta/Desktop/multimodal_fusion_code/ravdessDATASET/Audio_Speech_Actors_01-24/Actor_02/03-01-02-02-02-01-02.wav,2,calm
/Users/praketmehta/Desktop/multimodal_fusion_code/ravdessDATASET/Audio_Speech_Actors_01-24/Actor_02/03-01-03-01-02-02-02.wav,2,happy
/Users/praketmehta/Desktop/multimodal_fusion_code/ravdessDATASET/Audio_Speech_Actors_01-24/Actor_02/03-01-03-02-01-02-02.wav,2,happy
/Users/praketmehta/Desktop/multimodal_fusion_code/ravdessDATASET/Audio_Speech_Actors_01-24/Actor_03/03-01-04-02-02-02-03.wav,3,sad
/Users/praketmehta/Desktop/multimodal_fusion_code/ravdessDATASET/Audio_Speech_Actors_01-24/Actor_03/03-01-07-02-02-01-03.wav,3,disgust
/Users/praketmehta/Desktop/multimodal_fusion_code/ravdessDATASET/Audio_Speech_Actors_01-24/Actor_03/03-01-07-01-01-01-03.wav,3,disgust
/Users/praketmehta/Desktop/multimodal_fusion_code/ravdessDATASET/Audio_Speech_Actors_01-24/Actor_03/03-01-04-01-01-02-03.wav,3,sad
/Users/praketmehta/Desktop/multimodal_fusion_code/ravdessDATASET/Audio_Speech_Actors_01-24/Actor_03/03-01-06-02-01-02-03.wav,3,fearful
/Users/praketmehta/Desktop/multimodal_fusion_code/ravdessDATASET/Audio_Speech_Actors_01-24/Actor_03/03-01-05-02-01-01-03.wav,3,angry
/Users/praketmehta/Desktop/multimodal_fusion_code/ravdessDATASET/Audio_Speech_Actors_01-24/Actor_03/03-01-05-01-02-01-03.wav,3,angry
/Users/praketmehta/Desktop/multimodal_fusion_code/ravdessDATASET/Audio_Speech_Actors_01-24/Actor_03/03-01-06-01-02-02-03.wav,3,fearful
/Users/praketmehta/Desktop/multimodal_fusion_code/ravdessDATASET/Audio_Speech_Actors_01-24/Actor_03/03-01-08-01-01-01-03.wav,3,surprised
/Users/praketmehta/Desktop/multimodal_fusion_code/ravdessDATASET/Audio_Speech_Actors_01-24/Actor_03/03-01-08-02-02-01-03.wav,3,surprised
/Users/praketmehta/Desktop/multimodal_fusion_code/ravdessDATASET/Audio_Speech_Actors_01-24/Actor_03/03-01-01-01-02-02-03.wav,3,neutral
/Users/praketmehta/Desktop/multimodal_fusion_code/ravdessDATASET/Audio_Speech_Actors_01-24/Actor_03/03-01-02-01-02-01-03.wav,3,calm
/Users/praketmehta/Desktop/multimodal_fusion_code/ravdessDATASET/Audio_Speech_Actors_01-24/Actor_03/03-01-02-02-01-01-03.wav,3,calm
/Users/praketmehta/Desktop/multimodal_fusion_code/ravdessDATASET/Audio_Speech_Actors_01-24/Actor_03/03-01-03-01-01-02-03.wav,3,happy
/Users/praketmehta/Desktop/multimodal_fusion_code/ravdessDATASET/Audio_Speech_Actors_01-24/Actor_03/03-01-03-02-02-02-03.wav,3,happy
/Users/praketmehta/Desktop/multimodal_fusion_code/ravdessDATASET/Audio_Speech_Actors_01-24/Actor_03/03-01-02-01-01-02-03.wav,3,calm
/Users/praketmehta/Desktop/multimodal_fusion_code/ravdessDATASET/Audio_Speech_Actors_01-24/Actor_03/03-01-01-01-01-01-03.wav,3,neutral
/Users/praketmehta/Desktop/multimodal_fusion_code/ravdessDATASET/Audio_Speech_Actors_01-24/Actor_03/03-01-02-02-02-02-03.wav,3,calm
/Users/praketmehta/Desktop/multimodal_fusion_code/ravdessDATASET/Audio_Speech_Actors_01-24/Actor_03/03-01-03-01-02-01-03.wav,3,happy
/Users/praketmehta/Desktop/multimodal_fusion_code/ravdessDATASET/Audio_Speech_Actors_01-24/Actor_03/03-01-03-02-01-01-03.wav,3,happy
/Users/praketmehta/Desktop/multimodal_fusion_code/ravdessDATASET/Audio_Speech_Actors_01-24/Actor_03/03-01-07-02-01-02-03.wav,3,disgust
/Users/praketmehta/Desktop/multimodal_fusion_code/ravdessDATASET/Audio_Speech_Actors_01-24/Actor_03/03-01-04-02-01-01-03.wav,3,sad
/Users/praketmehta/Desktop/multimodal_fusion_code/ravdessDATASET/Audio_Speech_Actors_01-24/Actor_03/03-01-04-01-02-01-03.wav,3,sad
/Users/praketmehta/Desktop/multimodal_fusion_code/ravdessDATASET/Audio_Speech_Actors_01-24/Actor_03/03-01-07-01-02-02-03.wav,3,disgust
/Users/praketmehta/Desktop/multimodal_fusion_code/ravdessDATASET/Audio_Speech_Actors_01-24/Actor_03/03-01-05-02-02-02-03.wav,3,angry
/Users/praketmehta/Desktop/multimodal_fusion_code/ravdessDATASET/Audio_Speech_Actors_01-24/Actor_03/03-01-06-02-02-01-03.wav,3,fearful
/Users/praketmehta/Desktop/multimodal_fusion_code/ravdessDATASET/Audio_Speech_Actors_01-24/Actor_03/03-01-06-01-01-01-03.wav,3,fearful
/Users/praketmehta/Desktop/multimodal_fusion_code/ravdessDATASET/Audio_Speech_Actors_01-24/Actor_03/03-01-05-01-01-02-03.wav,3,angry
/Users/praketmehta/Desktop/multimodal_fusion_code/ravdessDATASET/Audio_Speech_Actors_01-24/Actor_03/03-01-08-01-02-02-03.wav,3,surprised
/Users/praketmehta/Desktop/multimodal_fusion_code/ravdessDATASET/Audio_Speech_Actors_01-24/Actor_03/03-01-08-02-01-02-03.wav,3,surprised
/Users/praketmehta/Desktop/multimodal_fusion_code/ravdessDATASET/Audio_Speech_Actors_01-24/Actor_03/03-01-03-02-02-01-03.wav,3,happy
/Users/praketmehta/Desktop/multimodal_fusion_code/ravdessDATASET/Audio_Speech_Actors_01-24/Actor_03/03-01-03-01-01-01-03.wav,3,happy
/Users/praketmehta/Desktop/multimodal_fusion_code/ravdessDATASET/Audio_Speech_Actors_01-24/Actor_03/03-01-02-02-01-02-03.wav,3,calm
/Users/praketmehta/Desktop/multimodal_fusion_code/ravdessDATASET/Audio_Speech_Actors_01-24/Actor_03/03-01-02-01-02-02-03.wav,3,calm
/Users/praketmehta/Desktop/multimodal_fusion_code/ravdessDATASET/Audio_Speech_Actors_01-24/Actor_03/03-01-01-01-02-01-03.wav,3,neutral
/Users/praketmehta/Desktop/multimodal_fusion_code/ravdessDATASET/Audio_Speech_Actors_01-24/Actor_03/03-01-06-01-02-01-03.wav,3,fearful
/Users/praketmehta/Desktop/multimodal_fusion_code/ravdessDATASET/Audio_Speech_Actors_01-24/Actor_03/03-01-05-01-02-02-03.wav,3,angry
/Users/praketmehta/Desktop/multimodal_fusion_code/ravdessDATASET/Audio_Speech_Actors_01-24/Actor_03/03-01-05-02-01-02-03.wav,3,angry
/Users/praketmehta/Desktop/multimodal_fusion_code/ravdessDATASET/Audio_Speech_Actors_01-24/Actor_03/03-01-06-02-01-01-03.wav,3,fearful
/Users/praketmehta/Desktop/multimodal_fusion_code/ravdessDATASET/Audio_Speech_Actors_01-24/Actor_03/03-01-04-01-01-01-03.wav,3,sad
/Users/praketmehta/Desktop/multimodal_fusion_code/ravdessDATASET/Audio_Speech_Actors_01-24/Actor_03/03-01-07-01-01-02-03.wav,3,disgust
/Users/praketmehta/Desktop/multimodal_fusion_code/ravdessDATASET/Audio_Speech_Actors_01-24/Actor_03/03-01-07-02-02-02-03.wav,3,disgust
/Users/praketmehta/Desktop/multimodal_fusion_code/ravdessDATASET/Audio_Speech_Actors_01-24/Actor_03/03-01-04-02-02-01-03.wav,3,sad
/Users/praketmehta/Desktop/multimodal_fusion_code/ravdessDATASET/Audio_Speech_Actors_01-24/Actor_03/03-01-08-02-02-02-03.wav,3,surprised
/Users/praketmehta/Desktop/multimodal_fusion_code/ravdessDATASET/Audio_Speech_Actors_01-24/Actor_03/03-01-08-01-01-02-03.wav,3,surprised
/Users/praketmehta/Desktop/multimodal_fusion_code/ravdessDATASET/Audio_Speech_Actors_01-24/Actor_03/03-01-05-01-01-01-03.wav,3,angry
/Users/praketmehta/Desktop/multimodal_fusion_code/ravdessDATASET/Audio_Speech_Actors_01-24/Actor_03/03-01-06-01-01-02-03.wav,3,fearful
/Users/praketmehta/Desktop/multimodal_fusion_code/ravdessDATASET/Audio_Speech_Actors_01-24/Actor_03/03-01-06-02-02-02-03.wav,3,fearful
/Users/praketmehta/Desktop/multimodal_fusion_code/ravdessDATASET/Audio_Speech_Actors_01-24/Actor_03/03-01-05-02-02-01-03.wav,3,angry
/Users/praketmehta/Desktop/multimodal_fusion_code/ravdessDATASET/Audio_Speech_Actors_01-24/Actor_03/03-01-07-01-02-01-03.wav,3,disgust
/Users/praketmehta/Desktop/multimodal_fusion_code/ravdessDATASET/Audio_Speech_Actors_01-24/Actor_03/03-01-04-01-02-02-03.wav,3,sad
/Users/praketmehta/Desktop/multimodal_fusion_code/ravdessDATASET/Audio_Speech_Actors_01-24/Actor_03/03-01-04-02-01-02-03.wav,3,sad
/Users/praketmehta/Desktop/multimodal_fusion_code/ravdessDATASET/Audio_Speech_Actors_01-24/Actor_03/03-01-07-02-01-01-03.wav,3,disgust
/Users/praketmehta/Desktop/multimodal_fusion_code/ravdessDATASET/Audio_Speech_Actors_01-24/Actor_03/03-01-08-02-01-01-03.wav,3,surprised
/Users/praketmehta/Desktop/multimodal_fusion_code/ravdessDATASET/Audio_Speech_Actors_01-24/Actor_03/03-01-08-01-02-01-03.wav,3,surprised
/Users/praketmehta/Desktop/multimodal_fusion_code/ravdessDATASET/Audio_Speech_Actors_01-24/Actor_03/03-01-03-02-01-02-03.wav,3,happy
/Users/praketmehta/Desktop/multimodal_fusion_code/ravdessDATASET/Audio_Speech_Actors_01-24/Actor_03/03-01-03-01-02-02-03.wav,3,happy
/Users/praketmehta/Desktop/multimodal_fusion_code/ravdessDATASET/Audio_Speech_Actors_01-24/Actor_03/03-01-02-02-02-01-03.wav,3,calm
/Users/praketmehta/Desktop/multimodal_fusion_code/ravdessDATASET/Audio_Speech_Actors_01-24/Actor_03/03-01-01-01-01-02-03.wav,3,neutral
/Users/praketmehta/Desktop/multimodal_fusion_code/ravdessDATASET/Audio_Speech_Actors_01-24/Actor_03/03-01-02-01-01-01-03.wav,3,calm
/Users/praketmehta/Desktop/multimodal_fusion_code/ravdessDATASET/Audio_Speech_Actors_01-24/Actor_04/03-01-03-02-02-02-04.wav,4,happy
/Users/praketmehta/Desktop/multimodal_fusion_code/ravdessDATASET/Audio_Speech_Actors_01-24/Actor_04/03-01-03-01-01-02-04.wav,4,happy
/Users/praketmehta/Desktop/multimodal_fusion_code/ravdessDATASET/Audio_Speech_Actors_01-24/Actor_04/03-01-02-02-01-01-04.wav,4,calm
/Users/praketmehta/Desktop/multimodal_fusion_code/ravdessDATASET/Audio_Speech_Actors_01-24/Actor_04/03-01-01-01-02-02-04.wav,4,neutral
/Users/praketmehta/Desktop/multimodal_fusion_code/ravdessDATASET/Audio_Speech_Actors_01-24/Actor_04/03-01-02-01-02-01-04.wav,4,calm
/Users/praketmehta/Desktop/multimodal_fusion_code/ravdessDATASET/Audio_Speech_Actors_01-24/Actor_04/03-01-05-01-02-01-04.wav,4,angry
/Users/praketmehta/Desktop/multimodal_fusion_code/ravdessDATASET/Audio_Speech_Actors_01-24/Actor_04/03-01-06-01-02-02-04.wav,4,fearful
/Users/praketmehta/Desktop/multimodal_fusion_code/ravdessDATASET/Audio_Speech_Actors_01-24/Actor_04/03-01-06-02-01-02-04.wav,4,fearful
/Users/praketmehta/Desktop/multimodal_fusion_code/ravdessDATASET/Audio_Speech_Actors_01-24/Actor_04/03-01-05-02-01-01-04.wav,4,angry
/Users/praketmehta/Desktop/multimodal_fusion_code/ravdessDATASET/Audio_Speech_Actors_01-24/Actor_04/03-01-07-01-01-01-04.wav,4,disgust
/Users/praketmehta/Desktop/multimodal_fusion_code/ravdessDATASET/Audio_Speech_Actors_01-24/Actor_04/03-01-04-01-01-02-04.wav,4,sad
/Users/praketmehta/Desktop/multimodal_fusion_code/ravdessDATASET/Audio_Speech_Actors_01-24/Actor_04/03-01-04-02-02-02-04.wav,4,sad
/Users/praketmehta/Desktop/multimodal_fusion_code/ravdessDATASET/Audio_Speech_Actors_01-24/Actor_04/03-01-07-02-02-01-04.wav,4,disgust
/Users/praketmehta/Desktop/multimodal_fusion_code/ravdessDATASET/Audio_Speech_Actors_01-24/Actor_04/03-01-08-02-02-01-04.wav,4,surprised
/Users/praketmehta/Desktop/multimodal_fusion_code/ravdessDATASET/Audio_Speech_Actors_01-24/Actor_04/03-01-08-01-01-01-04.wav,4,surprised
/Users/praketmehta/Desktop/multimodal_fusion_code/ravdessDATASET/Audio_Speech_Actors_01-24/Actor_04/03-01-06-01-01-01-04.wav,4,fearful
/Users/praketmehta/Desktop/multimodal_fusion_code/ravdessDATASET/Audio_Speech_Actors_01-24/Actor_04/03-01-05-01-01-02-04.wav,4,angry
/Users/praketmehta/Desktop/multimodal_fusion_code/ravdessDATASET/Audio_Speech_Actors_01-24/Actor_04/03-01-05-02-02-02-04.wav,4,angry
/Users/praketmehta/Desktop/multimodal_fusion_code/ravdessDATASET/Audio_Speech_Actors_01-24/Actor_04/03-01-06-02-02-01-04.wav,4,fearful
/Users/praketmehta/Desktop/multimodal_fusion_code/ravdessDATASET/Audio_Speech_Actors_01-24/Actor_04/03-01-04-01-02-01-04.wav,4,sad
/Users/praketmehta/Desktop/multimodal_fusion_code/ravdessDATASET/Audio_Speech_Actors_01-24/Actor_04/03-01-07-01-02-02-04.wav,4,disgust
/Users/praketmehta/Desktop/multimodal_fusion_code/ravdessDATASET/Audio_Speech_Actors_01-24/Actor_04/03-01-07-02-01-02-04.wav,4,disgust
/Users/praketmehta/Desktop/multimodal_fusion_code/ravdessDATASET/Audio_Speech_Actors_01-24/Actor_04/03-01-04-02-01-01-04.wav,4,sad
/Users/praketmehta/Desktop/multimodal_fusion_code/ravdessDATASET/Audio_Speech_Actors_01-24/Actor_04/03-01-08-02-01-02-04.wav,4,surprised
/Users/praketmehta/Desktop/multimodal_fusion_code/ravdessDATASET/Audio_Speech_Actors_01-24/Actor_04/03-01-08-01-02-02-04.wav,4,surprised
/Users/praketmehta/Desktop/multimodal_fusion_code/ravdessDATASET/Audio_Speech_Actors_01-24/Actor_04/03-01-03-02-01-01-04.wav,4,happy
/Users/praketmehta/Desktop/multimodal_fusion_code/ravdessDATASET/Audio_Speech_Actors_01-24/Actor_04/03-01-03-01-02-01-04.wav,4,happy
/Users/praketmehta/Desktop/multimodal_fusion_code/ravdessDATASET/Audio_Speech_Actors_01-24/Actor_04/03-01-02-02-02-02-04.wav,4,calm
/Users/praketmehta/Desktop/multimodal_fusion_code/ravdessDATASET/Audio_Speech_Actors_01-24/Actor_04/03-01-02-01-01-02-04.wav,4,calm
/Users/praketmehta/Desktop/multimodal_fusion_code/ravdessDATASET/Audio_Speech_Actors_01-24/Actor_04/03-01-01-01-01-01-04.wav,4,neutral
/Users/praketmehta/Desktop/multimodal_fusion_code/ravdessDATASET/Audio_Speech_Actors_01-24/Actor_04/03-01-07-02-02-02-04.wav,4,disgust
/Users/praketmehta/Desktop/multimodal_fusion_code/ravdessDATASET/Audio_Speech_Actors_01-24/Actor_04/03-01-04-02-02-01-04.wav,4,sad
/Users/praketmehta/Desktop/multimodal_fusion_code/ravdessDATASET/Audio_Speech_Actors_01-24/Actor_04/03-01-04-01-01-01-04.wav,4,sad
/Users/praketmehta/Desktop/multimodal_fusion_code/ravdessDATASET/Audio_Speech_Actors_01-24/Actor_04/03-01-07-01-01-02-04.wav,4,disgust
/Users/praketmehta/Desktop/multimodal_fusion_code/ravdessDATASET/Audio_Speech_Actors_01-24/Actor_04/03-01-05-02-01-02-04.wav,4,angry
/Users/praketmehta/Desktop/multimodal_fusion_code/ravdessDATASET/Audio_Speech_Actors_01-24/Actor_04/03-01-06-02-01-01-04.wav,4,fearful
/Users/praketmehta/Desktop/multimodal_fusion_code/ravdessDATASET/Audio_Speech_Actors_01-24/Actor_04/03-01-06-01-02-01-04.wav,4,fearful
/Users/praketmehta/Desktop/multimodal_fusion_code/ravdessDATASET/Audio_Speech_Actors_01-24/Actor_04/03-01-05-01-02-02-04.wav,4,angry
/Users/praketmehta/Desktop/multimodal_fusion_code/ravdessDATASET/Audio_Speech_Actors_01-24/Actor_04/03-01-08-01-01-02-04.wav,4,surprised
/Users/praketmehta/Desktop/multimodal_fusion_code/ravdessDATASET/Audio_Speech_Actors_01-24/Actor_04/03-01-08-02-02-02-04.wav,4,surprised
/Users/praketmehta/Desktop/multimodal_fusion_code/ravdessDATASET/Audio_Speech_Actors_01-24/Actor_04/03-01-02-01-02-02-04.wav,4,calm
/Users/praketmehta/Desktop/multimodal_fusion_code/ravdessDATASET/Audio_Speech_Actors_01-24/Actor_04/03-01-01-01-02-01-04.wav,4,neutral
/Users/praketmehta/Desktop/multimodal_fusion_code/ravdessDATASET/Audio_Speech_Actors_01-24/Actor_04/03-01-02-02-01-02-04.wav,4,calm
/Users/praketmehta/Desktop/multimodal_fusion_code/ravdessDATASET/Audio_Speech_Actors_01-24/Actor_04/03-01-03-01-01-01-04.wav,4,happy
/Users/praketmehta/Desktop/multimodal_fusion_code/ravdessDATASET/Audio_Speech_Actors_01-24/Actor_04/03-01-03-02-02-01-04.wav,4,happy
/Users/praketmehta/Desktop/multimodal_fusion_code/ravdessDATASET/Audio_Speech_Actors_01-24/Actor_04/03-01-01-01-01-02-04.wav,4,neutral
/Users/praketmehta/Desktop/multimodal_fusion_code/ravdessDATASET/Audio_Speech_Actors_01-24/Actor_04/03-01-02-01-01-01-04.wav,4,calm
/Users/praketmehta/Desktop/multimodal_fusion_code/ravdessDATASET/Audio_Speech_Actors_01-24/Actor_04/03-01-02-02-02-01-04.wav,4,calm
/Users/praketmehta/Desktop/multimodal_fusion_code/ravdessDATASET/Audio_Speech_Actors_01-24/Actor_04/03-01-03-01-02-02-04.wav,4,happy
/Users/praketmehta/Desktop/multimodal_fusion_code/ravdessDATASET/Audio_Speech_Actors_01-24/Actor_04/03-01-03-02-01-02-04.wav,4,happy
/Users/praketmehta/Desktop/multimodal_fusion_code/ravdessDATASET/Audio_Speech_Actors_01-24/Actor_04/03-01-04-02-01-02-04.wav,4,sad
/Users/praketmehta/Desktop/multimodal_fusion_code/ravdessDATASET/Audio_Speech_Actors_01-24/Actor_04/03-01-07-02-01-01-04.wav,4,disgust
/Users/praketmehta/Desktop/multimodal_fusion_code/ravdessDATASET/Audio_Speech_Actors_01-24/Actor_04/03-01-07-01-02-01-04.wav,4,disgust
/Users/praketmehta/Desktop/multimodal_fusion_code/ravdessDATASET/Audio_Speech_Actors_01-24/Actor_04/03-01-04-01-02-02-04.wav,4,sad
/Users/praketmehta/Desktop/multimodal_fusion_code/ravdessDATASET/Audio_Speech_Actors_01-24/Actor_04/03-01-06-02-02-02-04.wav,4,fearful
/Users/praketmehta/Desktop/multimodal_fusion_code/ravdessDATASET/Audio_Speech_Actors_01-24/Actor_04/03-01-05-02-02-01-04.wav,4,angry
/Users/praketmehta/Desktop/multimodal_fusion_code/ravdessDATASET/Audio_Speech_Actors_01-24/Actor_04/03-01-05-01-01-01-04.wav,4,angry
/Users/praketmehta/Desktop/multimodal_fusion_code/ravdessDATASET/Audio_Speech_Actors_01-24/Actor_04/03-01-06-01-01-02-04.wav,4,fearful
/Users/praketmehta/Desktop/multimodal_fusion_code/ravdessDATASET/Audio_Speech_Actors_01-24/Actor_04/03-01-08-01-02-01-04.wav,4,surprised
/Users/praketmehta/Desktop/multimodal_fusion_code/ravdessDATASET/Audio_Speech_Actors_01-24/Actor_04/03-01-08-02-01-01-04.wav,4,surprised
/Users/praketmehta/Desktop/multimodal_fusion_code/ravdessDATASET/Audio_Speech_Actors_01-24/Actor_05/03-01-02-01-02-01-05.wav,5,calm
/Users/praketmehta/Desktop/multimodal_fusion_code/ravdessDATASET/Audio_Speech_Actors_01-24/Actor_05/03-01-01-01-02-02-05.wav,5,neutral
/Users/praketmehta/Desktop/multimodal_fusion_code/ravdessDATASET/Audio_Speech_Actors_01-24/Actor_05/03-01-02-02-01-01-05.wav,5,calm
/Users/praketmehta/Desktop/multimodal_fusion_code/ravdessDATASET/Audio_Speech_Actors_01-24/Actor_05/03-01-03-01-01-02-05.wav,5,happy
/Users/praketmehta/Desktop/multimodal_fusion_code/ravdessDATASET/Audio_Speech_Actors_01-24/Actor_05/03-01-03-02-02-02-05.wav,5,happy
/Users/praketmehta/Desktop/multimodal_fusion_code/ravdessDATASET/Audio_Speech_Actors_01-24/Actor_05/03-01-07-02-02-01-05.wav,5,disgust
/Users/praketmehta/Desktop/multimodal_fusion_code/ravdessDATASET/Audio_Speech_Actors_01-24/Actor_05/03-01-04-02-02-02-05.wav,5,sad
/Users/praketmehta/Desktop/multimodal_fusion_code/ravdessDATASET/Audio_Speech_Actors_01-24/Actor_05/03-01-04-01-01-02-05.wav,5,sad
/Users/praketmehta/Desktop/multimodal_fusion_code/ravdessDATASET/Audio_Speech_Actors_01-24/Actor_05/03-01-07-01-01-01-05.wav,5,disgust
/Users/praketmehta/Desktop/multimodal_fusion_code/ravdessDATASET/Audio_Speech_Actors_01-24/Actor_05/03-01-05-02-01-01-05.wav,5,angry
/Users/praketmehta/Desktop/multimodal_fusion_code/ravdessDATASET/Audio_Speech_Actors_01-24/Actor_05/03-01-06-02-01-02-05.wav,5,fearful
/Users/praketmehta/Desktop/multimodal_fusion_code/ravdessDATASET/Audio_Speech_Actors_01-24/Actor_05/03-01-06-01-02-02-05.wav,5,fearful
/Users/praketmehta/Desktop/multimodal_fusion_code/ravdessDATASET/Audio_Speech_Actors_01-24/Actor_05/03-01-05-01-02-01-05.wav,5,angry
/Users/praketmehta/Desktop/multimodal_fusion_code/ravdessDATASET/Audio_Speech_Actors_01-24/Actor_05/03-01-08-01-01-01-05.wav,5,surprised
/Users/praketmehta/Desktop/multimodal_fusion_code/ravdessDATASET/Audio_Speech_Actors_01-24/Actor_05/03-01-08-02-02-01-05.wav,5,surprised
/Users/praketmehta/Desktop/multimodal_fusion_code/ravdessDATASET/Audio_Speech_Actors_01-24/Actor_05/03-01-04-02-01-01-05.wav,5,sad
/Users/praketmehta/Desktop/multimodal_fusion_code/ravdessDATASET/Audio_Speech_Actors_01-24/Actor_05/03-01-07-02-01-02-05.wav,5,disgust
/Users/praketmehta/Desktop/multimodal_fusion_code/ravdessDATASET/Audio_Speech_Actors_01-24/Actor_05/03-01-07-01-02-02-05.wav,5,disgust
/Users/praketmehta/Desktop/multimodal_fusion_code/ravdessDATASET/Audio_Speech_Actors_01-24/Actor_05/03-01-04-01-02-01-05.wav,5,sad
/Users/praketmehta/Desktop/multimodal_fusion_code/ravdessDATASET/Audio_Speech_Actors_01-24/Actor_05/03-01-06-02-02-01-05.wav,5,fearful
/Users/praketmehta/Desktop/multimodal_fusion_code/ravdessDATASET/Audio_Speech_Actors_01-24/Actor_05/03-01-05-02-02-02-05.wav,5,angry
/Users/praketmehta/Desktop/multimodal_fusion_code/ravdessDATASET/Audio_Speech_Actors_01-24/Actor_05/03-01-05-01-01-02-05.wav,5,angry
/Users/praketmehta/Desktop/multimodal_fusion_code/ravdessDATASET/Audio_Speech_Actors_01-24/Actor_05/03-01-06-01-01-01-05.wav,5,fearful
/Users/praketmehta/Desktop/multimodal_fusion_code/ravdessDATASET/Audio_Speech_Actors_01-24/Actor_05/03-01-08-01-02-02-05.wav,5,surprised
/Users/praketmehta/Desktop/multimodal_fusion_code/ravdessDATASET/Audio_Speech_Actors_01-24/Actor_05/03-01-08-02-01-02-05.wav,5,surprised
/Users/praketmehta/Desktop/multimodal_fusion_code/ravdessDATASET/Audio_Speech_Actors_01-24/Actor_05/03-01-01-01-01-01-05.wav,5,neutral
/Users/praketmehta/Desktop/multimodal_fusion_code/ravdessDATASET/Audio_Speech_Actors_01-24/Actor_05/03-01-02-01-01-02-05.wav,5,calm
/Users/praketmehta/Desktop/multimodal_fusion_code/ravdessDATASET/Audio_Speech_Actors_01-24/Actor_05/03-01-02-02-02-02-05.wav,5,calm
/Users/praketmehta/Desktop/multimodal_fusion_code/ravdessDATASET/Audio_Speech_Actors_01-24/Actor_05/03-01-03-01-02-01-05.wav,5,happy
/Users/praketmehta/Desktop/multimodal_fusion_code/ravdessDATASET/Audio_Speech_Actors_01-24/Actor_05/03-01-03-02-01-01-05.wav,5,happy
/Users/praketmehta/Desktop/multimodal_fusion_code/ravdessDATASET/Audio_Speech_Actors_01-24/Actor_05/03-01-05-01-02-02-05.wav,5,angry
/Users/praketmehta/Desktop/multimodal_fusion_code/ravdessDATASET/Audio_Speech_Actors_01-24/Actor_05/03-01-06-01-02-01-05.wav,5,fearful
/Users/praketmehta/Desktop/multimodal_fusion_code/ravdessDATASET/Audio_Speech_Actors_01-24/Actor_05/03-01-06-02-01-01-05.wav,5,fearful
/Users/praketmehta/Desktop/multimodal_fusion_code/ravdessDATASET/Audio_Speech_Actors_01-24/Actor_05/03-01-05-02-01-02-05.wav,5,angry
/Users/praketmehta/Desktop/multimodal_fusion_code/ravdessDATASET/Audio_Speech_Actors_01-24/Actor_05/03-01-07-01-01-02-05.wav,5,disgust
/Users/praketmehta/Desktop/multimodal_fusion_code/ravdessDATASET/Audio_Speech_Actors_01-24/Actor_05/03-01-04-01-01-01-05.wav,5,sad
/Users/praketmehta/Desktop/multimodal_fusion_code/ravdessDATASET/Audio_Speech_Actors_01-24/Actor_05/03-01-04-02-02-01-05.wav,5,sad
/Users/praketmehta/Desktop/multimodal_fusion_code/ravdessDATASET/Audio_Speech_Actors_01-24/Actor_05/03-01-07-02-02-02-05.wav,5,disgust
/Users/praketmehta/Desktop/multimodal_fusion_code/ravdessDATASET/Audio_Speech_Actors_01-24/Actor_05/03-01-08-02-02-02-05.wav,5,surprised
/Users/praketmehta/Desktop/multimodal_fusion_code/ravdessDATASET/Audio_Speech_Actors_01-24/Actor_05/03-01-08-01-01-02-05.wav,5,surprised
/Users/praketmehta/Desktop/multimodal_fusion_code/ravdessDATASET/Audio_Speech_Actors_01-24/Actor_05/03-01-03-02-02-01-05.wav,5,happy
/Users/praketmehta/Desktop/multimodal_fusion_code/ravdessDATASET/Audio_Speech_Actors_01-24/Actor_05/03-01-03-01-01-01-05.wav,5,happy
/Users/praketmehta/Desktop/multimodal_fusion_code/ravdessDATASET/Audio_Speech_Actors_01-24/Actor_05/03-01-02-02-01-02-05.wav,5,calm
/Users/praketmehta/Desktop/multimodal_fusion_code/ravdessDATASET/Audio_Speech_Actors_01-24/Actor_05/03-01-01-01-02-01-05.wav,5,neutral
/Users/praketmehta/Desktop/multimodal_fusion_code/ravdessDATASET/Audio_Speech_Actors_01-24/Actor_05/03-01-02-01-02-02-05.wav,5,calm
/Users/praketmehta/Desktop/multimodal_fusion_code/ravdessDATASET/Audio_Speech_Actors_01-24/Actor_05/03-01-03-02-01-02-05.wav,5,happy
/Users/praketmehta/Desktop/multimodal_fusion_code/ravdessDATASET/Audio_Speech_Actors_01-24/Actor_05/03-01-03-01-02-02-05.wav,5,happy
/Users/praketmehta/Desktop/multimodal_fusion_code/ravdessDATASET/Audio_Speech_Actors_01-24/Actor_05/03-01-02-02-02-01-05.wav,5,calm
/Users/praketmehta/Desktop/multimodal_fusion_code/ravdessDATASET/Audio_Speech_Actors_01-24/Actor_05/03-01-02-01-01-01-05.wav,5,calm
/Users/praketmehta/Desktop/multimodal_fusion_code/ravdessDATASET/Audio_Speech_Actors_01-24/Actor_05/03-01-01-01-01-02-05.wav,5,neutral
/Users/praketmehta/Desktop/multimodal_fusion_code/ravdessDATASET/Audio_Speech_Actors_01-24/Actor_05/03-01-06-01-01-02-05.wav,5,fearful
/Users/praketmehta/Desktop/multimodal_fusion_code/ravdessDATASET/Audio_Speech_Actors_01-24/Actor_05/03-01-05-01-01-01-05.wav,5,angry
/Users/praketmehta/Desktop/multimodal_fusion_code/ravdessDATASET/Audio_Speech_Actors_01-24/Actor_05/03-01-05-02-02-01-05.wav,5,angry
/Users/praketmehta/Desktop/multimodal_fusion_code/ravdessDATASET/Audio_Speech_Actors_01-24/Actor_05/03-01-06-02-02-02-05.wav,5,fearful
/Users/praketmehta/Desktop/multimodal_fusion_code/ravdessDATASET/Audio_Speech_Actors_01-24/Actor_05/03-01-04-01-02-02-05.wav,5,sad
/Users/praketmehta/Desktop/multimodal_fusion_code/ravdessDATASET/Audio_Speech_Actors_01-24/Actor_05/03-01-07-01-02-01-05.wav,5,disgust
/Users/praketmehta/Desktop/multimodal_fusion_code/ravdessDATASET/Audio_Speech_Actors_01-24/Actor_05/03-01-07-02-01-01-05.wav,5,disgust
/Users/praketmehta/Desktop/multimodal_fusion_code/ravdessDATASET/Audio_Speech_Actors_01-24/Actor_05/03-01-04-02-01-02-05.wav,5,sad
/Users/praketmehta/Desktop/multimodal_fusion_code/ravdessDATASET/Audio_Speech_Actors_01-24/Actor_05/03-01-08-02-01-01-05.wav,5,surprised
/Users/praketmehta/Desktop/multimodal_fusion_code/ravdessDATASET/Audio_Speech_Actors_01-24/Actor_05/03-01-08-01-02-01-05.wav,5,surprised
/Users/praketmehta/Desktop/multimodal_fusion_code/ravdessDATASET/Audio_Speech_Actors_01-24/Actor_06/03-01-01-01-02-02-06.wav,6,neutral
/Users/praketmehta/Desktop/multimodal_fusion_code/ravdessDATASET/Audio_Speech_Actors_01-24/Actor_06/03-01-02-01-02-01-06.wav,6,calm
/Users/praketmehta/Desktop/multimodal_fusion_code/ravdessDATASET/Audio_Speech_Actors_01-24/Actor_06/03-01-02-02-01-01-06.wav,6,calm
/Users/praketmehta/Desktop/multimodal_fusion_code/ravdessDATASET/Audio_Speech_Actors_01-24/Actor_06/03-01-03-01-01-02-06.wav,6,happy
/Users/praketmehta/Desktop/multimodal_fusion_code/ravdessDATASET/Audio_Speech_Actors_01-24/Actor_06/03-01-03-02-02-02-06.wav,6,happy
/Users/praketmehta/Desktop/multimodal_fusion_code/ravdessDATASET/Audio_Speech_Actors_01-24/Actor_06/03-01-08-01-01-01-06.wav,6,surprised
/Users/praketmehta/Desktop/multimodal_fusion_code/ravdessDATASET/Audio_Speech_Actors_01-24/Actor_06/03-01-08-02-02-01-06.wav,6,surprised
/Users/praketmehta/Desktop/multimodal_fusion_code/ravdessDATASET/Audio_Speech_Actors_01-24/Actor_06/03-01-04-02-02-02-06.wav,6,sad
/Users/praketmehta/Desktop/multimodal_fusion_code/ravdessDATASET/Audio_Speech_Actors_01-24/Actor_06/03-01-07-02-02-01-06.wav,6,disgust
/Users/praketmehta/Desktop/multimodal_fusion_code/ravdessDATASET/Audio_Speech_Actors_01-24/Actor_06/03-01-07-01-01-01-06.wav,6,disgust
/Users/praketmehta/Desktop/multimodal_fusion_code/ravdessDATASET/Audio_Speech_Actors_01-24/Actor_06/03-01-04-01-01-02-06.wav,6,sad
/Users/praketmehta/Desktop/multimodal_fusion_code/ravdessDATASET/Audio_Speech_Actors_01-24/Actor_06/03-01-06-02-01-02-06.wav,6,fearful
/Users/praketmehta/Desktop/multimodal_fusion_code/ravdessDATASET/Audio_Speech_Actors_01-24/Actor_06/03-01-05-02-01-01-06.wav,6,angry
/Users/praketmehta/Desktop/multimodal_fusion_code/ravdessDATASET/Audio_Speech_Actors_01-24/Actor_06/03-01-05-01-02-01-06.wav,6,angry
/Users/praketmehta/Desktop/multimodal_fusion_code/ravdessDATASET/Audio_Speech_Actors_01-24/Actor_06/03-01-06-01-02-02-06.wav,6,fearful
/Users/praketmehta/Desktop/multimodal_fusion_code/ravdessDATASET/Audio_Speech_Actors_01-24/Actor_06/03-01-08-01-02-02-06.wav,6,surprised
/Users/praketmehta/Desktop/multimodal_fusion_code/ravdessDATASET/Audio_Speech_Actors_01-24/Actor_06/03-01-08-02-01-02-06.wav,6,surprised
/Users/praketmehta/Desktop/multimodal_fusion_code/ravdessDATASET/Audio_Speech_Actors_01-24/Actor_06/03-01-07-02-01-02-06.wav,6,disgust
/Users/praketmehta/Desktop/multimodal_fusion_code/ravdessDATASET/Audio_Speech_Actors_01-24/Actor_06/03-01-04-02-01-01-06.wav,6,sad
/Users/praketmehta/Desktop/multimodal_fusion_code/ravdessDATASET/Audio_Speech_Actors_01-24/Actor_06/03-01-04-01-02-01-06.wav,6,sad
/Users/praketmehta/Desktop/multimodal_fusion_code/ravdessDATASET/Audio_Speech_Actors_01-24/Actor_06/03-01-07-01-02-02-06.wav,6,disgust
/Users/praketmehta/Desktop/multimodal_fusion_code/ravdessDATASET/Audio_Speech_Actors_01-24/Actor_06/03-01-05-02-02-02-06.wav,6,angry
/Users/praketmehta/Desktop/multimodal_fusion_code/ravdessDATASET/Audio_Speech_Actors_01-24/Actor_06/03-01-06-02-02-01-06.wav,6,fearful
/Users/praketmehta/Desktop/multimodal_fusion_code/ravdessDATASET/Audio_Speech_Actors_01-24/Actor_06/03-01-06-01-01-01-06.wav,6,fearful
/Users/praketmehta/Desktop/multimodal_fusion_code/ravdessDATASET/Audio_Speech_Actors_01-24/Actor_06/03-01-05-01-01-02-06.wav,6,angry
/Users/praketmehta/Desktop/multimodal_fusion_code/ravdessDATASET/Audio_Speech_Actors_01-24/Actor_06/03-01-02-01-01-02-06.wav,6,calm
/Users/praketmehta/Desktop/multimodal_fusion_code/ravdessDATASET/Audio_Speech_Actors_01-24/Actor_06/03-01-01-01-01-01-06.wav,6,neutral
/Users/praketmehta/Desktop/multimodal_fusion_code/ravdessDATASET/Audio_Speech_Actors_01-24/Actor_06/03-01-02-02-02-02-06.wav,6,calm
/Users/praketmehta/Desktop/multimodal_fusion_code/ravdessDATASET/Audio_Speech_Actors_01-24/Actor_06/03-01-03-01-02-01-06.wav,6,happy
/Users/praketmehta/Desktop/multimodal_fusion_code/ravdessDATASET/Audio_Speech_Actors_01-24/Actor_06/03-01-03-02-01-01-06.wav,6,happy
/Users/praketmehta/Desktop/multimodal_fusion_code/ravdessDATASET/Audio_Speech_Actors_01-24/Actor_06/03-01-08-02-02-02-06.wav,6,surprised
/Users/praketmehta/Desktop/multimodal_fusion_code/ravdessDATASET/Audio_Speech_Actors_01-24/Actor_06/03-01-08-01-01-02-06.wav,6,surprised
/Users/praketmehta/Desktop/multimodal_fusion_code/ravdessDATASET/Audio_Speech_Actors_01-24/Actor_06/03-01-06-01-02-01-06.wav,6,fearful
/Users/praketmehta/Desktop/multimodal_fusion_code/ravdessDATASET/Audio_Speech_Actors_01-24/Actor_06/03-01-05-01-02-02-06.wav,6,angry
/Users/praketmehta/Desktop/multimodal_fusion_code/ravdessDATASET/Audio_Speech_Actors_01-24/Actor_06/03-01-05-02-01-02-06.wav,6,angry
/Users/praketmehta/Desktop/multimodal_fusion_code/ravdessDATASET/Audio_Speech_Actors_01-24/Actor_06/03-01-06-02-01-01-06.wav,6,fearful
/Users/praketmehta/Desktop/multimodal_fusion_code/ravdessDATASET/Audio_Speech_Actors_01-24/Actor_06/03-01-04-01-01-01-06.wav,6,sad
/Users/praketmehta/Desktop/multimodal_fusion_code/ravdessDATASET/Audio_Speech_Actors_01-24/Actor_06/03-01-07-01-01-02-06.wav,6,disgust
/Users/praketmehta/Desktop/multimodal_fusion_code/ravdessDATASET/Audio_Speech_Actors_01-24/Actor_06/03-01-07-02-02-02-06.wav,6,disgust
/Users/praketmehta/Desktop/multimodal_fusion_code/ravdessDATASET/Audio_Speech_Actors_01-24/Actor_06/03-01-04-02-02-01-06.wav,6,sad
/Users/praketmehta/Desktop/multimodal_fusion_code/ravdessDATASET/Audio_Speech_Actors_01-24/Actor_06/03-01-03-02-02-01-06.wav,6,happy
/Users/praketmehta/Desktop/multimodal_fusion_code/ravdessDATASET/Audio_Speech_Actors_01-24/Actor_06/03-01-03-01-01-01-06.wav,6,happy
/Users/praketmehta/Desktop/multimodal_fusion_code/ravdessDATASET/Audio_Speech_Actors_01-24/Actor_06/03-01-02-02-01-02-06.wav,6,calm
/Users/praketmehta/Desktop/multimodal_fusion_code/ravdessDATASET/Audio_Speech_Actors_01-24/Actor_06/03-01-02-01-02-02-06.wav,6,calm
/Users/praketmehta/Desktop/multimodal_fusion_code/ravdessDATASET/Audio_Speech_Actors_01-24/Actor_06/03-01-01-01-02-01-06.wav,6,neutral
/Users/praketmehta/Desktop/multimodal_fusion_code/ravdessDATASET/Audio_Speech_Actors_01-24/Actor_06/03-01-03-02-01-02-06.wav,6,happy
/Users/praketmehta/Desktop/multimodal_fusion_code/ravdessDATASET/Audio_Speech_Actors_01-24/Actor_06/03-01-03-01-02-02-06.wav,6,happy
/Users/praketmehta/Desktop/multimodal_fusion_code/ravdessDATASET/Audio_Speech_Actors_01-24/Actor_06/03-01-02-02-02-01-06.wav,6,calm
/Users/praketmehta/Desktop/multimodal_fusion_code/ravdessDATASET/Audio_Speech_Actors_01-24/Actor_06/03-01-01-01-01-02-06.wav,6,neutral
/Users/praketmehta/Desktop/multimodal_fusion_code/ravdessDATASET/Audio_Speech_Actors_01-24/Actor_06/03-01-02-01-01-01-06.wav,6,calm
/Users/praketmehta/Desktop/multimodal_fusion_code/ravdessDATASET/Audio_Speech_Actors_01-24/Actor_06/03-01-08-02-01-01-06.wav,6,surprised
/Users/praketmehta/Desktop/multimodal_fusion_code/ravdessDATASET/Audio_Speech_Actors_01-24/Actor_06/03-01-08-01-02-01-06.wav,6,surprised
/Users/praketmehta/Desktop/multimodal_fusion_code/ravdessDATASET/Audio_Speech_Actors_01-24/Actor_06/03-01-05-01-01-01-06.wav,6,angry
/Users/praketmehta/Desktop/multimodal_fusion_code/ravdessDATASET/Audio_Speech_Actors_01-24/Actor_06/03-01-06-01-01-02-06.wav,6,fearful
/Users/praketmehta/Desktop/multimodal_fusion_code/ravdessDATASET/Audio_Speech_Actors_01-24/Actor_06/03-01-06-02-02-02-06.wav,6,fearful
/Users/praketmehta/Desktop/multimodal_fusion_code/ravdessDATASET/Audio_Speech_Actors_01-24/Actor_06/03-01-05-02-02-01-06.wav,6,angry
/Users/praketmehta/Desktop/multimodal_fusion_code/ravdessDATASET/Audio_Speech_Actors_01-24/Actor_06/03-01-07-01-02-01-06.wav,6,disgust
/Users/praketmehta/Desktop/multimodal_fusion_code/ravdessDATASET/Audio_Speech_Actors_01-24/Actor_06/03-01-04-01-02-02-06.wav,6,sad
/Users/praketmehta/Desktop/multimodal_fusion_code/ravdessDATASET/Audio_Speech_Actors_01-24/Actor_06/03-01-04-02-01-02-06.wav,6,sad
/Users/praketmehta/Desktop/multimodal_fusion_code/ravdessDATASET/Audio_Speech_Actors_01-24/Actor_06/03-01-07-02-01-01-06.wav,6,disgust
/Users/praketmehta/Desktop/multimodal_fusion_code/ravdessDATASET/Audio_Speech_Actors_01-24/Actor_07/03-01-03-02-02-02-07.wav,7,happy
/Users/praketmehta/Desktop/multimodal_fusion_code/ravdessDATASET/Audio_Speech_Actors_01-24/Actor_07/03-01-03-01-01-02-07.wav,7,happy
/Users/praketmehta/Desktop/multimodal_fusion_code/ravdessDATASET/Audio_Speech_Actors_01-24/Actor_07/03-01-02-02-01-01-07.wav,7,calm
/Users/praketmehta/Desktop/multimodal_fusion_code/ravdessDATASET/Audio_Speech_Actors_01-24/Actor_07/03-01-02-01-02-01-07.wav,7,calm
/Users/praketmehta/Desktop/multimodal_fusion_code/ravdessDATASET/Audio_Speech_Actors_01-24/Actor_07/03-01-01-01-02-02-07.wav,7,neutral
/Users/praketmehta/Desktop/multimodal_fusion_code/ravdessDATASET/Audio_Speech_Actors_01-24/Actor_07/03-01-08-02-02-01-07.wav,7,surprised
/Users/praketmehta/Desktop/multimodal_fusion_code/ravdessDATASET/Audio_Speech_Actors_01-24/Actor_07/03-01-08-01-01-01-07.wav,7,surprised
/Users/praketmehta/Desktop/multimodal_fusion_code/ravdessDATASET/Audio_Speech_Actors_01-24/Actor_07/03-01-06-01-02-02-07.wav,7,fearful
/Users/praketmehta/Desktop/multimodal_fusion_code/ravdessDATASET/Audio_Speech_Actors_01-24/Actor_07/03-01-05-01-02-01-07.wav,7,angry
/Users/praketmehta/Desktop/multimodal_fusion_code/ravdessDATASET/Audio_Speech_Actors_01-24/Actor_07/03-01-05-02-01-01-07.wav,7,angry
/Users/praketmehta/Desktop/multimodal_fusion_code/ravdessDATASET/Audio_Speech_Actors_01-24/Actor_07/03-01-06-02-01-02-07.wav,7,fearful
/Users/praketmehta/Desktop/multimodal_fusion_code/ravdessDATASET/Audio_Speech_Actors_01-24/Actor_07/03-01-04-01-01-02-07.wav,7,sad
/Users/praketmehta/Desktop/multimodal_fusion_code/ravdessDATASET/Audio_Speech_Actors_01-24/Actor_07/03-01-07-01-01-01-07.wav,7,disgust
/Users/praketmehta/Desktop/multimodal_fusion_code/ravdessDATASET/Audio_Speech_Actors_01-24/Actor_07/03-01-07-02-02-01-07.wav,7,disgust
/Users/praketmehta/Desktop/multimodal_fusion_code/ravdessDATASET/Audio_Speech_Actors_01-24/Actor_07/03-01-04-02-02-02-07.wav,7,sad
/Users/praketmehta/Desktop/multimodal_fusion_code/ravdessDATASET/Audio_Speech_Actors_01-24/Actor_07/03-01-08-02-01-02-07.wav,7,surprised
/Users/praketmehta/Desktop/multimodal_fusion_code/ravdessDATASET/Audio_Speech_Actors_01-24/Actor_07/03-01-08-01-02-02-07.wav,7,surprised
/Users/praketmehta/Desktop/multimodal_fusion_code/ravdessDATASET/Audio_Speech_Actors_01-24/Actor_07/03-01-05-01-01-02-07.wav,7,angry
/Users/praketmehta/Desktop/multimodal_fusion_code/ravdessDATASET/Audio_Speech_Actors_01-24/Actor_07/03-01-06-01-01-01-07.wav,7,fearful
/Users/praketmehta/Desktop/multimodal_fusion_code/ravdessDATASET/Audio_Speech_Actors_01-24/Actor_07/03-01-06-02-02-01-07.wav,7,fearful
/Users/praketmehta/Desktop/multimodal_fusion_code/ravdessDATASET/Audio_Speech_Actors_01-24/Actor_07/03-01-05-02-02-02-07.wav,7,angry
/Users/praketmehta/Desktop/multimodal_fusion_code/ravdessDATASET/Audio_Speech_Actors_01-24/Actor_07/03-01-07-01-02-02-07.wav,7,disgust
/Users/praketmehta/Desktop/multimodal_fusion_code/ravdessDATASET/Audio_Speech_Actors_01-24/Actor_07/03-01-04-01-02-01-07.wav,7,sad
/Users/praketmehta/Desktop/multimodal_fusion_code/ravdessDATASET/Audio_Speech_Actors_01-24/Actor_07/03-01-04-02-01-01-07.wav,7,sad
/Users/praketmehta/Desktop/multimodal_fusion_code/ravdessDATASET/Audio_Speech_Actors_01-24/Actor_07/03-01-07-02-01-02-07.wav,7,disgust
/Users/praketmehta/Desktop/multimodal_fusion_code/ravdessDATASET/Audio_Speech_Actors_01-24/Actor_07/03-01-03-02-01-01-07.wav,7,happy
/Users/praketmehta/Desktop/multimodal_fusion_code/ravdessDATASET/Audio_Speech_Actors_01-24/Actor_07/03-01-03-01-02-01-07.wav,7,happy
/Users/praketmehta/Desktop/multimodal_fusion_code/ravdessDATASET/Audio_Speech_Actors_01-24/Actor_07/03-01-02-02-02-02-07.wav,7,calm
/Users/praketmehta/Desktop/multimodal_fusion_code/ravdessDATASET/Audio_Speech_Actors_01-24/Actor_07/03-01-01-01-01-01-07.wav,7,neutral
/Users/praketmehta/Desktop/multimodal_fusion_code/ravdessDATASET/Audio_Speech_Actors_01-24/Actor_07/03-01-02-01-01-02-07.wav,7,calm
/Users/praketmehta/Desktop/multimodal_fusion_code/ravdessDATASET/Audio_Speech_Actors_01-24/Actor_07/03-01-08-01-01-02-07.wav,7,surprised
/Users/praketmehta/Desktop/multimodal_fusion_code/ravdessDATASET/Audio_Speech_Actors_01-24/Actor_07/03-01-08-02-02-02-07.wav,7,surprised
/Users/praketmehta/Desktop/multimodal_fusion_code/ravdessDATASET/Audio_Speech_Actors_01-24/Actor_07/03-01-04-02-02-01-07.wav,7,sad
/Users/praketmehta/Desktop/multimodal_fusion_code/ravdessDATASET/Audio_Speech_Actors_01-24/Actor_07/03-01-07-02-02-02-07.wav,7,disgust
/Users/praketmehta/Desktop/multimodal_fusion_code/ravdessDATASET/Audio_Speech_Actors_01-24/Actor_07/03-01-07-01-01-02-07.wav,7,disgust
/Users/praketmehta/Desktop/multimodal_fusion_code/ravdessDATASET/Audio_Speech_Actors_01-24/Actor_07/03-01-04-01-01-01-07.wav,7,sad
/Users/praketmehta/Desktop/multimodal_fusion_code/ravdessDATASET/Audio_Speech_Actors_01-24/Actor_07/03-01-06-02-01-01-07.wav,7,fearful
/Users/praketmehta/Desktop/multimodal_fusion_code/ravdessDATASET/Audio_Speech_Actors_01-24/Actor_07/03-01-05-02-01-02-07.wav,7,angry
/Users/praketmehta/Desktop/multimodal_fusion_code/ravdessDATASET/Audio_Speech_Actors_01-24/Actor_07/03-01-05-01-02-02-07.wav,7,angry
/Users/praketmehta/Desktop/multimodal_fusion_code/ravdessDATASET/Audio_Speech_Actors_01-24/Actor_07/03-01-06-01-02-01-07.wav,7,fearful
/Users/praketmehta/Desktop/multimodal_fusion_code/ravdessDATASET/Audio_Speech_Actors_01-24/Actor_07/03-01-01-01-02-01-07.wav,7,neutral
/Users/praketmehta/Desktop/multimodal_fusion_code/ravdessDATASET/Audio_Speech_Actors_01-24/Actor_07/03-01-02-01-02-02-07.wav,7,calm
/Users/praketmehta/Desktop/multimodal_fusion_code/ravdessDATASET/Audio_Speech_Actors_01-24/Actor_07/03-01-02-02-01-02-07.wav,7,calm
/Users/praketmehta/Desktop/multimodal_fusion_code/ravdessDATASET/Audio_Speech_Actors_01-24/Actor_07/03-01-03-01-01-01-07.wav,7,happy
/Users/praketmehta/Desktop/multimodal_fusion_code/ravdessDATASET/Audio_Speech_Actors_01-24/Actor_07/03-01-03-02-02-01-07.wav,7,happy
/Users/praketmehta/Desktop/multimodal_fusion_code/ravdessDATASET/Audio_Speech_Actors_01-24/Actor_07/03-01-02-01-01-01-07.wav,7,calm
/Users/praketmehta/Desktop/multimodal_fusion_code/ravdessDATASET/Audio_Speech_Actors_01-24/Actor_07/03-01-01-01-01-02-07.wav,7,neutral
/Users/praketmehta/Desktop/multimodal_fusion_code/ravdessDATASET/Audio_Speech_Actors_01-24/Actor_07/03-01-02-02-02-01-07.wav,7,calm
/Users/praketmehta/Desktop/multimodal_fusion_code/ravdessDATASET/Audio_Speech_Actors_01-24/Actor_07/03-01-03-01-02-02-07.wav,7,happy
/Users/praketmehta/Desktop/multimodal_fusion_code/ravdessDATASET/Audio_Speech_Actors_01-24/Actor_07/03-01-03-02-01-02-07.wav,7,happy
/Users/praketmehta/Desktop/multimodal_fusion_code/ravdessDATASET/Audio_Speech_Actors_01-24/Actor_07/03-01-08-01-02-01-07.wav,7,surprised
/Users/praketmehta/Desktop/multimodal_fusion_code/ravdessDATASET/Audio_Speech_Actors_01-24/Actor_07/03-01-08-02-01-01-07.wav,7,surprised
/Users/praketmehta/Desktop/multimodal_fusion_code/ravdessDATASET/Audio_Speech_Actors_01-24/Actor_07/03-01-07-02-01-01-07.wav,7,disgust
/Users/praketmehta/Desktop/multimodal_fusion_code/ravdessDATASET/Audio_Speech_Actors_01-24/Actor_07/03-01-04-02-01-02-07.wav,7,sad
/Users/praketmehta/Desktop/multimodal_fusion_code/ravdessDATASET/Audio_Speech_Actors_01-24/Actor_07/03-01-04-01-02-02-07.wav,7,sad
/Users/praketmehta/Desktop/multimodal_fusion_code/ravdessDATASET/Audio_Speech_Actors_01-24/Actor_07/03-01-07-01-02-01-07.wav,7,disgust
/Users/praketmehta/Desktop/multimodal_fusion_code/ravdessDATASET/Audio_Speech_Actors_01-24/Actor_07/03-01-05-02-02-01-07.wav,7,angry
/Users/praketmehta/Desktop/multimodal_fusion_code/ravdessDATASET/Audio_Speech_Actors_01-24/Actor_07/03-01-06-02-02-02-07.wav,7,fearful
/Users/praketmehta/Desktop/multimodal_fusion_code/ravdessDATASET/Audio_Speech_Actors_01-24/Actor_07/03-01-06-01-01-02-07.wav,7,fearful
/Users/praketmehta/Desktop/multimodal_fusion_code/ravdessDATASET/Audio_Speech_Actors_01-24/Actor_07/03-01-05-01-01-01-07.wav,7,angry
/Users/praketmehta/Desktop/multimodal_fusion_code/ravdessDATASET/Audio_Speech_Actors_01-24/Actor_08/03-01-08-01-02-01-08.wav,8,surprised
/Users/praketmehta/Desktop/multimodal_fusion_code/ravdessDATASET/Audio_Speech_Actors_01-24/Actor_08/03-01-08-02-01-01-08.wav,8,surprised
/Users/praketmehta/Desktop/multimodal_fusion_code/ravdessDATASET/Audio_Speech_Actors_01-24/Actor_08/03-01-07-02-01-01-08.wav,8,disgust
/Users/praketmehta/Desktop/multimodal_fusion_code/ravdessDATASET/Audio_Speech_Actors_01-24/Actor_08/03-01-04-02-01-02-08.wav,8,sad
/Users/praketmehta/Desktop/multimodal_fusion_code/ravdessDATASET/Audio_Speech_Actors_01-24/Actor_08/03-01-04-01-02-02-08.wav,8,sad
/Users/praketmehta/Desktop/multimodal_fusion_code/ravdessDATASET/Audio_Speech_Actors_01-24/Actor_08/03-01-07-01-02-01-08.wav,8,disgust
/Users/praketmehta/Desktop/multimodal_fusion_code/ravdessDATASET/Audio_Speech_Actors_01-24/Actor_08/03-01-05-02-02-01-08.wav,8,angry
/Users/praketmehta/Desktop/multimodal_fusion_code/ravdessDATASET/Audio_Speech_Actors_01-24/Actor_08/03-01-06-02-02-02-08.wav,8,fearful
/Users/praketmehta/Desktop/multimodal_fusion_code/ravdessDATASET/Audio_Speech_Actors_01-24/Actor_08/03-01-06-01-01-02-08.wav,8,fearful
/Users/praketmehta/Desktop/multimodal_fusion_code/ravdessDATASET/Audio_Speech_Actors_01-24/Actor_08/03-01-05-01-01-01-08.wav,8,angry
/Users/praketmehta/Desktop/multimodal_fusion_code/ravdessDATASET/Audio_Speech_Actors_01-24/Actor_08/03-01-02-01-01-01-08.wav,8,calm
/Users/praketmehta/Desktop/multimodal_fusion_code/ravdessDATASET/Audio_Speech_Actors_01-24/Actor_08/03-01-01-01-01-02-08.wav,8,neutral
/Users/praketmehta/Desktop/multimodal_fusion_code/ravdessDATASET/Audio_Speech_Actors_01-24/Actor_08/03-01-02-02-02-01-08.wav,8,calm
/Users/praketmehta/Desktop/multimodal_fusion_code/ravdessDATASET/Audio_Speech_Actors_01-24/Actor_08/03-01-03-01-02-02-08.wav,8,happy
/Users/praketmehta/Desktop/multimodal_fusion_code/ravdessDATASET/Audio_Speech_Actors_01-24/Actor_08/03-01-03-02-01-02-08.wav,8,happy
/Users/praketmehta/Desktop/multimodal_fusion_code/ravdessDATASET/Audio_Speech_Actors_01-24/Actor_08/03-01-01-01-02-01-08.wav,8,neutral
/Users/praketmehta/Desktop/multimodal_fusion_code/ravdessDATASET/Audio_Speech_Actors_01-24/Actor_08/03-01-02-01-02-02-08.wav,8,calm
/Users/praketmehta/Desktop/multimodal_fusion_code/ravdessDATASET/Audio_Speech_Actors_01-24/Actor_08/03-01-02-02-01-02-08.wav,8,calm
/Users/praketmehta/Desktop/multimodal_fusion_code/ravdessDATASET/Audio_Speech_Actors_01-24/Actor_08/03-01-03-01-01-01-08.wav,8,happy
/Users/praketmehta/Desktop/multimodal_fusion_code/ravdessDATASET/Audio_Speech_Actors_01-24/Actor_08/03-01-03-02-02-01-08.wav,8,happy
/Users/praketmehta/Desktop/multimodal_fusion_code/ravdessDATASET/Audio_Speech_Actors_01-24/Actor_08/03-01-08-01-01-02-08.wav,8,surprised
/Users/praketmehta/Desktop/multimodal_fusion_code/ravdessDATASET/Audio_Speech_Actors_01-24/Actor_08/03-01-08-02-02-02-08.wav,8,surprised
/Users/praketmehta/Desktop/multimodal_fusion_code/ravdessDATASET/Audio_Speech_Actors_01-24/Actor_08/03-01-04-02-02-01-08.wav,8,sad
/Users/praketmehta/Desktop/multimodal_fusion_code/ravdessDATASET/Audio_Speech_Actors_01-24/Actor_08/03-01-07-02-02-02-08.wav,8,disgust
/Users/praketmehta/Desktop/multimodal_fusion_code/ravdessDATASET/Audio_Speech_Actors_01-24/Actor_08/03-01-07-01-01-02-08.wav,8,disgust
/Users/praketmehta/Desktop/multimodal_fusion_code/ravdessDATASET/Audio_Speech_Actors_01-24/Actor_08/03-01-04-01-01-01-08.wav,8,sad
/Users/praketmehta/Desktop/multimodal_fusion_code/ravdessDATASET/Audio_Speech_Actors_01-24/Actor_08/03-01-06-02-01-01-08.wav,8,fearful
/Users/praketmehta/Desktop/multimodal_fusion_code/ravdessDATASET/Audio_Speech_Actors_01-24/Actor_08/03-01-05-02-01-02-08.wav,8,angry
/Users/praketmehta/Desktop/multimodal_fusion_code/ravdessDATASET/Audio_Speech_Actors_01-24/Actor_08/03-01-05-01-02-02-08.wav,8,angry
/Users/praketmehta/Desktop/multimodal_fusion_code/ravdessDATASET/Audio_Speech_Actors_01-24/Actor_08/03-01-06-01-02-01-08.wav,8,fearful
/Users/praketmehta/Desktop/multimodal_fusion_code/ravdessDATASET/Audio_Speech_Actors_01-24/Actor_08/03-01-03-02-01-01-08.wav,8,happy
/Users/praketmehta/Desktop/multimodal_fusion_code/ravdessDATASET/Audio_Speech_Actors_01-24/Actor_08/03-01-03-01-02-01-08.wav,8,happy
/Users/praketmehta/Desktop/multimodal_fusion_code/ravdessDATASET/Audio_Speech_Actors_01-24/Actor_08/03-01-02-02-02-02-08.wav,8,calm
/Users/praketmehta/Desktop/multimodal_fusion_code/ravdessDATASET/Audio_Speech_Actors_01-24/Actor_08/03-01-01-01-01-01-08.wav,8,neutral
/Users/praketmehta/Desktop/multimodal_fusion_code/ravdessDATASET/Audio_Speech_Actors_01-24/Actor_08/03-01-02-01-01-02-08.wav,8,calm
/Users/praketmehta/Desktop/multimodal_fusion_code/ravdessDATASET/Audio_Speech_Actors_01-24/Actor_08/03-01-08-02-01-02-08.wav,8,surprised
/Users/praketmehta/Desktop/multimodal_fusion_code/ravdessDATASET/Audio_Speech_Actors_01-24/Actor_08/03-01-08-01-02-02-08.wav,8,surprised
/Users/praketmehta/Desktop/multimodal_fusion_code/ravdessDATASET/Audio_Speech_Actors_01-24/Actor_08/03-01-05-01-01-02-08.wav,8,angry
/Users/praketmehta/Desktop/multimodal_fusion_code/ravdessDATASET/Audio_Speech_Actors_01-24/Actor_08/03-01-06-01-01-01-08.wav,8,fearful
/Users/praketmehta/Desktop/multimodal_fusion_code/ravdessDATASET/Audio_Speech_Actors_01-24/Actor_08/03-01-06-02-02-01-08.wav,8,fearful
/Users/praketmehta/Desktop/multimodal_fusion_code/ravdessDATASET/Audio_Speech_Actors_01-24/Actor_08/03-01-05-02-02-02-08.wav,8,angry
/Users/praketmehta/Desktop/multimodal_fusion_code/ravdessDATASET/Audio_Speech_Actors_01-24/Actor_08/03-01-07-01-02-02-08.wav,8,disgust
/Users/praketmehta/Desktop/multimodal_fusion_code/ravdessDATASET/Audio_Speech_Actors_01-24/Actor_08/03-01-04-01-02-01-08.wav,8,sad
/Users/praketmehta/Desktop/multimodal_fusion_code/ravdessDATASET/Audio_Speech_Actors_01-24/Actor_08/03-01-04-02-01-01-08.wav,8,sad
/Users/praketmehta/Desktop/multimodal_fusion_code/ravdessDATASET/Audio_Speech_Actors_01-24/Actor_08/03-01-07-02-01-02-08.wav,8,disgust
/Users/praketmehta/Desktop/multimodal_fusion_code/ravdessDATASET/Audio_Speech_Actors_01-24/Actor_08/03-01-08-02-02-01-08.wav,8,surprised
/Users/praketmehta/Desktop/multimodal_fusion_code/ravdessDATASET/Audio_Speech_Actors_01-24/Actor_08/03-01-08-01-01-01-08.wav,8,surprised
/Users/praketmehta/Desktop/multimodal_fusion_code/ravdessDATASET/Audio_Speech_Actors_01-24/Actor_08/03-01-06-01-02-02-08.wav,8,fearful
/Users/praketmehta/Desktop/multimodal_fusion_code/ravdessDATASET/Audio_Speech_Actors_01-24/Actor_08/03-01-05-01-02-01-08.wav,8,angry
/Users/praketmehta/Desktop/multimodal_fusion_code/ravdessDATASET/Audio_Speech_Actors_01-24/Actor_08/03-01-05-02-01-01-08.wav,8,angry
/Users/praketmehta/Desktop/multimodal_fusion_code/ravdessDATASET/Audio_Speech_Actors_01-24/Actor_08/03-01-06-02-01-02-08.wav,8,fearful
/Users/praketmehta/Desktop/multimodal_fusion_code/ravdessDATASET/Audio_Speech_Actors_01-24/Actor_08/03-01-04-01-01-02-08.wav,8,sad
/Users/praketmehta/Desktop/multimodal_fusion_code/ravdessDATASET/Audio_Speech_Actors_01-24/Actor_08/03-01-07-01-01-01-08.wav,8,disgust
/Users/praketmehta/Desktop/multimodal_fusion_code/ravdessDATASET/Audio_Speech_Actors_01-24/Actor_08/03-01-07-02-02-01-08.wav,8,disgust
/Users/praketmehta/Desktop/multimodal_fusion_code/ravdessDATASET/Audio_Speech_Actors_01-24/Actor_08/03-01-04-02-02-02-08.wav,8,sad
/Users/praketmehta/Desktop/multimodal_fusion_code/ravdessDATASET/Audio_Speech_Actors_01-24/Actor_08/03-01-03-02-02-02-08.wav,8,happy
/Users/praketmehta/Desktop/multimodal_fusion_code/ravdessDATASET/Audio_Speech_Actors_01-24/Actor_08/03-01-03-01-01-02-08.wav,8,happy
/Users/praketmehta/Desktop/multimodal_fusion_code/ravdessDATASET/Audio_Speech_Actors_01-24/Actor_08/03-01-02-02-01-01-08.wav,8,calm
/Users/praketmehta/Desktop/multimodal_fusion_code/ravdessDATASET/Audio_Speech_Actors_01-24/Actor_08/03-01-02-01-02-01-08.wav,8,calm
/Users/praketmehta/Desktop/multimodal_fusion_code/ravdessDATASET/Audio_Speech_Actors_01-24/Actor_08/03-01-01-01-02-02-08.wav,8,neutral
/Users/praketmehta/Desktop/multimodal_fusion_code/ravdessDATASET/Audio_Speech_Actors_01-24/Actor_09/03-01-08-02-01-01-09.wav,9,surprised
/Users/praketmehta/Desktop/multimodal_fusion_code/ravdessDATASET/Audio_Speech_Actors_01-24/Actor_09/03-01-08-01-02-01-09.wav,9,surprised
/Users/praketmehta/Desktop/multimodal_fusion_code/ravdessDATASET/Audio_Speech_Actors_01-24/Actor_09/03-01-05-01-01-01-09.wav,9,angry
/Users/praketmehta/Desktop/multimodal_fusion_code/ravdessDATASET/Audio_Speech_Actors_01-24/Actor_09/03-01-06-01-01-02-09.wav,9,fearful
/Users/praketmehta/Desktop/multimodal_fusion_code/ravdessDATASET/Audio_Speech_Actors_01-24/Actor_09/03-01-06-02-02-02-09.wav,9,fearful
/Users/praketmehta/Desktop/multimodal_fusion_code/ravdessDATASET/Audio_Speech_Actors_01-24/Actor_09/03-01-05-02-02-01-09.wav,9,angry
/Users/praketmehta/Desktop/multimodal_fusion_code/ravdessDATASET/Audio_Speech_Actors_01-24/Actor_09/03-01-07-01-02-01-09.wav,9,disgust
/Users/praketmehta/Desktop/multimodal_fusion_code/ravdessDATASET/Audio_Speech_Actors_01-24/Actor_09/03-01-04-01-02-02-09.wav,9,sad
/Users/praketmehta/Desktop/multimodal_fusion_code/ravdessDATASET/Audio_Speech_Actors_01-24/Actor_09/03-01-04-02-01-02-09.wav,9,sad
/Users/praketmehta/Desktop/multimodal_fusion_code/ravdessDATASET/Audio_Speech_Actors_01-24/Actor_09/03-01-07-02-01-01-09.wav,9,disgust
/Users/praketmehta/Desktop/multimodal_fusion_code/ravdessDATASET/Audio_Speech_Actors_01-24/Actor_09/03-01-03-02-01-02-09.wav,9,happy
/Users/praketmehta/Desktop/multimodal_fusion_code/ravdessDATASET/Audio_Speech_Actors_01-24/Actor_09/03-01-03-01-02-02-09.wav,9,happy
/Users/praketmehta/Desktop/multimodal_fusion_code/ravdessDATASET/Audio_Speech_Actors_01-24/Actor_09/03-01-02-02-02-01-09.wav,9,calm
/Users/praketmehta/Desktop/multimodal_fusion_code/ravdessDATASET/Audio_Speech_Actors_01-24/Actor_09/03-01-01-01-01-02-09.wav,9,neutral
/Users/praketmehta/Desktop/multimodal_fusion_code/ravdessDATASET/Audio_Speech_Actors_01-24/Actor_09/03-01-02-01-01-01-09.wav,9,calm
/Users/praketmehta/Desktop/multimodal_fusion_code/ravdessDATASET/Audio_Speech_Actors_01-24/Actor_09/03-01-03-02-02-01-09.wav,9,happy
/Users/praketmehta/Desktop/multimodal_fusion_code/ravdessDATASET/Audio_Speech_Actors_01-24/Actor_09/03-01-03-01-01-01-09.wav,9,happy
/Users/praketmehta/Desktop/multimodal_fusion_code/ravdessDATASET/Audio_Speech_Actors_01-24/Actor_09/03-01-02-02-01-02-09.wav,9,calm
/Users/praketmehta/Desktop/multimodal_fusion_code/ravdessDATASET/Audio_Speech_Actors_01-24/Actor_09/03-01-02-01-02-02-09.wav,9,calm
/Users/praketmehta/Desktop/multimodal_fusion_code/ravdessDATASET/Audio_Speech_Actors_01-24/Actor_09/03-01-01-01-02-01-09.wav,9,neutral
/Users/praketmehta/Desktop/multimodal_fusion_code/ravdessDATASET/Audio_Speech_Actors_01-24/Actor_09/03-01-08-02-02-02-09.wav,9,surprised
/Users/praketmehta/Desktop/multimodal_fusion_code/ravdessDATASET/Audio_Speech_Actors_01-24/Actor_09/03-01-08-01-01-02-09.wav,9,surprised
/Users/praketmehta/Desktop/multimodal_fusion_code/ravdessDATASET/Audio_Speech_Actors_01-24/Actor_09/03-01-06-01-02-01-09.wav,9,fearful
/Users/praketmehta/Desktop/multimodal_fusion_code/ravdessDATASET/Audio_Speech_Actors_01-24/Actor_09/03-01-05-01-02-02-09.wav,9,angry
/Users/praketmehta/Desktop/multimodal_fusion_code/ravdessDATASET/Audio_Speech_Actors_01-24/Actor_09/03-01-05-02-01-02-09.wav,9,angry
/Users/praketmehta/Desktop/multimodal_fusion_code/ravdessDATASET/Audio_Speech_Actors_01-24/Actor_09/03-01-06-02-01-01-09.wav,9,fearful
/Users/praketmehta/Desktop/multimodal_fusion_code/ravdessDATASET/Audio_Speech_Actors_01-24/Actor_09/03-01-04-01-01-01-09.wav,9,sad
/Users/praketmehta/Desktop/multimodal_fusion_code/ravdessDATASET/Audio_Speech_Actors_01-24/Actor_09/03-01-07-01-01-02-09.wav,9,disgust
/Users/praketmehta/Desktop/multimodal_fusion_code/ravdessDATASET/Audio_Speech_Actors_01-24/Actor_09/03-01-07-02-02-02-09.wav,9,disgust
/Users/praketmehta/Desktop/multimodal_fusion_code/ravdessDATASET/Audio_Speech_Actors_01-24/Actor_09/03-01-04-02-02-01-09.wav,9,sad
/Users/praketmehta/Desktop/multimodal_fusion_code/ravdessDATASET/Audio_Speech_Actors_01-24/Actor_09/03-01-02-01-01-02-09.wav,9,calm
/Users/praketmehta/Desktop/multimodal_fusion_code/ravdessDATASET/Audio_Speech_Actors_01-24/Actor_09/03-01-01-01-01-01-09.wav,9,neutral
/Users/praketmehta/Desktop/multimodal_fusion_code/ravdessDATASET/Audio_Speech_Actors_01-24/Actor_09/03-01-02-02-02-02-09.wav,9,calm
/Users/praketmehta/Desktop/multimodal_fusion_code/ravdessDATASET/Audio_Speech_Actors_01-24/Actor_09/03-01-03-01-02-01-09.wav,9,happy
/Users/praketmehta/Desktop/multimodal_fusion_code/ravdessDATASET/Audio_Speech_Actors_01-24/Actor_09/03-01-03-02-01-01-09.wav,9,happy
/Users/praketmehta/Desktop/multimodal_fusion_code/ravdessDATASET/Audio_Speech_Actors_01-24/Actor_09/03-01-08-01-02-02-09.wav,9,surprised
/Users/praketmehta/Desktop/multimodal_fusion_code/ravdessDATASET/Audio_Speech_Actors_01-24/Actor_09/03-01-08-02-01-02-09.wav,9,surprised
/Users/praketmehta/Desktop/multimodal_fusion_code/ravdessDATASET/Audio_Speech_Actors_01-24/Actor_09/03-01-07-02-01-02-09.wav,9,disgust
/Users/praketmehta/Desktop/multimodal_fusion_code/ravdessDATASET/Audio_Speech_Actors_01-24/Actor_09/03-01-04-02-01-01-09.wav,9,sad
/Users/praketmehta/Desktop/multimodal_fusion_code/ravdessDATASET/Audio_Speech_Actors_01-24/Actor_09/03-01-04-01-02-01-09.wav,9,sad
/Users/praketmehta/Desktop/multimodal_fusion_code/ravdessDATASET/Audio_Speech_Actors_01-24/Actor_09/03-01-07-01-02-02-09.wav,9,disgust
/Users/praketmehta/Desktop/multimodal_fusion_code/ravdessDATASET/Audio_Speech_Actors_01-24/Actor_09/03-01-05-02-02-02-09.wav,9,angry
/Users/praketmehta/Desktop/multimodal_fusion_code/ravdessDATASET/Audio_Speech_Actors_01-24/Actor_09/03-01-06-02-02-01-09.wav,9,fearful
/Users/praketmehta/Desktop/multimodal_fusion_code/ravdessDATASET/Audio_Speech_Actors_01-24/Actor_09/03-01-06-01-01-01-09.wav,9,fearful
/Users/praketmehta/Desktop/multimodal_fusion_code/ravdessDATASET/Audio_Speech_Actors_01-24/Actor_09/03-01-05-01-01-02-09.wav,9,angry
/Users/praketmehta/Desktop/multimodal_fusion_code/ravdessDATASET/Audio_Speech_Actors_01-24/Actor_09/03-01-08-01-01-01-09.wav,9,surprised
/Users/praketmehta/Desktop/multimodal_fusion_code/ravdessDATASET/Audio_Speech_Actors_01-24/Actor_09/03-01-08-02-02-01-09.wav,9,surprised
/Users/praketmehta/Desktop/multimodal_fusion_code/ravdessDATASET/Audio_Speech_Actors_01-24/Actor_09/03-01-04-02-02-02-09.wav,9,sad
/Users/praketmehta/Desktop/multimodal_fusion_code/ravdessDATASET/Audio_Speech_Actors_01-24/Actor_09/03-01-07-02-02-01-09.wav,9,disgust
/Users/praketmehta/Desktop/multimodal_fusion_code/ravdessDATASET/Audio_Speech_Actors_01-24/Actor_09/03-01-07-01-01-01-09.wav,9,disgust
/Users/praketmehta/Desktop/multimodal_fusion_code/ravdessDATASET/Audio_Speech_Actors_01-24/Actor_09/03-01-04-01-01-02-09.wav,9,sad
/Users/praketmehta/Desktop/multimodal_fusion_code/ravdessDATASET/Audio_Speech_Actors_01-24/Actor_09/03-01-06-02-01-02-09.wav,9,fearful
/Users/praketmehta/Desktop/multimodal_fusion_code/ravdessDATASET/Audio_Speech_Actors_01-24/Actor_09/03-01-05-02-01-01-09.wav,9,angry
/Users/praketmehta/Desktop/multimodal_fusion_code/ravdessDATASET/Audio_Speech_Actors_01-24/Actor_09/03-01-05-01-02-01-09.wav,9,angry
/Users/praketmehta/Desktop/multimodal_fusion_code/ravdessDATASET/Audio_Speech_Actors_01-24/Actor_09/03-01-06-01-02-02-09.wav,9,fearful
/Users/praketmehta/Desktop/multimodal_fusion_code/ravdessDATASET/Audio_Speech_Actors_01-24/Actor_09/03-01-01-01-02-02-09.wav,9,neutral
/Users/praketmehta/Desktop/multimodal_fusion_code/ravdessDATASET/Audio_Speech_Actors_01-24/Actor_09/03-01-02-01-02-01-09.wav,9,calm
/Users/praketmehta/Desktop/multimodal_fusion_code/ravdessDATASET/Audio_Speech_Actors_01-24/Actor_09/03-01-02-02-01-01-09.wav,9,calm
/Users/praketmehta/Desktop/multimodal_fusion_code/ravdessDATASET/Audio_Speech_Actors_01-24/Actor_09/03-01-03-01-01-02-09.wav,9,happy
/Users/praketmehta/Desktop/multimodal_fusion_code/ravdessDATASET/Audio_Speech_Actors_01-24/Actor_09/03-01-03-02-02-02-09.wav,9,happy
/Users/praketmehta/Desktop/multimodal_fusion_code/ravdessDATASET/Audio_Speech_Actors_01-24/Actor_10/03-01-03-02-02-02-10.wav,10,happy
/Users/praketmehta/Desktop/multimodal_fusion_code/ravdessDATASET/Audio_Speech_Actors_01-24/Actor_10/03-01-03-01-01-02-10.wav,10,happy
/Users/praketmehta/Desktop/multimodal_fusion_code/ravdessDATASET/Audio_Speech_Actors_01-24/Actor_10/03-01-02-02-01-01-10.wav,10,calm
/Users/praketmehta/Desktop/multimodal_fusion_code/ravdessDATASET/Audio_Speech_Actors_01-24/Actor_10/03-01-02-01-02-01-10.wav,10,calm
/Users/praketmehta/Desktop/multimodal_fusion_code/ravdessDATASET/Audio_Speech_Actors_01-24/Actor_10/03-01-01-01-02-02-10.wav,10,neutral
/Users/praketmehta/Desktop/multimodal_fusion_code/ravdessDATASET/Audio_Speech_Actors_01-24/Actor_10/03-01-06-01-02-02-10.wav,10,fearful
/Users/praketmehta/Desktop/multimodal_fusion_code/ravdessDATASET/Audio_Speech_Actors_01-24/Actor_10/03-01-05-01-02-01-10.wav,10,angry
/Users/praketmehta/Desktop/multimodal_fusion_code/ravdessDATASET/Audio_Speech_Actors_01-24/Actor_10/03-01-05-02-01-01-10.wav,10,angry
/Users/praketmehta/Desktop/multimodal_fusion_code/ravdessDATASET/Audio_Speech_Actors_01-24/Actor_10/03-01-06-02-01-02-10.wav,10,fearful
/Users/praketmehta/Desktop/multimodal_fusion_code/ravdessDATASET/Audio_Speech_Actors_01-24/Actor_10/03-01-04-01-01-02-10.wav,10,sad
/Users/praketmehta/Desktop/multimodal_fusion_code/ravdessDATASET/Audio_Speech_Actors_01-24/Actor_10/03-01-07-01-01-01-10.wav,10,disgust
/Users/praketmehta/Desktop/multimodal_fusion_code/ravdessDATASET/Audio_Speech_Actors_01-24/Actor_10/03-01-07-02-02-01-10.wav,10,disgust
/Users/praketmehta/Desktop/multimodal_fusion_code/ravdessDATASET/Audio_Speech_Actors_01-24/Actor_10/03-01-04-02-02-02-10.wav,10,sad
/Users/praketmehta/Desktop/multimodal_fusion_code/ravdessDATASET/Audio_Speech_Actors_01-24/Actor_10/03-01-08-02-02-01-10.wav,10,surprised
/Users/praketmehta/Desktop/multimodal_fusion_code/ravdessDATASET/Audio_Speech_Actors_01-24/Actor_10/03-01-08-01-01-01-10.wav,10,surprised
/Users/praketmehta/Desktop/multimodal_fusion_code/ravdessDATASET/Audio_Speech_Actors_01-24/Actor_10/03-01-05-01-01-02-10.wav,10,angry
/Users/praketmehta/Desktop/multimodal_fusion_code/ravdessDATASET/Audio_Speech_Actors_01-24/Actor_10/03-01-06-01-01-01-10.wav,10,fearful
/Users/praketmehta/Desktop/multimodal_fusion_code/ravdessDATASET/Audio_Speech_Actors_01-24/Actor_10/03-01-06-02-02-01-10.wav,10,fearful
/Users/praketmehta/Desktop/multimodal_fusion_code/ravdessDATASET/Audio_Speech_Actors_01-24/Actor_10/03-01-05-02-02-02-10.wav,10,angry
/Users/praketmehta/Desktop/multimodal_fusion_code/ravdessDATASET/Audio_Speech_Actors_01-24/Actor_10/03-01-07-01-02-02-10.wav,10,disgust
/Users/praketmehta/Desktop/multimodal_fusion_code/ravdessDATASET/Audio_Speech_Actors_01-24/Actor_10/03-01-04-01-02-01-10.wav,10,sad
/Users/praketmehta/Desktop/multimodal_fusion_code/ravdessDATASET/Audio_Speech_Actors_01-24/Actor_10/03-01-04-02-01-01-10.wav,10,sad
/Users/praketmehta/Desktop/multimodal_fusion_code/ravdessDATASET/Audio_Speech_Actors_01-24/Actor_10/03-01-07-02-01-02-10.wav,10,disgust
/Users/praketmehta/Desktop/multimodal_fusion_code/ravdessDATASET/Audio_Speech_Actors_01-24/Actor_10/03-01-08-02-01-02-10.wav,10,surprised
/Users/praketmehta/Desktop/multimodal_fusion_code/ravdessDATASET/Audio_Speech_Actors_01-24/Actor_10/03-01-08-01-02-02-10.wav,10,surprised
/Users/praketmehta/Desktop/multimodal_fusion_code/ravdessDATASET/Audio_Speech_Actors_01-24/Actor_10/03-01-03-02-01-01-10.wav,10,happy
/Users/praketmehta/Desktop/multimodal_fusion_code/ravdessDATASET/Audio_Speech_Actors_01-24/Actor_10/03-01-03-01-02-01-10.wav,10,happy
/Users/praketmehta/Desktop/multimodal_fusion_code/ravdessDATASET/Audio_Speech_Actors_01-24/Actor_10/03-01-02-02-02-02-10.wav,10,calm
/Users/praketmehta/Desktop/multimodal_fusion_code/ravdessDATASET/Audio_Speech_Actors_01-24/Actor_10/03-01-01-01-01-01-10.wav,10,neutral
/Users/praketmehta/Desktop/multimodal_fusion_code/ravdessDATASET/Audio_Speech_Actors_01-24/Actor_10/03-01-02-01-01-02-10.wav,10,calm
/Users/praketmehta/Desktop/multimodal_fusion_code/ravdessDATASET/Audio_Speech_Actors_01-24/Actor_10/03-01-04-02-02-01-10.wav,10,sad
/Users/praketmehta/Desktop/multimodal_fusion_code/ravdessDATASET/Audio_Speech_Actors_01-24/Actor_10/03-01-07-02-02-02-10.wav,10,disgust
/Users/praketmehta/Desktop/multimodal_fusion_code/ravdessDATASET/Audio_Speech_Actors_01-24/Actor_10/03-01-07-01-01-02-10.wav,10,disgust
/Users/praketmehta/Desktop/multimodal_fusion_code/ravdessDATASET/Audio_Speech_Actors_01-24/Actor_10/03-01-04-01-01-01-10.wav,10,sad
/Users/praketmehta/Desktop/multimodal_fusion_code/ravdessDATASET/Audio_Speech_Actors_01-24/Actor_10/03-01-06-02-01-01-10.wav,10,fearful
/Users/praketmehta/Desktop/multimodal_fusion_code/ravdessDATASET/Audio_Speech_Actors_01-24/Actor_10/03-01-05-02-01-02-10.wav,10,angry
/Users/praketmehta/Desktop/multimodal_fusion_code/ravdessDATASET/Audio_Speech_Actors_01-24/Actor_10/03-01-05-01-02-02-10.wav,10,angry
/Users/praketmehta/Desktop/multimodal_fusion_code/ravdessDATASET/Audio_Speech_Actors_01-24/Actor_10/03-01-06-01-02-01-10.wav,10,fearful
/Users/praketmehta/Desktop/multimodal_fusion_code/ravdessDATASET/Audio_Speech_Actors_01-24/Actor_10/03-01-08-01-01-02-10.wav,10,surprised
/Users/praketmehta/Desktop/multimodal_fusion_code/ravdessDATASET/Audio_Speech_Actors_01-24/Actor_10/03-01-08-02-02-02-10.wav,10,surprised
/Users/praketmehta/Desktop/multimodal_fusion_code/ravdessDATASET/Audio_Speech_Actors_01-24/Actor_10/03-01-01-01-02-01-10.wav,10,neutral
/Users/praketmehta/Desktop/multimodal_fusion_code/ravdessDATASET/Audio_Speech_Actors_01-24/Actor_10/03-01-02-01-02-02-10.wav,10,calm
/Users/praketmehta/Desktop/multimodal_fusion_code/ravdessDATASET/Audio_Speech_Actors_01-24/Actor_10/03-01-02-02-01-02-10.wav,10,calm
/Users/praketmehta/Desktop/multimodal_fusion_code/ravdessDATASET/Audio_Speech_Actors_01-24/Actor_10/03-01-03-01-01-01-10.wav,10,happy
/Users/praketmehta/Desktop/multimodal_fusion_code/ravdessDATASET/Audio_Speech_Actors_01-24/Actor_10/03-01-03-02-02-01-10.wav,10,happy
/Users/praketmehta/Desktop/multimodal_fusion_code/ravdessDATASET/Audio_Speech_Actors_01-24/Actor_10/03-01-02-01-01-01-10.wav,10,calm
/Users/praketmehta/Desktop/multimodal_fusion_code/ravdessDATASET/Audio_Speech_Actors_01-24/Actor_10/03-01-01-01-01-02-10.wav,10,neutral
/Users/praketmehta/Desktop/multimodal_fusion_code/ravdessDATASET/Audio_Speech_Actors_01-24/Actor_10/03-01-02-02-02-01-10.wav,10,calm
/Users/praketmehta/Desktop/multimodal_fusion_code/ravdessDATASET/Audio_Speech_Actors_01-24/Actor_10/03-01-03-01-02-02-10.wav,10,happy
/Users/praketmehta/Desktop/multimodal_fusion_code/ravdessDATASET/Audio_Speech_Actors_01-24/Actor_10/03-01-03-02-01-02-10.wav,10,happy
/Users/praketmehta/Desktop/multimodal_fusion_code/ravdessDATASET/Audio_Speech_Actors_01-24/Actor_10/03-01-07-02-01-01-10.wav,10,disgust
/Users/praketmehta/Desktop/multimodal_fusion_code/ravdessDATASET/Audio_Speech_Actors_01-24/Actor_10/03-01-04-02-01-02-10.wav,10,sad
/Users/praketmehta/Desktop/multimodal_fusion_code/ravdessDATASET/Audio_Speech_Actors_01-24/Actor_10/03-01-04-01-02-02-10.wav,10,sad
/Users/praketmehta/Desktop/multimodal_fusion_code/ravdessDATASET/Audio_Speech_Actors_01-24/Actor_10/03-01-07-01-02-01-10.wav,10,disgust
/Users/praketmehta/Desktop/multimodal_fusion_code/ravdessDATASET/Audio_Speech_Actors_01-24/Actor_10/03-01-05-02-02-01-10.wav,10,angry
/Users/praketmehta/Desktop/multimodal_fusion_code/ravdessDATASET/Audio_Speech_Actors_01-24/Actor_10/03-01-06-02-02-02-10.wav,10,fearful
/Users/praketmehta/Desktop/multimodal_fusion_code/ravdessDATASET/Audio_Speech_Actors_01-24/Actor_10/03-01-06-01-01-02-10.wav,10,fearful
/Users/praketmehta/Desktop/multimodal_fusion_code/ravdessDATASET/Audio_Speech_Actors_01-24/Actor_10/03-01-05-01-01-01-10.wav,10,angry
/Users/praketmehta/Desktop/multimodal_fusion_code/ravdessDATASET/Audio_Speech_Actors_01-24/Actor_10/03-01-08-01-02-01-10.wav,10,surprised
/Users/praketmehta/Desktop/multimodal_fusion_code/ravdessDATASET/Audio_Speech_Actors_01-24/Actor_10/03-01-08-02-01-01-10.wav,10,surprised
/Users/praketmehta/Desktop/multimodal_fusion_code/ravdessDATASET/Audio_Speech_Actors_01-24/Actor_11/03-01-01-01-02-02-11.wav,11,neutral
/Users/praketmehta/Desktop/multimodal_fusion_code/ravdessDATASET/Audio_Speech_Actors_01-24/Actor_11/03-01-02-01-02-01-11.wav,11,calm
/Users/praketmehta/Desktop/multimodal_fusion_code/ravdessDATASET/Audio_Speech_Actors_01-24/Actor_11/03-01-02-02-01-01-11.wav,11,calm
/Users/praketmehta/Desktop/multimodal_fusion_code/ravdessDATASET/Audio_Speech_Actors_01-24/Actor_11/03-01-03-01-01-02-11.wav,11,happy
/Users/praketmehta/Desktop/multimodal_fusion_code/ravdessDATASET/Audio_Speech_Actors_01-24/Actor_11/03-01-03-02-02-02-11.wav,11,happy
/Users/praketmehta/Desktop/multimodal_fusion_code/ravdessDATASET/Audio_Speech_Actors_01-24/Actor_11/03-01-04-02-02-02-11.wav,11,sad
/Users/praketmehta/Desktop/multimodal_fusion_code/ravdessDATASET/Audio_Speech_Actors_01-24/Actor_11/03-01-07-02-02-01-11.wav,11,disgust
/Users/praketmehta/Desktop/multimodal_fusion_code/ravdessDATASET/Audio_Speech_Actors_01-24/Actor_11/03-01-07-01-01-01-11.wav,11,disgust
/Users/praketmehta/Desktop/multimodal_fusion_code/ravdessDATASET/Audio_Speech_Actors_01-24/Actor_11/03-01-04-01-01-02-11.wav,11,sad
/Users/praketmehta/Desktop/multimodal_fusion_code/ravdessDATASET/Audio_Speech_Actors_01-24/Actor_11/03-01-06-02-01-02-11.wav,11,fearful
/Users/praketmehta/Desktop/multimodal_fusion_code/ravdessDATASET/Audio_Speech_Actors_01-24/Actor_11/03-01-05-02-01-01-11.wav,11,angry
/Users/praketmehta/Desktop/multimodal_fusion_code/ravdessDATASET/Audio_Speech_Actors_01-24/Actor_11/03-01-05-01-02-01-11.wav,11,angry
/Users/praketmehta/Desktop/multimodal_fusion_code/ravdessDATASET/Audio_Speech_Actors_01-24/Actor_11/03-01-06-01-02-02-11.wav,11,fearful
/Users/praketmehta/Desktop/multimodal_fusion_code/ravdessDATASET/Audio_Speech_Actors_01-24/Actor_11/03-01-08-01-01-01-11.wav,11,surprised
/Users/praketmehta/Desktop/multimodal_fusion_code/ravdessDATASET/Audio_Speech_Actors_01-24/Actor_11/03-01-08-02-02-01-11.wav,11,surprised
/Users/praketmehta/Desktop/multimodal_fusion_code/ravdessDATASET/Audio_Speech_Actors_01-24/Actor_11/03-01-07-02-01-02-11.wav,11,disgust
/Users/praketmehta/Desktop/multimodal_fusion_code/ravdessDATASET/Audio_Speech_Actors_01-24/Actor_11/03-01-04-02-01-01-11.wav,11,sad
/Users/praketmehta/Desktop/multimodal_fusion_code/ravdessDATASET/Audio_Speech_Actors_01-24/Actor_11/03-01-04-01-02-01-11.wav,11,sad
/Users/praketmehta/Desktop/multimodal_fusion_code/ravdessDATASET/Audio_Speech_Actors_01-24/Actor_11/03-01-07-01-02-02-11.wav,11,disgust
/Users/praketmehta/Desktop/multimodal_fusion_code/ravdessDATASET/Audio_Speech_Actors_01-24/Actor_11/03-01-05-02-02-02-11.wav,11,angry
/Users/praketmehta/Desktop/multimodal_fusion_code/ravdessDATASET/Audio_Speech_Actors_01-24/Actor_11/03-01-06-02-02-01-11.wav,11,fearful
/Users/praketmehta/Desktop/multimodal_fusion_code/ravdessDATASET/Audio_Speech_Actors_01-24/Actor_11/03-01-06-01-01-01-11.wav,11,fearful
/Users/praketmehta/Desktop/multimodal_fusion_code/ravdessDATASET/Audio_Speech_Actors_01-24/Actor_11/03-01-05-01-01-02-11.wav,11,angry
/Users/praketmehta/Desktop/multimodal_fusion_code/ravdessDATASET/Audio_Speech_Actors_01-24/Actor_11/03-01-08-01-02-02-11.wav,11,surprised
/Users/praketmehta/Desktop/multimodal_fusion_code/ravdessDATASET/Audio_Speech_Actors_01-24/Actor_11/03-01-08-02-01-02-11.wav,11,surprised
/Users/praketmehta/Desktop/multimodal_fusion_code/ravdessDATASET/Audio_Speech_Actors_01-24/Actor_11/03-01-02-01-01-02-11.wav,11,calm
/Users/praketmehta/Desktop/multimodal_fusion_code/ravdessDATASET/Audio_Speech_Actors_01-24/Actor_11/03-01-01-01-01-01-11.wav,11,neutral
/Users/praketmehta/Desktop/multimodal_fusion_code/ravdessDATASET/Audio_Speech_Actors_01-24/Actor_11/03-01-02-02-02-02-11.wav,11,calm
/Users/praketmehta/Desktop/multimodal_fusion_code/ravdessDATASET/Audio_Speech_Actors_01-24/Actor_11/03-01-03-01-02-01-11.wav,11,happy
/Users/praketmehta/Desktop/multimodal_fusion_code/ravdessDATASET/Audio_Speech_Actors_01-24/Actor_11/03-01-03-02-01-01-11.wav,11,happy
/Users/praketmehta/Desktop/multimodal_fusion_code/ravdessDATASET/Audio_Speech_Actors_01-24/Actor_11/03-01-06-01-02-01-11.wav,11,fearful
/Users/praketmehta/Desktop/multimodal_fusion_code/ravdessDATASET/Audio_Speech_Actors_01-24/Actor_11/03-01-05-01-02-02-11.wav,11,angry
/Users/praketmehta/Desktop/multimodal_fusion_code/ravdessDATASET/Audio_Speech_Actors_01-24/Actor_11/03-01-05-02-01-02-11.wav,11,angry
/Users/praketmehta/Desktop/multimodal_fusion_code/ravdessDATASET/Audio_Speech_Actors_01-24/Actor_11/03-01-06-02-01-01-11.wav,11,fearful
/Users/praketmehta/Desktop/multimodal_fusion_code/ravdessDATASET/Audio_Speech_Actors_01-24/Actor_11/03-01-04-01-01-01-11.wav,11,sad
/Users/praketmehta/Desktop/multimodal_fusion_code/ravdessDATASET/Audio_Speech_Actors_01-24/Actor_11/03-01-07-01-01-02-11.wav,11,disgust
/Users/praketmehta/Desktop/multimodal_fusion_code/ravdessDATASET/Audio_Speech_Actors_01-24/Actor_11/03-01-07-02-02-02-11.wav,11,disgust
/Users/praketmehta/Desktop/multimodal_fusion_code/ravdessDATASET/Audio_Speech_Actors_01-24/Actor_11/03-01-04-02-02-01-11.wav,11,sad
/Users/praketmehta/Desktop/multimodal_fusion_code/ravdessDATASET/Audio_Speech_Actors_01-24/Actor_11/03-01-08-02-02-02-11.wav,11,surprised
/Users/praketmehta/Desktop/multimodal_fusion_code/ravdessDATASET/Audio_Speech_Actors_01-24/Actor_11/03-01-08-01-01-02-11.wav,11,surprised
/Users/praketmehta/Desktop/multimodal_fusion_code/ravdessDATASET/Audio_Speech_Actors_01-24/Actor_11/03-01-03-02-02-01-11.wav,11,happy
/Users/praketmehta/Desktop/multimodal_fusion_code/ravdessDATASET/Audio_Speech_Actors_01-24/Actor_11/03-01-03-01-01-01-11.wav,11,happy
/Users/praketmehta/Desktop/multimodal_fusion_code/ravdessDATASET/Audio_Speech_Actors_01-24/Actor_11/03-01-02-02-01-02-11.wav,11,calm
/Users/praketmehta/Desktop/multimodal_fusion_code/ravdessDATASET/Audio_Speech_Actors_01-24/Actor_11/03-01-02-01-02-02-11.wav,11,calm
/Users/praketmehta/Desktop/multimodal_fusion_code/ravdessDATASET/Audio_Speech_Actors_01-24/Actor_11/03-01-01-01-02-01-11.wav,11,neutral
/Users/praketmehta/Desktop/multimodal_fusion_code/ravdessDATASET/Audio_Speech_Actors_01-24/Actor_11/03-01-03-02-01-02-11.wav,11,happy
/Users/praketmehta/Desktop/multimodal_fusion_code/ravdessDATASET/Audio_Speech_Actors_01-24/Actor_11/03-01-03-01-02-02-11.wav,11,happy
/Users/praketmehta/Desktop/multimodal_fusion_code/ravdessDATASET/Audio_Speech_Actors_01-24/Actor_11/03-01-02-02-02-01-11.wav,11,calm
/Users/praketmehta/Desktop/multimodal_fusion_code/ravdessDATASET/Audio_Speech_Actors_01-24/Actor_11/03-01-01-01-01-02-11.wav,11,neutral
/Users/praketmehta/Desktop/multimodal_fusion_code/ravdessDATASET/Audio_Speech_Actors_01-24/Actor_11/03-01-02-01-01-01-11.wav,11,calm
/Users/praketmehta/Desktop/multimodal_fusion_code/ravdessDATASET/Audio_Speech_Actors_01-24/Actor_11/03-01-05-01-01-01-11.wav,11,angry
/Users/praketmehta/Desktop/multimodal_fusion_code/ravdessDATASET/Audio_Speech_Actors_01-24/Actor_11/03-01-06-01-01-02-11.wav,11,fearful
/Users/praketmehta/Desktop/multimodal_fusion_code/ravdessDATASET/Audio_Speech_Actors_01-24/Actor_11/03-01-06-02-02-02-11.wav,11,fearful
/Users/praketmehta/Desktop/multimodal_fusion_code/ravdessDATASET/Audio_Speech_Actors_01-24/Actor_11/03-01-05-02-02-01-11.wav,11,angry
/Users/praketmehta/Desktop/multimodal_fusion_code/ravdessDATASET/Audio_Speech_Actors_01-24/Actor_11/03-01-07-01-02-01-11.wav,11,disgust
/Users/praketmehta/Desktop/multimodal_fusion_code/ravdessDATASET/Audio_Speech_Actors_01-24/Actor_11/03-01-04-01-02-02-11.wav,11,sad
/Users/praketmehta/Desktop/multimodal_fusion_code/ravdessDATASET/Audio_Speech_Actors_01-24/Actor_11/03-01-04-02-01-02-11.wav,11,sad
/Users/praketmehta/Desktop/multimodal_fusion_code/ravdessDATASET/Audio_Speech_Actors_01-24/Actor_11/03-01-07-02-01-01-11.wav,11,disgust
/Users/praketmehta/Desktop/multimodal_fusion_code/ravdessDATASET/Audio_Speech_Actors_01-24/Actor_11/03-01-08-02-01-01-11.wav,11,surprised
/Users/praketmehta/Desktop/multimodal_fusion_code/ravdessDATASET/Audio_Speech_Actors_01-24/Actor_11/03-01-08-01-02-01-11.wav,11,surprised
/Users/praketmehta/Desktop/multimodal_fusion_code/ravdessDATASET/Audio_Speech_Actors_01-24/Actor_12/03-01-02-01-02-01-12.wav,12,calm
/Users/praketmehta/Desktop/multimodal_fusion_code/ravdessDATASET/Audio_Speech_Actors_01-24/Actor_12/03-01-01-01-02-02-12.wav,12,neutral
/Users/praketmehta/Desktop/multimodal_fusion_code/ravdessDATASET/Audio_Speech_Actors_01-24/Actor_12/03-01-02-02-01-01-12.wav,12,calm
/Users/praketmehta/Desktop/multimodal_fusion_code/ravdessDATASET/Audio_Speech_Actors_01-24/Actor_12/03-01-03-01-01-02-12.wav,12,happy
/Users/praketmehta/Desktop/multimodal_fusion_code/ravdessDATASET/Audio_Speech_Actors_01-24/Actor_12/03-01-03-02-02-02-12.wav,12,happy
/Users/praketmehta/Desktop/multimodal_fusion_code/ravdessDATASET/Audio_Speech_Actors_01-24/Actor_12/03-01-08-01-01-01-12.wav,12,surprised
/Users/praketmehta/Desktop/multimodal_fusion_code/ravdessDATASET/Audio_Speech_Actors_01-24/Actor_12/03-01-08-02-02-01-12.wav,12,surprised
/Users/praketmehta/Desktop/multimodal_fusion_code/ravdessDATASET/Audio_Speech_Actors_01-24/Actor_12/03-01-07-02-02-01-12.wav,12,disgust
/Users/praketmehta/Desktop/multimodal_fusion_code/ravdessDATASET/Audio_Speech_Actors_01-24/Actor_12/03-01-04-02-02-02-12.wav,12,sad
/Users/praketmehta/Desktop/multimodal_fusion_code/ravdessDATASET/Audio_Speech_Actors_01-24/Actor_12/03-01-04-01-01-02-12.wav,12,sad
/Users/praketmehta/Desktop/multimodal_fusion_code/ravdessDATASET/Audio_Speech_Actors_01-24/Actor_12/03-01-07-01-01-01-12.wav,12,disgust
/Users/praketmehta/Desktop/multimodal_fusion_code/ravdessDATASET/Audio_Speech_Actors_01-24/Actor_12/03-01-05-02-01-01-12.wav,12,angry
/Users/praketmehta/Desktop/multimodal_fusion_code/ravdessDATASET/Audio_Speech_Actors_01-24/Actor_12/03-01-06-02-01-02-12.wav,12,fearful
/Users/praketmehta/Desktop/multimodal_fusion_code/ravdessDATASET/Audio_Speech_Actors_01-24/Actor_12/03-01-06-01-02-02-12.wav,12,fearful
/Users/praketmehta/Desktop/multimodal_fusion_code/ravdessDATASET/Audio_Speech_Actors_01-24/Actor_12/03-01-05-01-02-01-12.wav,12,angry
/Users/praketmehta/Desktop/multimodal_fusion_code/ravdessDATASET/Audio_Speech_Actors_01-24/Actor_12/03-01-08-01-02-02-12.wav,12,surprised
/Users/praketmehta/Desktop/multimodal_fusion_code/ravdessDATASET/Audio_Speech_Actors_01-24/Actor_12/03-01-08-02-01-02-12.wav,12,surprised
/Users/praketmehta/Desktop/multimodal_fusion_code/ravdessDATASET/Audio_Speech_Actors_01-24/Actor_12/03-01-04-02-01-01-12.wav,12,sad
/Users/praketmehta/Desktop/multimodal_fusion_code/ravdessDATASET/Audio_Speech_Actors_01-24/Actor_12/03-01-07-02-01-02-12.wav,12,disgust
/Users/praketmehta/Desktop/multimodal_fusion_code/ravdessDATASET/Audio_Speech_Actors_01-24/Actor_12/03-01-07-01-02-02-12.wav,12,disgust
/Users/praketmehta/Desktop/multimodal_fusion_code/ravdessDATASET/Audio_Speech_Actors_01-24/Actor_12/03-01-04-01-02-01-12.wav,12,sad
/Users/praketmehta/Desktop/multimodal_fusion_code/ravdessDATASET/Audio_Speech_Actors_01-24/Actor_12/03-01-06-02-02-01-12.wav,12,fearful
/Users/praketmehta/Desktop/multimodal_fusion_code/ravdessDATASET/Audio_Speech_Actors_01-24/Actor_12/03-01-05-02-02-02-12.wav,12,angry
/Users/praketmehta/Desktop/multimodal_fusion_code/ravdessDATASET/Audio_Speech_Actors_01-24/Actor_12/03-01-05-01-01-02-12.wav,12,angry
/Users/praketmehta/Desktop/multimodal_fusion_code/ravdessDATASET/Audio_Speech_Actors_01-24/Actor_12/03-01-06-01-01-01-12.wav,12,fearful
/Users/praketmehta/Desktop/multimodal_fusion_code/ravdessDATASET/Audio_Speech_Actors_01-24/Actor_12/03-01-01-01-01-01-12.wav,12,neutral
/Users/praketmehta/Desktop/multimodal_fusion_code/ravdessDATASET/Audio_Speech_Actors_01-24/Actor_12/03-01-02-01-01-02-12.wav,12,calm
/Users/praketmehta/Desktop/multimodal_fusion_code/ravdessDATASET/Audio_Speech_Actors_01-24/Actor_12/03-01-02-02-02-02-12.wav,12,calm
/Users/praketmehta/Desktop/multimodal_fusion_code/ravdessDATASET/Audio_Speech_Actors_01-24/Actor_12/03-01-03-01-02-01-12.wav,12,happy
/Users/praketmehta/Desktop/multimodal_fusion_code/ravdessDATASET/Audio_Speech_Actors_01-24/Actor_12/03-01-03-02-01-01-12.wav,12,happy
/Users/praketmehta/Desktop/multimodal_fusion_code/ravdessDATASET/Audio_Speech_Actors_01-24/Actor_12/03-01-08-02-02-02-12.wav,12,surprised
/Users/praketmehta/Desktop/multimodal_fusion_code/ravdessDATASET/Audio_Speech_Actors_01-24/Actor_12/03-01-08-01-01-02-12.wav,12,surprised
/Users/praketmehta/Desktop/multimodal_fusion_code/ravdessDATASET/Audio_Speech_Actors_01-24/Actor_12/03-01-05-01-02-02-12.wav,12,angry
/Users/praketmehta/Desktop/multimodal_fusion_code/ravdessDATASET/Audio_Speech_Actors_01-24/Actor_12/03-01-06-01-02-01-12.wav,12,fearful
/Users/praketmehta/Desktop/multimodal_fusion_code/ravdessDATASET/Audio_Speech_Actors_01-24/Actor_12/03-01-06-02-01-01-12.wav,12,fearful
/Users/praketmehta/Desktop/multimodal_fusion_code/ravdessDATASET/Audio_Speech_Actors_01-24/Actor_12/03-01-05-02-01-02-12.wav,12,angry
/Users/praketmehta/Desktop/multimodal_fusion_code/ravdessDATASET/Audio_Speech_Actors_01-24/Actor_12/03-01-07-01-01-02-12.wav,12,disgust
/Users/praketmehta/Desktop/multimodal_fusion_code/ravdessDATASET/Audio_Speech_Actors_01-24/Actor_12/03-01-04-01-01-01-12.wav,12,sad
/Users/praketmehta/Desktop/multimodal_fusion_code/ravdessDATASET/Audio_Speech_Actors_01-24/Actor_12/03-01-04-02-02-01-12.wav,12,sad
/Users/praketmehta/Desktop/multimodal_fusion_code/ravdessDATASET/Audio_Speech_Actors_01-24/Actor_12/03-01-07-02-02-02-12.wav,12,disgust
/Users/praketmehta/Desktop/multimodal_fusion_code/ravdessDATASET/Audio_Speech_Actors_01-24/Actor_12/03-01-03-02-02-01-12.wav,12,happy
/Users/praketmehta/Desktop/multimodal_fusion_code/ravdessDATASET/Audio_Speech_Actors_01-24/Actor_12/03-01-03-01-01-01-12.wav,12,happy
/Users/praketmehta/Desktop/multimodal_fusion_code/ravdessDATASET/Audio_Speech_Actors_01-24/Actor_12/03-01-02-02-01-02-12.wav,12,calm
/Users/praketmehta/Desktop/multimodal_fusion_code/ravdessDATASET/Audio_Speech_Actors_01-24/Actor_12/03-01-01-01-02-01-12.wav,12,neutral
/Users/praketmehta/Desktop/multimodal_fusion_code/ravdessDATASET/Audio_Speech_Actors_01-24/Actor_12/03-01-02-01-02-02-12.wav,12,calm
/Users/praketmehta/Desktop/multimodal_fusion_code/ravdessDATASET/Audio_Speech_Actors_01-24/Actor_12/03-01-03-02-01-02-12.wav,12,happy
/Users/praketmehta/Desktop/multimodal_fusion_code/ravdessDATASET/Audio_Speech_Actors_01-24/Actor_12/03-01-03-01-02-02-12.wav,12,happy
/Users/praketmehta/Desktop/multimodal_fusion_code/ravdessDATASET/Audio_Speech_Actors_01-24/Actor_12/03-01-02-02-02-01-12.wav,12,calm
/Users/praketmehta/Desktop/multimodal_fusion_code/ravdessDATASET/Audio_Speech_Actors_01-24/Actor_12/03-01-02-01-01-01-12.wav,12,calm
/Users/praketmehta/Desktop/multimodal_fusion_code/ravdessDATASET/Audio_Speech_Actors_01-24/Actor_12/03-01-01-01-01-02-12.wav,12,neutral
/Users/praketmehta/Desktop/multimodal_fusion_code/ravdessDATASET/Audio_Speech_Actors_01-24/Actor_12/03-01-08-02-01-01-12.wav,12,surprised
/Users/praketmehta/Desktop/multimodal_fusion_code/ravdessDATASET/Audio_Speech_Actors_01-24/Actor_12/03-01-08-01-02-01-12.wav,12,surprised
/Users/praketmehta/Desktop/multimodal_fusion_code/ravdessDATASET/Audio_Speech_Actors_01-24/Actor_12/03-01-06-01-01-02-12.wav,12,fearful
/Users/praketmehta/Desktop/multimodal_fusion_code/ravdessDATASET/Audio_Speech_Actors_01-24/Actor_12/03-01-05-01-01-01-12.wav,12,angry
/Users/praketmehta/Desktop/multimodal_fusion_code/ravdessDATASET/Audio_Speech_Actors_01-24/Actor_12/03-01-05-02-02-01-12.wav,12,angry
/Users/praketmehta/Desktop/multimodal_fusion_code/ravdessDATASET/Audio_Speech_Actors_01-24/Actor_12/03-01-06-02-02-02-12.wav,12,fearful
/Users/praketmehta/Desktop/multimodal_fusion_code/ravdessDATASET/Audio_Speech_Actors_01-24/Actor_12/03-01-04-01-02-02-12.wav,12,sad
/Users/praketmehta/Desktop/multimodal_fusion_code/ravdessDATASET/Audio_Speech_Actors_01-24/Actor_12/03-01-07-01-02-01-12.wav,12,disgust
/Users/praketmehta/Desktop/multimodal_fusion_code/ravdessDATASET/Audio_Speech_Actors_01-24/Actor_12/03-01-07-02-01-01-12.wav,12,disgust
/Users/praketmehta/Desktop/multimodal_fusion_code/ravdessDATASET/Audio_Speech_Actors_01-24/Actor_12/03-01-04-02-01-02-12.wav,12,sad
/Users/praketmehta/Desktop/multimodal_fusion_code/ravdessDATASET/Audio_Speech_Actors_01-24/Actor_13/03-01-03-02-02-02-13.wav,13,happy
/Users/praketmehta/Desktop/multimodal_fusion_code/ravdessDATASET/Audio_Speech_Actors_01-24/Actor_13/03-01-03-01-01-02-13.wav,13,happy
/Users/praketmehta/Desktop/multimodal_fusion_code/ravdessDATASET/Audio_Speech_Actors_01-24/Actor_13/03-01-02-02-01-01-13.wav,13,calm
/Users/praketmehta/Desktop/multimodal_fusion_code/ravdessDATASET/Audio_Speech_Actors_01-24/Actor_13/03-01-01-01-02-02-13.wav,13,neutral
/Users/praketmehta/Desktop/multimodal_fusion_code/ravdessDATASET/Audio_Speech_Actors_01-24/Actor_13/03-01-02-01-02-01-13.wav,13,calm
/Users/praketmehta/Desktop/multimodal_fusion_code/ravdessDATASET/Audio_Speech_Actors_01-24/Actor_13/03-01-08-02-02-01-13.wav,13,surprised
/Users/praketmehta/Desktop/multimodal_fusion_code/ravdessDATASET/Audio_Speech_Actors_01-24/Actor_13/03-01-08-01-01-01-13.wav,13,surprised
/Users/praketmehta/Desktop/multimodal_fusion_code/ravdessDATASET/Audio_Speech_Actors_01-24/Actor_13/03-01-05-01-02-01-13.wav,13,angry
/Users/praketmehta/Desktop/multimodal_fusion_code/ravdessDATASET/Audio_Speech_Actors_01-24/Actor_13/03-01-06-01-02-02-13.wav,13,fearful
/Users/praketmehta/Desktop/multimodal_fusion_code/ravdessDATASET/Audio_Speech_Actors_01-24/Actor_13/03-01-06-02-01-02-13.wav,13,fearful
/Users/praketmehta/Desktop/multimodal_fusion_code/ravdessDATASET/Audio_Speech_Actors_01-24/Actor_13/03-01-05-02-01-01-13.wav,13,angry
/Users/praketmehta/Desktop/multimodal_fusion_code/ravdessDATASET/Audio_Speech_Actors_01-24/Actor_13/03-01-07-01-01-01-13.wav,13,disgust
/Users/praketmehta/Desktop/multimodal_fusion_code/ravdessDATASET/Audio_Speech_Actors_01-24/Actor_13/03-01-04-01-01-02-13.wav,13,sad
/Users/praketmehta/Desktop/multimodal_fusion_code/ravdessDATASET/Audio_Speech_Actors_01-24/Actor_13/03-01-04-02-02-02-13.wav,13,sad
/Users/praketmehta/Desktop/multimodal_fusion_code/ravdessDATASET/Audio_Speech_Actors_01-24/Actor_13/03-01-07-02-02-01-13.wav,13,disgust
/Users/praketmehta/Desktop/multimodal_fusion_code/ravdessDATASET/Audio_Speech_Actors_01-24/Actor_13/03-01-08-02-01-02-13.wav,13,surprised
/Users/praketmehta/Desktop/multimodal_fusion_code/ravdessDATASET/Audio_Speech_Actors_01-24/Actor_13/03-01-08-01-02-02-13.wav,13,surprised
/Users/praketmehta/Desktop/multimodal_fusion_code/ravdessDATASET/Audio_Speech_Actors_01-24/Actor_13/03-01-06-01-01-01-13.wav,13,fearful
/Users/praketmehta/Desktop/multimodal_fusion_code/ravdessDATASET/Audio_Speech_Actors_01-24/Actor_13/03-01-05-01-01-02-13.wav,13,angry
/Users/praketmehta/Desktop/multimodal_fusion_code/ravdessDATASET/Audio_Speech_Actors_01-24/Actor_13/03-01-05-02-02-02-13.wav,13,angry
/Users/praketmehta/Desktop/multimodal_fusion_code/ravdessDATASET/Audio_Speech_Actors_01-24/Actor_13/03-01-06-02-02-01-13.wav,13,fearful
/Users/praketmehta/Desktop/multimodal_fusion_code/ravdessDATASET/Audio_Speech_Actors_01-24/Actor_13/03-01-04-01-02-01-13.wav,13,sad
/Users/praketmehta/Desktop/multimodal_fusion_code/ravdessDATASET/Audio_Speech_Actors_01-24/Actor_13/03-01-07-01-02-02-13.wav,13,disgust
/Users/praketmehta/Desktop/multimodal_fusion_code/ravdessDATASET/Audio_Speech_Actors_01-24/Actor_13/03-01-07-02-01-02-13.wav,13,disgust
/Users/praketmehta/Desktop/multimodal_fusion_code/ravdessDATASET/Audio_Speech_Actors_01-24/Actor_13/03-01-04-02-01-01-13.wav,13,sad
/Users/praketmehta/Desktop/multimodal_fusion_code/ravdessDATASET/Audio_Speech_Actors_01-24/Actor_13/03-01-03-02-01-01-13.wav,13,happy
/Users/praketmehta/Desktop/multimodal_fusion_code/ravdessDATASET/Audio_Speech_Actors_01-24/Actor_13/03-01-03-01-02-01-13.wav,13,happy
/Users/praketmehta/Desktop/multimodal_fusion_code/ravdessDATASET/Audio_Speech_Actors_01-24/Actor_13/03-01-02-02-02-02-13.wav,13,calm
/Users/praketmehta/Desktop/multimodal_fusion_code/ravdessDATASET/Audio_Speech_Actors_01-24/Actor_13/03-01-02-01-01-02-13.wav,13,calm
/Users/praketmehta/Desktop/multimodal_fusion_code/ravdessDATASET/Audio_Speech_Actors_01-24/Actor_13/03-01-01-01-01-01-13.wav,13,neutral
/Users/praketmehta/Desktop/multimodal_fusion_code/ravdessDATASET/Audio_Speech_Actors_01-24/Actor_13/03-01-08-01-01-02-13.wav,13,surprised
/Users/praketmehta/Desktop/multimodal_fusion_code/ravdessDATASET/Audio_Speech_Actors_01-24/Actor_13/03-01-08-02-02-02-13.wav,13,surprised
/Users/praketmehta/Desktop/multimodal_fusion_code/ravdessDATASET/Audio_Speech_Actors_01-24/Actor_13/03-01-07-02-02-02-13.wav,13,disgust
/Users/praketmehta/Desktop/multimodal_fusion_code/ravdessDATASET/Audio_Speech_Actors_01-24/Actor_13/03-01-04-02-02-01-13.wav,13,sad
/Users/praketmehta/Desktop/multimodal_fusion_code/ravdessDATASET/Audio_Speech_Actors_01-24/Actor_13/03-01-04-01-01-01-13.wav,13,sad
/Users/praketmehta/Desktop/multimodal_fusion_code/ravdessDATASET/Audio_Speech_Actors_01-24/Actor_13/03-01-07-01-01-02-13.wav,13,disgust
/Users/praketmehta/Desktop/multimodal_fusion_code/ravdessDATASET/Audio_Speech_Actors_01-24/Actor_13/03-01-05-02-01-02-13.wav,13,angry
/Users/praketmehta/Desktop/multimodal_fusion_code/ravdessDATASET/Audio_Speech_Actors_01-24/Actor_13/03-01-06-02-01-01-13.wav,13,fearful
/Users/praketmehta/Desktop/multimodal_fusion_code/ravdessDATASET/Audio_Speech_Actors_01-24/Actor_13/03-01-06-01-02-01-13.wav,13,fearful
/Users/praketmehta/Desktop/multimodal_fusion_code/ravdessDATASET/Audio_Speech_Actors_01-24/Actor_13/03-01-05-01-02-02-13.wav,13,angry
/Users/praketmehta/Desktop/multimodal_fusion_code/ravdessDATASET/Audio_Speech_Actors_01-24/Actor_13/03-01-02-01-02-02-13.wav,13,calm
/Users/praketmehta/Desktop/multimodal_fusion_code/ravdessDATASET/Audio_Speech_Actors_01-24/Actor_13/03-01-01-01-02-01-13.wav,13,neutral
/Users/praketmehta/Desktop/multimodal_fusion_code/ravdessDATASET/Audio_Speech_Actors_01-24/Actor_13/03-01-02-02-01-02-13.wav,13,calm
/Users/praketmehta/Desktop/multimodal_fusion_code/ravdessDATASET/Audio_Speech_Actors_01-24/Actor_13/03-01-03-01-01-01-13.wav,13,happy
/Users/praketmehta/Desktop/multimodal_fusion_code/ravdessDATASET/Audio_Speech_Actors_01-24/Actor_13/03-01-03-02-02-01-13.wav,13,happy
/Users/praketmehta/Desktop/multimodal_fusion_code/ravdessDATASET/Audio_Speech_Actors_01-24/Actor_13/03-01-01-01-01-02-13.wav,13,neutral
/Users/praketmehta/Desktop/multimodal_fusion_code/ravdessDATASET/Audio_Speech_Actors_01-24/Actor_13/03-01-02-01-01-01-13.wav,13,calm
/Users/praketmehta/Desktop/multimodal_fusion_code/ravdessDATASET/Audio_Speech_Actors_01-24/Actor_13/03-01-02-02-02-01-13.wav,13,calm
/Users/praketmehta/Desktop/multimodal_fusion_code/ravdessDATASET/Audio_Speech_Actors_01-24/Actor_13/03-01-03-01-02-02-13.wav,13,happy
/Users/praketmehta/Desktop/multimodal_fusion_code/ravdessDATASET/Audio_Speech_Actors_01-24/Actor_13/03-01-03-02-01-02-13.wav,13,happy
/Users/praketmehta/Desktop/multimodal_fusion_code/ravdessDATASET/Audio_Speech_Actors_01-24/Actor_13/03-01-08-01-02-01-13.wav,13,surprised
/Users/praketmehta/Desktop/multimodal_fusion_code/ravdessDATASET/Audio_Speech_Actors_01-24/Actor_13/03-01-08-02-01-01-13.wav,13,surprised
/Users/praketmehta/Desktop/multimodal_fusion_code/ravdessDATASET/Audio_Speech_Actors_01-24/Actor_13/03-01-04-02-01-02-13.wav,13,sad
/Users/praketmehta/Desktop/multimodal_fusion_code/ravdessDATASET/Audio_Speech_Actors_01-24/Actor_13/03-01-07-02-01-01-13.wav,13,disgust
/Users/praketmehta/Desktop/multimodal_fusion_code/ravdessDATASET/Audio_Speech_Actors_01-24/Actor_13/03-01-07-01-02-01-13.wav,13,disgust
/Users/praketmehta/Desktop/multimodal_fusion_code/ravdessDATASET/Audio_Speech_Actors_01-24/Actor_13/03-01-04-01-02-02-13.wav,13,sad
/Users/praketmehta/Desktop/multimodal_fusion_code/ravdessDATASET/Audio_Speech_Actors_01-24/Actor_13/03-01-06-02-02-02-13.wav,13,fearful
/Users/praketmehta/Desktop/multimodal_fusion_code/ravdessDATASET/Audio_Speech_Actors_01-24/Actor_13/03-01-05-02-02-01-13.wav,13,angry
/Users/praketmehta/Desktop/multimodal_fusion_code/ravdessDATASET/Audio_Speech_Actors_01-24/Actor_13/03-01-05-01-01-01-13.wav,13,angry
/Users/praketmehta/Desktop/multimodal_fusion_code/ravdessDATASET/Audio_Speech_Actors_01-24/Actor_13/03-01-06-01-01-02-13.wav,13,fearful
/Users/praketmehta/Desktop/multimodal_fusion_code/ravdessDATASET/Audio_Speech_Actors_01-24/Actor_14/03-01-08-01-01-01-14.wav,14,surprised
/Users/praketmehta/Desktop/multimodal_fusion_code/ravdessDATASET/Audio_Speech_Actors_01-24/Actor_14/03-01-08-02-02-01-14.wav,14,surprised
/Users/praketmehta/Desktop/multimodal_fusion_code/ravdessDATASET/Audio_Speech_Actors_01-24/Actor_14/03-01-04-02-02-02-14.wav,14,sad
/Users/praketmehta/Desktop/multimodal_fusion_code/ravdessDATASET/Audio_Speech_Actors_01-24/Actor_14/03-01-07-02-02-01-14.wav,14,disgust
/Users/praketmehta/Desktop/multimodal_fusion_code/ravdessDATASET/Audio_Speech_Actors_01-24/Actor_14/03-01-07-01-01-01-14.wav,14,disgust
/Users/praketmehta/Desktop/multimodal_fusion_code/ravdessDATASET/Audio_Speech_Actors_01-24/Actor_14/03-01-04-01-01-02-14.wav,14,sad
/Users/praketmehta/Desktop/multimodal_fusion_code/ravdessDATASET/Audio_Speech_Actors_01-24/Actor_14/03-01-06-02-01-02-14.wav,14,fearful
/Users/praketmehta/Desktop/multimodal_fusion_code/ravdessDATASET/Audio_Speech_Actors_01-24/Actor_14/03-01-05-02-01-01-14.wav,14,angry
/Users/praketmehta/Desktop/multimodal_fusion_code/ravdessDATASET/Audio_Speech_Actors_01-24/Actor_14/03-01-05-01-02-01-14.wav,14,angry
/Users/praketmehta/Desktop/multimodal_fusion_code/ravdessDATASET/Audio_Speech_Actors_01-24/Actor_14/03-01-06-01-02-02-14.wav,14,fearful
/Users/praketmehta/Desktop/multimodal_fusion_code/ravdessDATASET/Audio_Speech_Actors_01-24/Actor_14/03-01-01-01-02-02-14.wav,14,neutral
/Users/praketmehta/Desktop/multimodal_fusion_code/ravdessDATASET/Audio_Speech_Actors_01-24/Actor_14/03-01-02-01-02-01-14.wav,14,calm
/Users/praketmehta/Desktop/multimodal_fusion_code/ravdessDATASET/Audio_Speech_Actors_01-24/Actor_14/03-01-02-02-01-01-14.wav,14,calm
/Users/praketmehta/Desktop/multimodal_fusion_code/ravdessDATASET/Audio_Speech_Actors_01-24/Actor_14/03-01-03-01-01-02-14.wav,14,happy
/Users/praketmehta/Desktop/multimodal_fusion_code/ravdessDATASET/Audio_Speech_Actors_01-24/Actor_14/03-01-03-02-02-02-14.wav,14,happy
/Users/praketmehta/Desktop/multimodal_fusion_code/ravdessDATASET/Audio_Speech_Actors_01-24/Actor_14/03-01-02-01-01-02-14.wav,14,calm
/Users/praketmehta/Desktop/multimodal_fusion_code/ravdessDATASET/Audio_Speech_Actors_01-24/Actor_14/03-01-01-01-01-01-14.wav,14,neutral
/Users/praketmehta/Desktop/multimodal_fusion_code/ravdessDATASET/Audio_Speech_Actors_01-24/Actor_14/03-01-02-02-02-02-14.wav,14,calm
/Users/praketmehta/Desktop/multimodal_fusion_code/ravdessDATASET/Audio_Speech_Actors_01-24/Actor_14/03-01-03-01-02-01-14.wav,14,happy
/Users/praketmehta/Desktop/multimodal_fusion_code/ravdessDATASET/Audio_Speech_Actors_01-24/Actor_14/03-01-03-02-01-01-14.wav,14,happy
/Users/praketmehta/Desktop/multimodal_fusion_code/ravdessDATASET/Audio_Speech_Actors_01-24/Actor_14/03-01-08-01-02-02-14.wav,14,surprised
/Users/praketmehta/Desktop/multimodal_fusion_code/ravdessDATASET/Audio_Speech_Actors_01-24/Actor_14/03-01-08-02-01-02-14.wav,14,surprised
/Users/praketmehta/Desktop/multimodal_fusion_code/ravdessDATASET/Audio_Speech_Actors_01-24/Actor_14/03-01-07-02-01-02-14.wav,14,disgust
/Users/praketmehta/Desktop/multimodal_fusion_code/ravdessDATASET/Audio_Speech_Actors_01-24/Actor_14/03-01-04-02-01-01-14.wav,14,sad
/Users/praketmehta/Desktop/multimodal_fusion_code/ravdessDATASET/Audio_Speech_Actors_01-24/Actor_14/03-01-04-01-02-01-14.wav,14,sad
/Users/praketmehta/Desktop/multimodal_fusion_code/ravdessDATASET/Audio_Speech_Actors_01-24/Actor_14/03-01-07-01-02-02-14.wav,14,disgust
/Users/praketmehta/Desktop/multimodal_fusion_code/ravdessDATASET/Audio_Speech_Actors_01-24/Actor_14/03-01-05-02-02-02-14.wav,14,angry
/Users/praketmehta/Desktop/multimodal_fusion_code/ravdessDATASET/Audio_Speech_Actors_01-24/Actor_14/03-01-06-02-02-01-14.wav,14,fearful
/Users/praketmehta/Desktop/multimodal_fusion_code/ravdessDATASET/Audio_Speech_Actors_01-24/Actor_14/03-01-06-01-01-01-14.wav,14,fearful
/Users/praketmehta/Desktop/multimodal_fusion_code/ravdessDATASET/Audio_Speech_Actors_01-24/Actor_14/03-01-05-01-01-02-14.wav,14,angry
/Users/praketmehta/Desktop/multimodal_fusion_code/ravdessDATASET/Audio_Speech_Actors_01-24/Actor_14/03-01-03-02-02-01-14.wav,14,happy
/Users/praketmehta/Desktop/multimodal_fusion_code/ravdessDATASET/Audio_Speech_Actors_01-24/Actor_14/03-01-03-01-01-01-14.wav,14,happy
/Users/praketmehta/Desktop/multimodal_fusion_code/ravdessDATASET/Audio_Speech_Actors_01-24/Actor_14/03-01-02-02-01-02-14.wav,14,calm
/Users/praketmehta/Desktop/multimodal_fusion_code/ravdessDATASET/Audio_Speech_Actors_01-24/Actor_14/03-01-02-01-02-02-14.wav,14,calm
/Users/praketmehta/Desktop/multimodal_fusion_code/ravdessDATASET/Audio_Speech_Actors_01-24/Actor_14/03-01-01-01-02-01-14.wav,14,neutral
/Users/praketmehta/Desktop/multimodal_fusion_code/ravdessDATASET/Audio_Speech_Actors_01-24/Actor_14/03-01-08-02-02-02-14.wav,14,surprised
/Users/praketmehta/Desktop/multimodal_fusion_code/ravdessDATASET/Audio_Speech_Actors_01-24/Actor_14/03-01-08-01-01-02-14.wav,14,surprised
/Users/praketmehta/Desktop/multimodal_fusion_code/ravdessDATASET/Audio_Speech_Actors_01-24/Actor_14/03-01-06-01-02-01-14.wav,14,fearful
/Users/praketmehta/Desktop/multimodal_fusion_code/ravdessDATASET/Audio_Speech_Actors_01-24/Actor_14/03-01-05-01-02-02-14.wav,14,angry
/Users/praketmehta/Desktop/multimodal_fusion_code/ravdessDATASET/Audio_Speech_Actors_01-24/Actor_14/03-01-05-02-01-02-14.wav,14,angry
/Users/praketmehta/Desktop/multimodal_fusion_code/ravdessDATASET/Audio_Speech_Actors_01-24/Actor_14/03-01-06-02-01-01-14.wav,14,fearful
/Users/praketmehta/Desktop/multimodal_fusion_code/ravdessDATASET/Audio_Speech_Actors_01-24/Actor_14/03-01-04-01-01-01-14.wav,14,sad
/Users/praketmehta/Desktop/multimodal_fusion_code/ravdessDATASET/Audio_Speech_Actors_01-24/Actor_14/03-01-07-01-01-02-14.wav,14,disgust
/Users/praketmehta/Desktop/multimodal_fusion_code/ravdessDATASET/Audio_Speech_Actors_01-24/Actor_14/03-01-07-02-02-02-14.wav,14,disgust
/Users/praketmehta/Desktop/multimodal_fusion_code/ravdessDATASET/Audio_Speech_Actors_01-24/Actor_14/03-01-04-02-02-01-14.wav,14,sad
/Users/praketmehta/Desktop/multimodal_fusion_code/ravdessDATASET/Audio_Speech_Actors_01-24/Actor_14/03-01-08-02-01-01-14.wav,14,surprised
/Users/praketmehta/Desktop/multimodal_fusion_code/ravdessDATASET/Audio_Speech_Actors_01-24/Actor_14/03-01-08-01-02-01-14.wav,14,surprised
/Users/praketmehta/Desktop/multimodal_fusion_code/ravdessDATASET/Audio_Speech_Actors_01-24/Actor_14/03-01-05-01-01-01-14.wav,14,angry
/Users/praketmehta/Desktop/multimodal_fusion_code/ravdessDATASET/Audio_Speech_Actors_01-24/Actor_14/03-01-06-01-01-02-14.wav,14,fearful
/Users/praketmehta/Desktop/multimodal_fusion_code/ravdessDATASET/Audio_Speech_Actors_01-24/Actor_14/03-01-06-02-02-02-14.wav,14,fearful
/Users/praketmehta/Desktop/multimodal_fusion_code/ravdessDATASET/Audio_Speech_Actors_01-24/Actor_14/03-01-05-02-02-01-14.wav,14,angry
/Users/praketmehta/Desktop/multimodal_fusion_code/ravdessDATASET/Audio_Speech_Actors_01-24/Actor_14/03-01-07-01-02-01-14.wav,14,disgust
/Users/praketmehta/Desktop/multimodal_fusion_code/ravdessDATASET/Audio_Speech_Actors_01-24/Actor_14/03-01-04-01-02-02-14.wav,14,sad
/Users/praketmehta/Desktop/multimodal_fusion_code/ravdessDATASET/Audio_Speech_Actors_01-24/Actor_14/03-01-04-02-01-02-14.wav,14,sad
/Users/praketmehta/Desktop/multimodal_fusion_code/ravdessDATASET/Audio_Speech_Actors_01-24/Actor_14/03-01-07-02-01-01-14.wav,14,disgust
/Users/praketmehta/Desktop/multimodal_fusion_code/ravdessDATASET/Audio_Speech_Actors_01-24/Actor_14/03-01-03-02-01-02-14.wav,14,happy
/Users/praketmehta/Desktop/multimodal_fusion_code/ravdessDATASET/Audio_Speech_Actors_01-24/Actor_14/03-01-03-01-02-02-14.wav,14,happy
/Users/praketmehta/Desktop/multimodal_fusion_code/ravdessDATASET/Audio_Speech_Actors_01-24/Actor_14/03-01-02-02-02-01-14.wav,14,calm
/Users/praketmehta/Desktop/multimodal_fusion_code/ravdessDATASET/Audio_Speech_Actors_01-24/Actor_14/03-01-01-01-01-02-14.wav,14,neutral
/Users/praketmehta/Desktop/multimodal_fusion_code/ravdessDATASET/Audio_Speech_Actors_01-24/Actor_14/03-01-02-01-01-01-14.wav,14,calm
/Users/praketmehta/Desktop/multimodal_fusion_code/ravdessDATASET/Audio_Speech_Actors_01-24/Actor_15/03-01-08-02-02-01-15.wav,15,surprised
/Users/praketmehta/Desktop/multimodal_fusion_code/ravdessDATASET/Audio_Speech_Actors_01-24/Actor_15/03-01-08-01-01-01-15.wav,15,surprised
/Users/praketmehta/Desktop/multimodal_fusion_code/ravdessDATASET/Audio_Speech_Actors_01-24/Actor_15/03-01-06-01-02-02-15.wav,15,fearful
/Users/praketmehta/Desktop/multimodal_fusion_code/ravdessDATASET/Audio_Speech_Actors_01-24/Actor_15/03-01-05-01-02-01-15.wav,15,angry
/Users/praketmehta/Desktop/multimodal_fusion_code/ravdessDATASET/Audio_Speech_Actors_01-24/Actor_15/03-01-05-02-01-01-15.wav,15,angry
/Users/praketmehta/Desktop/multimodal_fusion_code/ravdessDATASET/Audio_Speech_Actors_01-24/Actor_15/03-01-06-02-01-02-15.wav,15,fearful
/Users/praketmehta/Desktop/multimodal_fusion_code/ravdessDATASET/Audio_Speech_Actors_01-24/Actor_15/03-01-04-01-01-02-15.wav,15,sad
/Users/praketmehta/Desktop/multimodal_fusion_code/ravdessDATASET/Audio_Speech_Actors_01-24/Actor_15/03-01-07-01-01-01-15.wav,15,disgust
/Users/praketmehta/Desktop/multimodal_fusion_code/ravdessDATASET/Audio_Speech_Actors_01-24/Actor_15/03-01-07-02-02-01-15.wav,15,disgust
/Users/praketmehta/Desktop/multimodal_fusion_code/ravdessDATASET/Audio_Speech_Actors_01-24/Actor_15/03-01-04-02-02-02-15.wav,15,sad
/Users/praketmehta/Desktop/multimodal_fusion_code/ravdessDATASET/Audio_Speech_Actors_01-24/Actor_15/03-01-03-02-02-02-15.wav,15,happy
/Users/praketmehta/Desktop/multimodal_fusion_code/ravdessDATASET/Audio_Speech_Actors_01-24/Actor_15/03-01-03-01-01-02-15.wav,15,happy
/Users/praketmehta/Desktop/multimodal_fusion_code/ravdessDATASET/Audio_Speech_Actors_01-24/Actor_15/03-01-02-02-01-01-15.wav,15,calm
/Users/praketmehta/Desktop/multimodal_fusion_code/ravdessDATASET/Audio_Speech_Actors_01-24/Actor_15/03-01-02-01-02-01-15.wav,15,calm
/Users/praketmehta/Desktop/multimodal_fusion_code/ravdessDATASET/Audio_Speech_Actors_01-24/Actor_15/03-01-01-01-02-02-15.wav,15,neutral
/Users/praketmehta/Desktop/multimodal_fusion_code/ravdessDATASET/Audio_Speech_Actors_01-24/Actor_15/03-01-03-02-01-01-15.wav,15,happy
/Users/praketmehta/Desktop/multimodal_fusion_code/ravdessDATASET/Audio_Speech_Actors_01-24/Actor_15/03-01-03-01-02-01-15.wav,15,happy
/Users/praketmehta/Desktop/multimodal_fusion_code/ravdessDATASET/Audio_Speech_Actors_01-24/Actor_15/03-01-02-02-02-02-15.wav,15,calm
/Users/praketmehta/Desktop/multimodal_fusion_code/ravdessDATASET/Audio_Speech_Actors_01-24/Actor_15/03-01-01-01-01-01-15.wav,15,neutral
/Users/praketmehta/Desktop/multimodal_fusion_code/ravdessDATASET/Audio_Speech_Actors_01-24/Actor_15/03-01-02-01-01-02-15.wav,15,calm
/Users/praketmehta/Desktop/multimodal_fusion_code/ravdessDATASET/Audio_Speech_Actors_01-24/Actor_15/03-01-08-02-01-02-15.wav,15,surprised
/Users/praketmehta/Desktop/multimodal_fusion_code/ravdessDATASET/Audio_Speech_Actors_01-24/Actor_15/03-01-08-01-02-02-15.wav,15,surprised
/Users/praketmehta/Desktop/multimodal_fusion_code/ravdessDATASET/Audio_Speech_Actors_01-24/Actor_15/03-01-05-01-01-02-15.wav,15,angry
/Users/praketmehta/Desktop/multimodal_fusion_code/ravdessDATASET/Audio_Speech_Actors_01-24/Actor_15/03-01-06-01-01-01-15.wav,15,fearful
/Users/praketmehta/Desktop/multimodal_fusion_code/ravdessDATASET/Audio_Speech_Actors_01-24/Actor_15/03-01-06-02-02-01-15.wav,15,fearful
/Users/praketmehta/Desktop/multimodal_fusion_code/ravdessDATASET/Audio_Speech_Actors_01-24/Actor_15/03-01-05-02-02-02-15.wav,15,angry
/Users/praketmehta/Desktop/multimodal_fusion_code/ravdessDATASET/Audio_Speech_Actors_01-24/Actor_15/03-01-07-01-02-02-15.wav,15,disgust
/Users/praketmehta/Desktop/multimodal_fusion_code/ravdessDATASET/Audio_Speech_Actors_01-24/Actor_15/03-01-04-01-02-01-15.wav,15,sad
/Users/praketmehta/Desktop/multimodal_fusion_code/ravdessDATASET/Audio_Speech_Actors_01-24/Actor_15/03-01-04-02-01-01-15.wav,15,sad
/Users/praketmehta/Desktop/multimodal_fusion_code/ravdessDATASET/Audio_Speech_Actors_01-24/Actor_15/03-01-07-02-01-02-15.wav,15,disgust
/Users/praketmehta/Desktop/multimodal_fusion_code/ravdessDATASET/Audio_Speech_Actors_01-24/Actor_15/03-01-01-01-02-01-15.wav,15,neutral
/Users/praketmehta/Desktop/multimodal_fusion_code/ravdessDATASET/Audio_Speech_Actors_01-24/Actor_15/03-01-02-01-02-02-15.wav,15,calm
/Users/praketmehta/Desktop/multimodal_fusion_code/ravdessDATASET/Audio_Speech_Actors_01-24/Actor_15/03-01-02-02-01-02-15.wav,15,calm
/Users/praketmehta/Desktop/multimodal_fusion_code/ravdessDATASET/Audio_Speech_Actors_01-24/Actor_15/03-01-03-01-01-01-15.wav,15,happy
/Users/praketmehta/Desktop/multimodal_fusion_code/ravdessDATASET/Audio_Speech_Actors_01-24/Actor_15/03-01-03-02-02-01-15.wav,15,happy
/Users/praketmehta/Desktop/multimodal_fusion_code/ravdessDATASET/Audio_Speech_Actors_01-24/Actor_15/03-01-08-01-01-02-15.wav,15,surprised
/Users/praketmehta/Desktop/multimodal_fusion_code/ravdessDATASET/Audio_Speech_Actors_01-24/Actor_15/03-01-08-02-02-02-15.wav,15,surprised
/Users/praketmehta/Desktop/multimodal_fusion_code/ravdessDATASET/Audio_Speech_Actors_01-24/Actor_15/03-01-04-02-02-01-15.wav,15,sad
/Users/praketmehta/Desktop/multimodal_fusion_code/ravdessDATASET/Audio_Speech_Actors_01-24/Actor_15/03-01-07-02-02-02-15.wav,15,disgust
/Users/praketmehta/Desktop/multimodal_fusion_code/ravdessDATASET/Audio_Speech_Actors_01-24/Actor_15/03-01-07-01-01-02-15.wav,15,disgust
/Users/praketmehta/Desktop/multimodal_fusion_code/ravdessDATASET/Audio_Speech_Actors_01-24/Actor_15/03-01-04-01-01-01-15.wav,15,sad
/Users/praketmehta/Desktop/multimodal_fusion_code/ravdessDATASET/Audio_Speech_Actors_01-24/Actor_15/03-01-06-02-01-01-15.wav,15,fearful
/Users/praketmehta/Desktop/multimodal_fusion_code/ravdessDATASET/Audio_Speech_Actors_01-24/Actor_15/03-01-05-02-01-02-15.wav,15,angry
/Users/praketmehta/Desktop/multimodal_fusion_code/ravdessDATASET/Audio_Speech_Actors_01-24/Actor_15/03-01-05-01-02-02-15.wav,15,angry
/Users/praketmehta/Desktop/multimodal_fusion_code/ravdessDATASET/Audio_Speech_Actors_01-24/Actor_15/03-01-06-01-02-01-15.wav,15,fearful
/Users/praketmehta/Desktop/multimodal_fusion_code/ravdessDATASET/Audio_Speech_Actors_01-24/Actor_15/03-01-08-01-02-01-15.wav,15,surprised
/Users/praketmehta/Desktop/multimodal_fusion_code/ravdessDATASET/Audio_Speech_Actors_01-24/Actor_15/03-01-08-02-01-01-15.wav,15,surprised
/Users/praketmehta/Desktop/multimodal_fusion_code/ravdessDATASET/Audio_Speech_Actors_01-24/Actor_15/03-01-07-02-01-01-15.wav,15,disgust
/Users/praketmehta/Desktop/multimodal_fusion_code/ravdessDATASET/Audio_Speech_Actors_01-24/Actor_15/03-01-04-02-01-02-15.wav,15,sad
/Users/praketmehta/Desktop/multimodal_fusion_code/ravdessDATASET/Audio_Speech_Actors_01-24/Actor_15/03-01-04-01-02-02-15.wav,15,sad
/Users/praketmehta/Desktop/multimodal_fusion_code/ravdessDATASET/Audio_Speech_Actors_01-24/Actor_15/03-01-07-01-02-01-15.wav,15,disgust
/Users/praketmehta/Desktop/multimodal_fusion_code/ravdessDATASET/Audio_Speech_Actors_01-24/Actor_15/03-01-05-02-02-01-15.wav,15,angry
/Users/praketmehta/Desktop/multimodal_fusion_code/ravdessDATASET/Audio_Speech_Actors_01-24/Actor_15/03-01-06-02-02-02-15.wav,15,fearful
/Users/praketmehta/Desktop/multimodal_fusion_code/ravdessDATASET/Audio_Speech_Actors_01-24/Actor_15/03-01-06-01-01-02-15.wav,15,fearful
/Users/praketmehta/Desktop/multimodal_fusion_code/ravdessDATASET/Audio_Speech_Actors_01-24/Actor_15/03-01-05-01-01-01-15.wav,15,angry
/Users/praketmehta/Desktop/multimodal_fusion_code/ravdessDATASET/Audio_Speech_Actors_01-24/Actor_15/03-01-02-01-01-01-15.wav,15,calm
/Users/praketmehta/Desktop/multimodal_fusion_code/ravdessDATASET/Audio_Speech_Actors_01-24/Actor_15/03-01-01-01-01-02-15.wav,15,neutral
/Users/praketmehta/Desktop/multimodal_fusion_code/ravdessDATASET/Audio_Speech_Actors_01-24/Actor_15/03-01-02-02-02-01-15.wav,15,calm
/Users/praketmehta/Desktop/multimodal_fusion_code/ravdessDATASET/Audio_Speech_Actors_01-24/Actor_15/03-01-03-01-02-02-15.wav,15,happy
/Users/praketmehta/Desktop/multimodal_fusion_code/ravdessDATASET/Audio_Speech_Actors_01-24/Actor_15/03-01-03-02-01-02-15.wav,15,happy
/Users/praketmehta/Desktop/multimodal_fusion_code/ravdessDATASET/Audio_Speech_Actors_01-24/Actor_16/03-01-05-01-02-01-16.wav,16,angry
/Users/praketmehta/Desktop/multimodal_fusion_code/ravdessDATASET/Audio_Speech_Actors_01-24/Actor_16/03-01-06-01-02-02-16.wav,16,fearful
/Users/praketmehta/Desktop/multimodal_fusion_code/ravdessDATASET/Audio_Speech_Actors_01-24/Actor_16/03-01-06-02-01-02-16.wav,16,fearful
/Users/praketmehta/Desktop/multimodal_fusion_code/ravdessDATASET/Audio_Speech_Actors_01-24/Actor_16/03-01-05-02-01-01-16.wav,16,angry
/Users/praketmehta/Desktop/multimodal_fusion_code/ravdessDATASET/Audio_Speech_Actors_01-24/Actor_16/03-01-07-01-01-01-16.wav,16,disgust
/Users/praketmehta/Desktop/multimodal_fusion_code/ravdessDATASET/Audio_Speech_Actors_01-24/Actor_16/03-01-04-01-01-02-16.wav,16,sad
/Users/praketmehta/Desktop/multimodal_fusion_code/ravdessDATASET/Audio_Speech_Actors_01-24/Actor_16/03-01-04-02-02-02-16.wav,16,sad
/Users/praketmehta/Desktop/multimodal_fusion_code/ravdessDATASET/Audio_Speech_Actors_01-24/Actor_16/03-01-07-02-02-01-16.wav,16,disgust
/Users/praketmehta/Desktop/multimodal_fusion_code/ravdessDATASET/Audio_Speech_Actors_01-24/Actor_16/03-01-08-02-02-01-16.wav,16,surprised
/Users/praketmehta/Desktop/multimodal_fusion_code/ravdessDATASET/Audio_Speech_Actors_01-24/Actor_16/03-01-08-01-01-01-16.wav,16,surprised
/Users/praketmehta/Desktop/multimodal_fusion_code/ravdessDATASET/Audio_Speech_Actors_01-24/Actor_16/03-01-03-02-02-02-16.wav,16,happy
/Users/praketmehta/Desktop/multimodal_fusion_code/ravdessDATASET/Audio_Speech_Actors_01-24/Actor_16/03-01-03-01-01-02-16.wav,16,happy
/Users/praketmehta/Desktop/multimodal_fusion_code/ravdessDATASET/Audio_Speech_Actors_01-24/Actor_16/03-01-02-02-01-01-16.wav,16,calm
/Users/praketmehta/Desktop/multimodal_fusion_code/ravdessDATASET/Audio_Speech_Actors_01-24/Actor_16/03-01-01-01-02-02-16.wav,16,neutral
/Users/praketmehta/Desktop/multimodal_fusion_code/ravdessDATASET/Audio_Speech_Actors_01-24/Actor_16/03-01-02-01-02-01-16.wav,16,calm
/Users/praketmehta/Desktop/multimodal_fusion_code/ravdessDATASET/Audio_Speech_Actors_01-24/Actor_16/03-01-03-02-01-01-16.wav,16,happy
/Users/praketmehta/Desktop/multimodal_fusion_code/ravdessDATASET/Audio_Speech_Actors_01-24/Actor_16/03-01-03-01-02-01-16.wav,16,happy
/Users/praketmehta/Desktop/multimodal_fusion_code/ravdessDATASET/Audio_Speech_Actors_01-24/Actor_16/03-01-02-02-02-02-16.wav,16,calm
/Users/praketmehta/Desktop/multimodal_fusion_code/ravdessDATASET/Audio_Speech_Actors_01-24/Actor_16/03-01-02-01-01-02-16.wav,16,calm
/Users/praketmehta/Desktop/multimodal_fusion_code/ravdessDATASET/Audio_Speech_Actors_01-24/Actor_16/03-01-01-01-01-01-16.wav,16,neutral
/Users/praketmehta/Desktop/multimodal_fusion_code/ravdessDATASET/Audio_Speech_Actors_01-24/Actor_16/03-01-06-01-01-01-16.wav,16,fearful
/Users/praketmehta/Desktop/multimodal_fusion_code/ravdessDATASET/Audio_Speech_Actors_01-24/Actor_16/03-01-05-01-01-02-16.wav,16,angry
/Users/praketmehta/Desktop/multimodal_fusion_code/ravdessDATASET/Audio_Speech_Actors_01-24/Actor_16/03-01-05-02-02-02-16.wav,16,angry
/Users/praketmehta/Desktop/multimodal_fusion_code/ravdessDATASET/Audio_Speech_Actors_01-24/Actor_16/03-01-06-02-02-01-16.wav,16,fearful
/Users/praketmehta/Desktop/multimodal_fusion_code/ravdessDATASET/Audio_Speech_Actors_01-24/Actor_16/03-01-04-01-02-01-16.wav,16,sad
/Users/praketmehta/Desktop/multimodal_fusion_code/ravdessDATASET/Audio_Speech_Actors_01-24/Actor_16/03-01-07-01-02-02-16.wav,16,disgust
/Users/praketmehta/Desktop/multimodal_fusion_code/ravdessDATASET/Audio_Speech_Actors_01-24/Actor_16/03-01-07-02-01-02-16.wav,16,disgust
/Users/praketmehta/Desktop/multimodal_fusion_code/ravdessDATASET/Audio_Speech_Actors_01-24/Actor_16/03-01-04-02-01-01-16.wav,16,sad
/Users/praketmehta/Desktop/multimodal_fusion_code/ravdessDATASET/Audio_Speech_Actors_01-24/Actor_16/03-01-08-02-01-02-16.wav,16,surprised
/Users/praketmehta/Desktop/multimodal_fusion_code/ravdessDATASET/Audio_Speech_Actors_01-24/Actor_16/03-01-08-01-02-02-16.wav,16,surprised
/Users/praketmehta/Desktop/multimodal_fusion_code/ravdessDATASET/Audio_Speech_Actors_01-24/Actor_16/03-01-02-01-02-02-16.wav,16,calm
/Users/praketmehta/Desktop/multimodal_fusion_code/ravdessDATASET/Audio_Speech_Actors_01-24/Actor_16/03-01-01-01-02-01-16.wav,16,neutral
/Users/praketmehta/Desktop/multimodal_fusion_code/ravdessDATASET/Audio_Speech_Actors_01-24/Actor_16/03-01-02-02-01-02-16.wav,16,calm
/Users/praketmehta/Desktop/multimodal_fusion_code/ravdessDATASET/Audio_Speech_Actors_01-24/Actor_16/03-01-03-01-01-01-16.wav,16,happy
/Users/praketmehta/Desktop/multimodal_fusion_code/ravdessDATASET/Audio_Speech_Actors_01-24/Actor_16/03-01-03-02-02-01-16.wav,16,happy
/Users/praketmehta/Desktop/multimodal_fusion_code/ravdessDATASET/Audio_Speech_Actors_01-24/Actor_16/03-01-07-02-02-02-16.wav,16,disgust
/Users/praketmehta/Desktop/multimodal_fusion_code/ravdessDATASET/Audio_Speech_Actors_01-24/Actor_16/03-01-04-02-02-01-16.wav,16,sad
/Users/praketmehta/Desktop/multimodal_fusion_code/ravdessDATASET/Audio_Speech_Actors_01-24/Actor_16/03-01-04-01-01-01-16.wav,16,sad
/Users/praketmehta/Desktop/multimodal_fusion_code/ravdessDATASET/Audio_Speech_Actors_01-24/Actor_16/03-01-07-01-01-02-16.wav,16,disgust
/Users/praketmehta/Desktop/multimodal_fusion_code/ravdessDATASET/Audio_Speech_Actors_01-24/Actor_16/03-01-05-02-01-02-16.wav,16,angry
/Users/praketmehta/Desktop/multimodal_fusion_code/ravdessDATASET/Audio_Speech_Actors_01-24/Actor_16/03-01-06-02-01-01-16.wav,16,fearful
/Users/praketmehta/Desktop/multimodal_fusion_code/ravdessDATASET/Audio_Speech_Actors_01-24/Actor_16/03-01-06-01-02-01-16.wav,16,fearful
/Users/praketmehta/Desktop/multimodal_fusion_code/ravdessDATASET/Audio_Speech_Actors_01-24/Actor_16/03-01-05-01-02-02-16.wav,16,angry
/Users/praketmehta/Desktop/multimodal_fusion_code/ravdessDATASET/Audio_Speech_Actors_01-24/Actor_16/03-01-08-01-01-02-16.wav,16,surprised
/Users/praketmehta/Desktop/multimodal_fusion_code/ravdessDATASET/Audio_Speech_Actors_01-24/Actor_16/03-01-08-02-02-02-16.wav,16,surprised
/Users/praketmehta/Desktop/multimodal_fusion_code/ravdessDATASET/Audio_Speech_Actors_01-24/Actor_16/03-01-04-02-01-02-16.wav,16,sad
/Users/praketmehta/Desktop/multimodal_fusion_code/ravdessDATASET/Audio_Speech_Actors_01-24/Actor_16/03-01-07-02-01-01-16.wav,16,disgust
/Users/praketmehta/Desktop/multimodal_fusion_code/ravdessDATASET/Audio_Speech_Actors_01-24/Actor_16/03-01-07-01-02-01-16.wav,16,disgust
/Users/praketmehta/Desktop/multimodal_fusion_code/ravdessDATASET/Audio_Speech_Actors_01-24/Actor_16/03-01-04-01-02-02-16.wav,16,sad
/Users/praketmehta/Desktop/multimodal_fusion_code/ravdessDATASET/Audio_Speech_Actors_01-24/Actor_16/03-01-06-02-02-02-16.wav,16,fearful
/Users/praketmehta/Desktop/multimodal_fusion_code/ravdessDATASET/Audio_Speech_Actors_01-24/Actor_16/03-01-05-02-02-01-16.wav,16,angry
/Users/praketmehta/Desktop/multimodal_fusion_code/ravdessDATASET/Audio_Speech_Actors_01-24/Actor_16/03-01-05-01-01-01-16.wav,16,angry
/Users/praketmehta/Desktop/multimodal_fusion_code/ravdessDATASET/Audio_Speech_Actors_01-24/Actor_16/03-01-06-01-01-02-16.wav,16,fearful
/Users/praketmehta/Desktop/multimodal_fusion_code/ravdessDATASET/Audio_Speech_Actors_01-24/Actor_16/03-01-08-01-02-01-16.wav,16,surprised
/Users/praketmehta/Desktop/multimodal_fusion_code/ravdessDATASET/Audio_Speech_Actors_01-24/Actor_16/03-01-08-02-01-01-16.wav,16,surprised
/Users/praketmehta/Desktop/multimodal_fusion_code/ravdessDATASET/Audio_Speech_Actors_01-24/Actor_16/03-01-01-01-01-02-16.wav,16,neutral
/Users/praketmehta/Desktop/multimodal_fusion_code/ravdessDATASET/Audio_Speech_Actors_01-24/Actor_16/03-01-02-01-01-01-16.wav,16,calm
/Users/praketmehta/Desktop/multimodal_fusion_code/ravdessDATASET/Audio_Speech_Actors_01-24/Actor_16/03-01-02-02-02-01-16.wav,16,calm
/Users/praketmehta/Desktop/multimodal_fusion_code/ravdessDATASET/Audio_Speech_Actors_01-24/Actor_16/03-01-03-01-02-02-16.wav,16,happy
/Users/praketmehta/Desktop/multimodal_fusion_code/ravdessDATASET/Audio_Speech_Actors_01-24/Actor_16/03-01-03-02-01-02-16.wav,16,happy
/Users/praketmehta/Desktop/multimodal_fusion_code/ravdessDATASET/Audio_Speech_Actors_01-24/Actor_17/03-01-07-02-02-01-17.wav,17,disgust
/Users/praketmehta/Desktop/multimodal_fusion_code/ravdessDATASET/Audio_Speech_Actors_01-24/Actor_17/03-01-04-02-02-02-17.wav,17,sad
/Users/praketmehta/Desktop/multimodal_fusion_code/ravdessDATASET/Audio_Speech_Actors_01-24/Actor_17/03-01-04-01-01-02-17.wav,17,sad
/Users/praketmehta/Desktop/multimodal_fusion_code/ravdessDATASET/Audio_Speech_Actors_01-24/Actor_17/03-01-07-01-01-01-17.wav,17,disgust
/Users/praketmehta/Desktop/multimodal_fusion_code/ravdessDATASET/Audio_Speech_Actors_01-24/Actor_17/03-01-05-02-01-01-17.wav,17,angry
/Users/praketmehta/Desktop/multimodal_fusion_code/ravdessDATASET/Audio_Speech_Actors_01-24/Actor_17/03-01-06-02-01-02-17.wav,17,fearful
/Users/praketmehta/Desktop/multimodal_fusion_code/ravdessDATASET/Audio_Speech_Actors_01-24/Actor_17/03-01-06-01-02-02-17.wav,17,fearful
/Users/praketmehta/Desktop/multimodal_fusion_code/ravdessDATASET/Audio_Speech_Actors_01-24/Actor_17/03-01-05-01-02-01-17.wav,17,angry
/Users/praketmehta/Desktop/multimodal_fusion_code/ravdessDATASET/Audio_Speech_Actors_01-24/Actor_17/03-01-08-01-01-01-17.wav,17,surprised
/Users/praketmehta/Desktop/multimodal_fusion_code/ravdessDATASET/Audio_Speech_Actors_01-24/Actor_17/03-01-08-02-02-01-17.wav,17,surprised
/Users/praketmehta/Desktop/multimodal_fusion_code/ravdessDATASET/Audio_Speech_Actors_01-24/Actor_17/03-01-02-01-02-01-17.wav,17,calm
/Users/praketmehta/Desktop/multimodal_fusion_code/ravdessDATASET/Audio_Speech_Actors_01-24/Actor_17/03-01-01-01-02-02-17.wav,17,neutral
/Users/praketmehta/Desktop/multimodal_fusion_code/ravdessDATASET/Audio_Speech_Actors_01-24/Actor_17/03-01-02-02-01-01-17.wav,17,calm
/Users/praketmehta/Desktop/multimodal_fusion_code/ravdessDATASET/Audio_Speech_Actors_01-24/Actor_17/03-01-03-01-01-02-17.wav,17,happy
/Users/praketmehta/Desktop/multimodal_fusion_code/ravdessDATASET/Audio_Speech_Actors_01-24/Actor_17/03-01-03-02-02-02-17.wav,17,happy
/Users/praketmehta/Desktop/multimodal_fusion_code/ravdessDATASET/Audio_Speech_Actors_01-24/Actor_17/03-01-01-01-01-01-17.wav,17,neutral
/Users/praketmehta/Desktop/multimodal_fusion_code/ravdessDATASET/Audio_Speech_Actors_01-24/Actor_17/03-01-02-01-01-02-17.wav,17,calm
/Users/praketmehta/Desktop/multimodal_fusion_code/ravdessDATASET/Audio_Speech_Actors_01-24/Actor_17/03-01-02-02-02-02-17.wav,17,calm
/Users/praketmehta/Desktop/multimodal_fusion_code/ravdessDATASET/Audio_Speech_Actors_01-24/Actor_17/03-01-03-01-02-01-17.wav,17,happy
/Users/praketmehta/Desktop/multimodal_fusion_code/ravdessDATASET/Audio_Speech_Actors_01-24/Actor_17/03-01-03-02-01-01-17.wav,17,happy
/Users/praketmehta/Desktop/multimodal_fusion_code/ravdessDATASET/Audio_Speech_Actors_01-24/Actor_17/03-01-04-02-01-01-17.wav,17,sad
/Users/praketmehta/Desktop/multimodal_fusion_code/ravdessDATASET/Audio_Speech_Actors_01-24/Actor_17/03-01-07-02-01-02-17.wav,17,disgust
/Users/praketmehta/Desktop/multimodal_fusion_code/ravdessDATASET/Audio_Speech_Actors_01-24/Actor_17/03-01-07-01-02-02-17.wav,17,disgust
/Users/praketmehta/Desktop/multimodal_fusion_code/ravdessDATASET/Audio_Speech_Actors_01-24/Actor_17/03-01-04-01-02-01-17.wav,17,sad
/Users/praketmehta/Desktop/multimodal_fusion_code/ravdessDATASET/Audio_Speech_Actors_01-24/Actor_17/03-01-06-02-02-01-17.wav,17,fearful
/Users/praketmehta/Desktop/multimodal_fusion_code/ravdessDATASET/Audio_Speech_Actors_01-24/Actor_17/03-01-05-02-02-02-17.wav,17,angry
/Users/praketmehta/Desktop/multimodal_fusion_code/ravdessDATASET/Audio_Speech_Actors_01-24/Actor_17/03-01-05-01-01-02-17.wav,17,angry
/Users/praketmehta/Desktop/multimodal_fusion_code/ravdessDATASET/Audio_Speech_Actors_01-24/Actor_17/03-01-06-01-01-01-17.wav,17,fearful
/Users/praketmehta/Desktop/multimodal_fusion_code/ravdessDATASET/Audio_Speech_Actors_01-24/Actor_17/03-01-08-01-02-02-17.wav,17,surprised
/Users/praketmehta/Desktop/multimodal_fusion_code/ravdessDATASET/Audio_Speech_Actors_01-24/Actor_17/03-01-08-02-01-02-17.wav,17,surprised
/Users/praketmehta/Desktop/multimodal_fusion_code/ravdessDATASET/Audio_Speech_Actors_01-24/Actor_17/03-01-03-02-02-01-17.wav,17,happy
/Users/praketmehta/Desktop/multimodal_fusion_code/ravdessDATASET/Audio_Speech_Actors_01-24/Actor_17/03-01-03-01-01-01-17.wav,17,happy
/Users/praketmehta/Desktop/multimodal_fusion_code/ravdessDATASET/Audio_Speech_Actors_01-24/Actor_17/03-01-02-02-01-02-17.wav,17,calm
/Users/praketmehta/Desktop/multimodal_fusion_code/ravdessDATASET/Audio_Speech_Actors_01-24/Actor_17/03-01-01-01-02-01-17.wav,17,neutral
/Users/praketmehta/Desktop/multimodal_fusion_code/ravdessDATASET/Audio_Speech_Actors_01-24/Actor_17/03-01-02-01-02-02-17.wav,17,calm
/Users/praketmehta/Desktop/multimodal_fusion_code/ravdessDATASET/Audio_Speech_Actors_01-24/Actor_17/03-01-05-01-02-02-17.wav,17,angry
/Users/praketmehta/Desktop/multimodal_fusion_code/ravdessDATASET/Audio_Speech_Actors_01-24/Actor_17/03-01-06-01-02-01-17.wav,17,fearful
/Users/praketmehta/Desktop/multimodal_fusion_code/ravdessDATASET/Audio_Speech_Actors_01-24/Actor_17/03-01-06-02-01-01-17.wav,17,fearful
/Users/praketmehta/Desktop/multimodal_fusion_code/ravdessDATASET/Audio_Speech_Actors_01-24/Actor_17/03-01-05-02-01-02-17.wav,17,angry
/Users/praketmehta/Desktop/multimodal_fusion_code/ravdessDATASET/Audio_Speech_Actors_01-24/Actor_17/03-01-07-01-01-02-17.wav,17,disgust
/Users/praketmehta/Desktop/multimodal_fusion_code/ravdessDATASET/Audio_Speech_Actors_01-24/Actor_17/03-01-04-01-01-01-17.wav,17,sad
/Users/praketmehta/Desktop/multimodal_fusion_code/ravdessDATASET/Audio_Speech_Actors_01-24/Actor_17/03-01-04-02-02-01-17.wav,17,sad
/Users/praketmehta/Desktop/multimodal_fusion_code/ravdessDATASET/Audio_Speech_Actors_01-24/Actor_17/03-01-07-02-02-02-17.wav,17,disgust
/Users/praketmehta/Desktop/multimodal_fusion_code/ravdessDATASET/Audio_Speech_Actors_01-24/Actor_17/03-01-08-02-02-02-17.wav,17,surprised
/Users/praketmehta/Desktop/multimodal_fusion_code/ravdessDATASET/Audio_Speech_Actors_01-24/Actor_17/03-01-08-01-01-02-17.wav,17,surprised
/Users/praketmehta/Desktop/multimodal_fusion_code/ravdessDATASET/Audio_Speech_Actors_01-24/Actor_17/03-01-06-01-01-02-17.wav,17,fearful
/Users/praketmehta/Desktop/multimodal_fusion_code/ravdessDATASET/Audio_Speech_Actors_01-24/Actor_17/03-01-05-01-01-01-17.wav,17,angry
/Users/praketmehta/Desktop/multimodal_fusion_code/ravdessDATASET/Audio_Speech_Actors_01-24/Actor_17/03-01-05-02-02-01-17.wav,17,angry
/Users/praketmehta/Desktop/multimodal_fusion_code/ravdessDATASET/Audio_Speech_Actors_01-24/Actor_17/03-01-06-02-02-02-17.wav,17,fearful
/Users/praketmehta/Desktop/multimodal_fusion_code/ravdessDATASET/Audio_Speech_Actors_01-24/Actor_17/03-01-04-01-02-02-17.wav,17,sad
/Users/praketmehta/Desktop/multimodal_fusion_code/ravdessDATASET/Audio_Speech_Actors_01-24/Actor_17/03-01-07-01-02-01-17.wav,17,disgust
/Users/praketmehta/Desktop/multimodal_fusion_code/ravdessDATASET/Audio_Speech_Actors_01-24/Actor_17/03-01-07-02-01-01-17.wav,17,disgust
/Users/praketmehta/Desktop/multimodal_fusion_code/ravdessDATASET/Audio_Speech_Actors_01-24/Actor_17/03-01-04-02-01-02-17.wav,17,sad
/Users/praketmehta/Desktop/multimodal_fusion_code/ravdessDATASET/Audio_Speech_Actors_01-24/Actor_17/03-01-08-02-01-01-17.wav,17,surprised
/Users/praketmehta/Desktop/multimodal_fusion_code/ravdessDATASET/Audio_Speech_Actors_01-24/Actor_17/03-01-08-01-02-01-17.wav,17,surprised
/Users/praketmehta/Desktop/multimodal_fusion_code/ravdessDATASET/Audio_Speech_Actors_01-24/Actor_17/03-01-03-02-01-02-17.wav,17,happy
/Users/praketmehta/Desktop/multimodal_fusion_code/ravdessDATASET/Audio_Speech_Actors_01-24/Actor_17/03-01-03-01-02-02-17.wav,17,happy
/Users/praketmehta/Desktop/multimodal_fusion_code/ravdessDATASET/Audio_Speech_Actors_01-24/Actor_17/03-01-02-02-02-01-17.wav,17,calm
/Users/praketmehta/Desktop/multimodal_fusion_code/ravdessDATASET/Audio_Speech_Actors_01-24/Actor_17/03-01-02-01-01-01-17.wav,17,calm
/Users/praketmehta/Desktop/multimodal_fusion_code/ravdessDATASET/Audio_Speech_Actors_01-24/Actor_17/03-01-01-01-01-02-17.wav,17,neutral
/Users/praketmehta/Desktop/multimodal_fusion_code/ravdessDATASET/Audio_Speech_Actors_01-24/Actor_18/03-01-03-02-01-02-18.wav,18,happy
/Users/praketmehta/Desktop/multimodal_fusion_code/ravdessDATASET/Audio_Speech_Actors_01-24/Actor_18/03-01-03-01-02-02-18.wav,18,happy
/Users/praketmehta/Desktop/multimodal_fusion_code/ravdessDATASET/Audio_Speech_Actors_01-24/Actor_18/03-01-02-02-02-01-18.wav,18,calm
/Users/praketmehta/Desktop/multimodal_fusion_code/ravdessDATASET/Audio_Speech_Actors_01-24/Actor_18/03-01-02-01-01-01-18.wav,18,calm
/Users/praketmehta/Desktop/multimodal_fusion_code/ravdessDATASET/Audio_Speech_Actors_01-24/Actor_18/03-01-01-01-01-02-18.wav,18,neutral
/Users/praketmehta/Desktop/multimodal_fusion_code/ravdessDATASET/Audio_Speech_Actors_01-24/Actor_18/03-01-06-01-01-02-18.wav,18,fearful
/Users/praketmehta/Desktop/multimodal_fusion_code/ravdessDATASET/Audio_Speech_Actors_01-24/Actor_18/03-01-05-01-01-01-18.wav,18,angry
/Users/praketmehta/Desktop/multimodal_fusion_code/ravdessDATASET/Audio_Speech_Actors_01-24/Actor_18/03-01-05-02-02-01-18.wav,18,angry
/Users/praketmehta/Desktop/multimodal_fusion_code/ravdessDATASET/Audio_Speech_Actors_01-24/Actor_18/03-01-06-02-02-02-18.wav,18,fearful
/Users/praketmehta/Desktop/multimodal_fusion_code/ravdessDATASET/Audio_Speech_Actors_01-24/Actor_18/03-01-04-01-02-02-18.wav,18,sad
/Users/praketmehta/Desktop/multimodal_fusion_code/ravdessDATASET/Audio_Speech_Actors_01-24/Actor_18/03-01-07-01-02-01-18.wav,18,disgust
/Users/praketmehta/Desktop/multimodal_fusion_code/ravdessDATASET/Audio_Speech_Actors_01-24/Actor_18/03-01-07-02-01-01-18.wav,18,disgust
/Users/praketmehta/Desktop/multimodal_fusion_code/ravdessDATASET/Audio_Speech_Actors_01-24/Actor_18/03-01-04-02-01-02-18.wav,18,sad
/Users/praketmehta/Desktop/multimodal_fusion_code/ravdessDATASET/Audio_Speech_Actors_01-24/Actor_18/03-01-08-02-01-01-18.wav,18,surprised
/Users/praketmehta/Desktop/multimodal_fusion_code/ravdessDATASET/Audio_Speech_Actors_01-24/Actor_18/03-01-08-01-02-01-18.wav,18,surprised
/Users/praketmehta/Desktop/multimodal_fusion_code/ravdessDATASET/Audio_Speech_Actors_01-24/Actor_18/03-01-05-01-02-02-18.wav,18,angry
/Users/praketmehta/Desktop/multimodal_fusion_code/ravdessDATASET/Audio_Speech_Actors_01-24/Actor_18/03-01-06-01-02-01-18.wav,18,fearful
/Users/praketmehta/Desktop/multimodal_fusion_code/ravdessDATASET/Audio_Speech_Actors_01-24/Actor_18/03-01-06-02-01-01-18.wav,18,fearful
/Users/praketmehta/Desktop/multimodal_fusion_code/ravdessDATASET/Audio_Speech_Actors_01-24/Actor_18/03-01-05-02-01-02-18.wav,18,angry
/Users/praketmehta/Desktop/multimodal_fusion_code/ravdessDATASET/Audio_Speech_Actors_01-24/Actor_18/03-01-07-01-01-02-18.wav,18,disgust
/Users/praketmehta/Desktop/multimodal_fusion_code/ravdessDATASET/Audio_Speech_Actors_01-24/Actor_18/03-01-04-01-01-01-18.wav,18,sad
/Users/praketmehta/Desktop/multimodal_fusion_code/ravdessDATASET/Audio_Speech_Actors_01-24/Actor_18/03-01-04-02-02-01-18.wav,18,sad
/Users/praketmehta/Desktop/multimodal_fusion_code/ravdessDATASET/Audio_Speech_Actors_01-24/Actor_18/03-01-07-02-02-02-18.wav,18,disgust
/Users/praketmehta/Desktop/multimodal_fusion_code/ravdessDATASET/Audio_Speech_Actors_01-24/Actor_18/03-01-08-02-02-02-18.wav,18,surprised
/Users/praketmehta/Desktop/multimodal_fusion_code/ravdessDATASET/Audio_Speech_Actors_01-24/Actor_18/03-01-08-01-01-02-18.wav,18,surprised
/Users/praketmehta/Desktop/multimodal_fusion_code/ravdessDATASET/Audio_Speech_Actors_01-24/Actor_18/03-01-03-02-02-01-18.wav,18,happy
/Users/praketmehta/Desktop/multimodal_fusion_code/ravdessDATASET/Audio_Speech_Actors_01-24/Actor_18/03-01-03-01-01-01-18.wav,18,happy
/Users/praketmehta/Desktop/multimodal_fusion_code/ravdessDATASET/Audio_Speech_Actors_01-24/Actor_18/03-01-02-02-01-02-18.wav,18,calm
/Users/praketmehta/Desktop/multimodal_fusion_code/ravdessDATASET/Audio_Speech_Actors_01-24/Actor_18/03-01-01-01-02-01-18.wav,18,neutral
/Users/praketmehta/Desktop/multimodal_fusion_code/ravdessDATASET/Audio_Speech_Actors_01-24/Actor_18/03-01-02-01-02-02-18.wav,18,calm
/Users/praketmehta/Desktop/multimodal_fusion_code/ravdessDATASET/Audio_Speech_Actors_01-24/Actor_18/03-01-04-02-01-01-18.wav,18,sad
/Users/praketmehta/Desktop/multimodal_fusion_code/ravdessDATASET/Audio_Speech_Actors_01-24/Actor_18/03-01-07-02-01-02-18.wav,18,disgust
/Users/praketmehta/Desktop/multimodal_fusion_code/ravdessDATASET/Audio_Speech_Actors_01-24/Actor_18/03-01-07-01-02-02-18.wav,18,disgust
/Users/praketmehta/Desktop/multimodal_fusion_code/ravdessDATASET/Audio_Speech_Actors_01-24/Actor_18/03-01-04-01-02-01-18.wav,18,sad
/Users/praketmehta/Desktop/multimodal_fusion_code/ravdessDATASET/Audio_Speech_Actors_01-24/Actor_18/03-01-06-02-02-01-18.wav,18,fearful
/Users/praketmehta/Desktop/multimodal_fusion_code/ravdessDATASET/Audio_Speech_Actors_01-24/Actor_18/03-01-05-02-02-02-18.wav,18,angry
/Users/praketmehta/Desktop/multimodal_fusion_code/ravdessDATASET/Audio_Speech_Actors_01-24/Actor_18/03-01-05-01-01-02-18.wav,18,angry
/Users/praketmehta/Desktop/multimodal_fusion_code/ravdessDATASET/Audio_Speech_Actors_01-24/Actor_18/03-01-06-01-01-01-18.wav,18,fearful
/Users/praketmehta/Desktop/multimodal_fusion_code/ravdessDATASET/Audio_Speech_Actors_01-24/Actor_18/03-01-08-01-02-02-18.wav,18,surprised
/Users/praketmehta/Desktop/multimodal_fusion_code/ravdessDATASET/Audio_Speech_Actors_01-24/Actor_18/03-01-08-02-01-02-18.wav,18,surprised
/Users/praketmehta/Desktop/multimodal_fusion_code/ravdessDATASET/Audio_Speech_Actors_01-24/Actor_18/03-01-01-01-01-01-18.wav,18,neutral
/Users/praketmehta/Desktop/multimodal_fusion_code/ravdessDATASET/Audio_Speech_Actors_01-24/Actor_18/03-01-02-01-01-02-18.wav,18,calm
/Users/praketmehta/Desktop/multimodal_fusion_code/ravdessDATASET/Audio_Speech_Actors_01-24/Actor_18/03-01-02-02-02-02-18.wav,18,calm
/Users/praketmehta/Desktop/multimodal_fusion_code/ravdessDATASET/Audio_Speech_Actors_01-24/Actor_18/03-01-03-01-02-01-18.wav,18,happy
/Users/praketmehta/Desktop/multimodal_fusion_code/ravdessDATASET/Audio_Speech_Actors_01-24/Actor_18/03-01-03-02-01-01-18.wav,18,happy
/Users/praketmehta/Desktop/multimodal_fusion_code/ravdessDATASET/Audio_Speech_Actors_01-24/Actor_18/03-01-02-01-02-01-18.wav,18,calm
/Users/praketmehta/Desktop/multimodal_fusion_code/ravdessDATASET/Audio_Speech_Actors_01-24/Actor_18/03-01-01-01-02-02-18.wav,18,neutral
/Users/praketmehta/Desktop/multimodal_fusion_code/ravdessDATASET/Audio_Speech_Actors_01-24/Actor_18/03-01-02-02-01-01-18.wav,18,calm
/Users/praketmehta/Desktop/multimodal_fusion_code/ravdessDATASET/Audio_Speech_Actors_01-24/Actor_18/03-01-03-01-01-02-18.wav,18,happy
/Users/praketmehta/Desktop/multimodal_fusion_code/ravdessDATASET/Audio_Speech_Actors_01-24/Actor_18/03-01-03-02-02-02-18.wav,18,happy
/Users/praketmehta/Desktop/multimodal_fusion_code/ravdessDATASET/Audio_Speech_Actors_01-24/Actor_18/03-01-07-02-02-01-18.wav,18,disgust
/Users/praketmehta/Desktop/multimodal_fusion_code/ravdessDATASET/Audio_Speech_Actors_01-24/Actor_18/03-01-04-02-02-02-18.wav,18,sad
/Users/praketmehta/Desktop/multimodal_fusion_code/ravdessDATASET/Audio_Speech_Actors_01-24/Actor_18/03-01-04-01-01-02-18.wav,18,sad
/Users/praketmehta/Desktop/multimodal_fusion_code/ravdessDATASET/Audio_Speech_Actors_01-24/Actor_18/03-01-07-01-01-01-18.wav,18,disgust
/Users/praketmehta/Desktop/multimodal_fusion_code/ravdessDATASET/Audio_Speech_Actors_01-24/Actor_18/03-01-05-02-01-01-18.wav,18,angry
/Users/praketmehta/Desktop/multimodal_fusion_code/ravdessDATASET/Audio_Speech_Actors_01-24/Actor_18/03-01-06-02-01-02-18.wav,18,fearful
/Users/praketmehta/Desktop/multimodal_fusion_code/ravdessDATASET/Audio_Speech_Actors_01-24/Actor_18/03-01-06-01-02-02-18.wav,18,fearful
/Users/praketmehta/Desktop/multimodal_fusion_code/ravdessDATASET/Audio_Speech_Actors_01-24/Actor_18/03-01-05-01-02-01-18.wav,18,angry
/Users/praketmehta/Desktop/multimodal_fusion_code/ravdessDATASET/Audio_Speech_Actors_01-24/Actor_18/03-01-08-01-01-01-18.wav,18,surprised
/Users/praketmehta/Desktop/multimodal_fusion_code/ravdessDATASET/Audio_Speech_Actors_01-24/Actor_18/03-01-08-02-02-01-18.wav,18,surprised
/Users/praketmehta/Desktop/multimodal_fusion_code/ravdessDATASET/Audio_Speech_Actors_01-24/Actor_19/03-01-01-01-01-02-19.wav,19,neutral
/Users/praketmehta/Desktop/multimodal_fusion_code/ravdessDATASET/Audio_Speech_Actors_01-24/Actor_19/03-01-02-01-01-01-19.wav,19,calm
/Users/praketmehta/Desktop/multimodal_fusion_code/ravdessDATASET/Audio_Speech_Actors_01-24/Actor_19/03-01-02-02-02-01-19.wav,19,calm
/Users/praketmehta/Desktop/multimodal_fusion_code/ravdessDATASET/Audio_Speech_Actors_01-24/Actor_19/03-01-03-01-02-02-19.wav,19,happy
/Users/praketmehta/Desktop/multimodal_fusion_code/ravdessDATASET/Audio_Speech_Actors_01-24/Actor_19/03-01-03-02-01-02-19.wav,19,happy
/Users/praketmehta/Desktop/multimodal_fusion_code/ravdessDATASET/Audio_Speech_Actors_01-24/Actor_19/03-01-04-02-01-02-19.wav,19,sad
/Users/praketmehta/Desktop/multimodal_fusion_code/ravdessDATASET/Audio_Speech_Actors_01-24/Actor_19/03-01-07-02-01-01-19.wav,19,disgust
/Users/praketmehta/Desktop/multimodal_fusion_code/ravdessDATASET/Audio_Speech_Actors_01-24/Actor_19/03-01-07-01-02-01-19.wav,19,disgust
/Users/praketmehta/Desktop/multimodal_fusion_code/ravdessDATASET/Audio_Speech_Actors_01-24/Actor_19/03-01-04-01-02-02-19.wav,19,sad
/Users/praketmehta/Desktop/multimodal_fusion_code/ravdessDATASET/Audio_Speech_Actors_01-24/Actor_19/03-01-06-02-02-02-19.wav,19,fearful
/Users/praketmehta/Desktop/multimodal_fusion_code/ravdessDATASET/Audio_Speech_Actors_01-24/Actor_19/03-01-05-02-02-01-19.wav,19,angry
/Users/praketmehta/Desktop/multimodal_fusion_code/ravdessDATASET/Audio_Speech_Actors_01-24/Actor_19/03-01-05-01-01-01-19.wav,19,angry
/Users/praketmehta/Desktop/multimodal_fusion_code/ravdessDATASET/Audio_Speech_Actors_01-24/Actor_19/03-01-06-01-01-02-19.wav,19,fearful
/Users/praketmehta/Desktop/multimodal_fusion_code/ravdessDATASET/Audio_Speech_Actors_01-24/Actor_19/03-01-08-01-02-01-19.wav,19,surprised
/Users/praketmehta/Desktop/multimodal_fusion_code/ravdessDATASET/Audio_Speech_Actors_01-24/Actor_19/03-01-08-02-01-01-19.wav,19,surprised
/Users/praketmehta/Desktop/multimodal_fusion_code/ravdessDATASET/Audio_Speech_Actors_01-24/Actor_19/03-01-07-02-02-02-19.wav,19,disgust
/Users/praketmehta/Desktop/multimodal_fusion_code/ravdessDATASET/Audio_Speech_Actors_01-24/Actor_19/03-01-04-02-02-01-19.wav,19,sad
/Users/praketmehta/Desktop/multimodal_fusion_code/ravdessDATASET/Audio_Speech_Actors_01-24/Actor_19/03-01-04-01-01-01-19.wav,19,sad
/Users/praketmehta/Desktop/multimodal_fusion_code/ravdessDATASET/Audio_Speech_Actors_01-24/Actor_19/03-01-07-01-01-02-19.wav,19,disgust
/Users/praketmehta/Desktop/multimodal_fusion_code/ravdessDATASET/Audio_Speech_Actors_01-24/Actor_19/03-01-05-02-01-02-19.wav,19,angry
/Users/praketmehta/Desktop/multimodal_fusion_code/ravdessDATASET/Audio_Speech_Actors_01-24/Actor_19/03-01-06-02-01-01-19.wav,19,fearful
/Users/praketmehta/Desktop/multimodal_fusion_code/ravdessDATASET/Audio_Speech_Actors_01-24/Actor_19/03-01-06-01-02-01-19.wav,19,fearful
/Users/praketmehta/Desktop/multimodal_fusion_code/ravdessDATASET/Audio_Speech_Actors_01-24/Actor_19/03-01-05-01-02-02-19.wav,19,angry
/Users/praketmehta/Desktop/multimodal_fusion_code/ravdessDATASET/Audio_Speech_Actors_01-24/Actor_19/03-01-08-01-01-02-19.wav,19,surprised
/Users/praketmehta/Desktop/multimodal_fusion_code/ravdessDATASET/Audio_Speech_Actors_01-24/Actor_19/03-01-08-02-02-02-19.wav,19,surprised
/Users/praketmehta/Desktop/multimodal_fusion_code/ravdessDATASET/Audio_Speech_Actors_01-24/Actor_19/03-01-02-01-02-02-19.wav,19,calm
/Users/praketmehta/Desktop/multimodal_fusion_code/ravdessDATASET/Audio_Speech_Actors_01-24/Actor_19/03-01-01-01-02-01-19.wav,19,neutral
/Users/praketmehta/Desktop/multimodal_fusion_code/ravdessDATASET/Audio_Speech_Actors_01-24/Actor_19/03-01-02-02-01-02-19.wav,19,calm
/Users/praketmehta/Desktop/multimodal_fusion_code/ravdessDATASET/Audio_Speech_Actors_01-24/Actor_19/03-01-03-01-01-01-19.wav,19,happy
/Users/praketmehta/Desktop/multimodal_fusion_code/ravdessDATASET/Audio_Speech_Actors_01-24/Actor_19/03-01-03-02-02-01-19.wav,19,happy
/Users/praketmehta/Desktop/multimodal_fusion_code/ravdessDATASET/Audio_Speech_Actors_01-24/Actor_19/03-01-06-01-01-01-19.wav,19,fearful
/Users/praketmehta/Desktop/multimodal_fusion_code/ravdessDATASET/Audio_Speech_Actors_01-24/Actor_19/03-01-05-01-01-02-19.wav,19,angry
/Users/praketmehta/Desktop/multimodal_fusion_code/ravdessDATASET/Audio_Speech_Actors_01-24/Actor_19/03-01-05-02-02-02-19.wav,19,angry
/Users/praketmehta/Desktop/multimodal_fusion_code/ravdessDATASET/Audio_Speech_Actors_01-24/Actor_19/03-01-06-02-02-01-19.wav,19,fearful
/Users/praketmehta/Desktop/multimodal_fusion_code/ravdessDATASET/Audio_Speech_Actors_01-24/Actor_19/03-01-04-01-02-01-19.wav,19,sad
/Users/praketmehta/Desktop/multimodal_fusion_code/ravdessDATASET/Audio_Speech_Actors_01-24/Actor_19/03-01-07-01-02-02-19.wav,19,disgust
/Users/praketmehta/Desktop/multimodal_fusion_code/ravdessDATASET/Audio_Speech_Actors_01-24/Actor_19/03-01-07-02-01-02-19.wav,19,disgust
/Users/praketmehta/Desktop/multimodal_fusion_code/ravdessDATASET/Audio_Speech_Actors_01-24/Actor_19/03-01-04-02-01-01-19.wav,19,sad
/Users/praketmehta/Desktop/multimodal_fusion_code/ravdessDATASET/Audio_Speech_Actors_01-24/Actor_19/03-01-08-02-01-02-19.wav,19,surprised
/Users/praketmehta/Desktop/multimodal_fusion_code/ravdessDATASET/Audio_Speech_Actors_01-24/Actor_19/03-01-08-01-02-02-19.wav,19,surprised
/Users/praketmehta/Desktop/multimodal_fusion_code/ravdessDATASET/Audio_Speech_Actors_01-24/Actor_19/03-01-03-02-01-01-19.wav,19,happy
/Users/praketmehta/Desktop/multimodal_fusion_code/ravdessDATASET/Audio_Speech_Actors_01-24/Actor_19/03-01-03-01-02-01-19.wav,19,happy
/Users/praketmehta/Desktop/multimodal_fusion_code/ravdessDATASET/Audio_Speech_Actors_01-24/Actor_19/03-01-02-02-02-02-19.wav,19,calm
/Users/praketmehta/Desktop/multimodal_fusion_code/ravdessDATASET/Audio_Speech_Actors_01-24/Actor_19/03-01-02-01-01-02-19.wav,19,calm
/Users/praketmehta/Desktop/multimodal_fusion_code/ravdessDATASET/Audio_Speech_Actors_01-24/Actor_19/03-01-01-01-01-01-19.wav,19,neutral
/Users/praketmehta/Desktop/multimodal_fusion_code/ravdessDATASET/Audio_Speech_Actors_01-24/Actor_19/03-01-03-02-02-02-19.wav,19,happy
/Users/praketmehta/Desktop/multimodal_fusion_code/ravdessDATASET/Audio_Speech_Actors_01-24/Actor_19/03-01-03-01-01-02-19.wav,19,happy
/Users/praketmehta/Desktop/multimodal_fusion_code/ravdessDATASET/Audio_Speech_Actors_01-24/Actor_19/03-01-02-02-01-01-19.wav,19,calm
/Users/praketmehta/Desktop/multimodal_fusion_code/ravdessDATASET/Audio_Speech_Actors_01-24/Actor_19/03-01-01-01-02-02-19.wav,19,neutral
/Users/praketmehta/Desktop/multimodal_fusion_code/ravdessDATASET/Audio_Speech_Actors_01-24/Actor_19/03-01-02-01-02-01-19.wav,19,calm
/Users/praketmehta/Desktop/multimodal_fusion_code/ravdessDATASET/Audio_Speech_Actors_01-24/Actor_19/03-01-05-01-02-01-19.wav,19,angry
/Users/praketmehta/Desktop/multimodal_fusion_code/ravdessDATASET/Audio_Speech_Actors_01-24/Actor_19/03-01-06-01-02-02-19.wav,19,fearful
/Users/praketmehta/Desktop/multimodal_fusion_code/ravdessDATASET/Audio_Speech_Actors_01-24/Actor_19/03-01-06-02-01-02-19.wav,19,fearful
/Users/praketmehta/Desktop/multimodal_fusion_code/ravdessDATASET/Audio_Speech_Actors_01-24/Actor_19/03-01-05-02-01-01-19.wav,19,angry
/Users/praketmehta/Desktop/multimodal_fusion_code/ravdessDATASET/Audio_Speech_Actors_01-24/Actor_19/03-01-07-01-01-01-19.wav,19,disgust
/Users/praketmehta/Desktop/multimodal_fusion_code/ravdessDATASET/Audio_Speech_Actors_01-24/Actor_19/03-01-04-01-01-02-19.wav,19,sad
/Users/praketmehta/Desktop/multimodal_fusion_code/ravdessDATASET/Audio_Speech_Actors_01-24/Actor_19/03-01-04-02-02-02-19.wav,19,sad
/Users/praketmehta/Desktop/multimodal_fusion_code/ravdessDATASET/Audio_Speech_Actors_01-24/Actor_19/03-01-07-02-02-01-19.wav,19,disgust
/Users/praketmehta/Desktop/multimodal_fusion_code/ravdessDATASET/Audio_Speech_Actors_01-24/Actor_19/03-01-08-02-02-01-19.wav,19,surprised
/Users/praketmehta/Desktop/multimodal_fusion_code/ravdessDATASET/Audio_Speech_Actors_01-24/Actor_19/03-01-08-01-01-01-19.wav,19,surprised
/Users/praketmehta/Desktop/multimodal_fusion_code/ravdessDATASET/Audio_Speech_Actors_01-24/Actor_20/03-01-08-01-02-01-20.wav,20,surprised
/Users/praketmehta/Desktop/multimodal_fusion_code/ravdessDATASET/Audio_Speech_Actors_01-24/Actor_20/03-01-08-02-01-01-20.wav,20,surprised
/Users/praketmehta/Desktop/multimodal_fusion_code/ravdessDATASET/Audio_Speech_Actors_01-24/Actor_20/03-01-04-02-01-02-20.wav,20,sad
/Users/praketmehta/Desktop/multimodal_fusion_code/ravdessDATASET/Audio_Speech_Actors_01-24/Actor_20/03-01-07-02-01-01-20.wav,20,disgust
/Users/praketmehta/Desktop/multimodal_fusion_code/ravdessDATASET/Audio_Speech_Actors_01-24/Actor_20/03-01-07-01-02-01-20.wav,20,disgust
/Users/praketmehta/Desktop/multimodal_fusion_code/ravdessDATASET/Audio_Speech_Actors_01-24/Actor_20/03-01-04-01-02-02-20.wav,20,sad
/Users/praketmehta/Desktop/multimodal_fusion_code/ravdessDATASET/Audio_Speech_Actors_01-24/Actor_20/03-01-06-02-02-02-20.wav,20,fearful
/Users/praketmehta/Desktop/multimodal_fusion_code/ravdessDATASET/Audio_Speech_Actors_01-24/Actor_20/03-01-05-02-02-01-20.wav,20,angry
/Users/praketmehta/Desktop/multimodal_fusion_code/ravdessDATASET/Audio_Speech_Actors_01-24/Actor_20/03-01-05-01-01-01-20.wav,20,angry
/Users/praketmehta/Desktop/multimodal_fusion_code/ravdessDATASET/Audio_Speech_Actors_01-24/Actor_20/03-01-06-01-01-02-20.wav,20,fearful
/Users/praketmehta/Desktop/multimodal_fusion_code/ravdessDATASET/Audio_Speech_Actors_01-24/Actor_20/03-01-01-01-01-02-20.wav,20,neutral
/Users/praketmehta/Desktop/multimodal_fusion_code/ravdessDATASET/Audio_Speech_Actors_01-24/Actor_20/03-01-02-01-01-01-20.wav,20,calm
/Users/praketmehta/Desktop/multimodal_fusion_code/ravdessDATASET/Audio_Speech_Actors_01-24/Actor_20/03-01-02-02-02-01-20.wav,20,calm
/Users/praketmehta/Desktop/multimodal_fusion_code/ravdessDATASET/Audio_Speech_Actors_01-24/Actor_20/03-01-03-01-02-02-20.wav,20,happy
/Users/praketmehta/Desktop/multimodal_fusion_code/ravdessDATASET/Audio_Speech_Actors_01-24/Actor_20/03-01-03-02-01-02-20.wav,20,happy
/Users/praketmehta/Desktop/multimodal_fusion_code/ravdessDATASET/Audio_Speech_Actors_01-24/Actor_20/03-01-02-01-02-02-20.wav,20,calm
/Users/praketmehta/Desktop/multimodal_fusion_code/ravdessDATASET/Audio_Speech_Actors_01-24/Actor_20/03-01-01-01-02-01-20.wav,20,neutral
/Users/praketmehta/Desktop/multimodal_fusion_code/ravdessDATASET/Audio_Speech_Actors_01-24/Actor_20/03-01-02-02-01-02-20.wav,20,calm
/Users/praketmehta/Desktop/multimodal_fusion_code/ravdessDATASET/Audio_Speech_Actors_01-24/Actor_20/03-01-03-01-01-01-20.wav,20,happy
/Users/praketmehta/Desktop/multimodal_fusion_code/ravdessDATASET/Audio_Speech_Actors_01-24/Actor_20/03-01-03-02-02-01-20.wav,20,happy
/Users/praketmehta/Desktop/multimodal_fusion_code/ravdessDATASET/Audio_Speech_Actors_01-24/Actor_20/03-01-08-01-01-02-20.wav,20,surprised
/Users/praketmehta/Desktop/multimodal_fusion_code/ravdessDATASET/Audio_Speech_Actors_01-24/Actor_20/03-01-08-02-02-02-20.wav,20,surprised
/Users/praketmehta/Desktop/multimodal_fusion_code/ravdessDATASET/Audio_Speech_Actors_01-24/Actor_20/03-01-07-02-02-02-20.wav,20,disgust
/Users/praketmehta/Desktop/multimodal_fusion_code/ravdessDATASET/Audio_Speech_Actors_01-24/Actor_20/03-01-04-02-02-01-20.wav,20,sad
/Users/praketmehta/Desktop/multimodal_fusion_code/ravdessDATASET/Audio_Speech_Actors_01-24/Actor_20/03-01-04-01-01-01-20.wav,20,sad
/Users/praketmehta/Desktop/multimodal_fusion_code/ravdessDATASET/Audio_Speech_Actors_01-24/Actor_20/03-01-07-01-01-02-20.wav,20,disgust
/Users/praketmehta/Desktop/multimodal_fusion_code/ravdessDATASET/Audio_Speech_Actors_01-24/Actor_20/03-01-05-02-01-02-20.wav,20,angry
/Users/praketmehta/Desktop/multimodal_fusion_code/ravdessDATASET/Audio_Speech_Actors_01-24/Actor_20/03-01-06-02-01-01-20.wav,20,fearful
/Users/praketmehta/Desktop/multimodal_fusion_code/ravdessDATASET/Audio_Speech_Actors_01-24/Actor_20/03-01-06-01-02-01-20.wav,20,fearful
/Users/praketmehta/Desktop/multimodal_fusion_code/ravdessDATASET/Audio_Speech_Actors_01-24/Actor_20/03-01-05-01-02-02-20.wav,20,angry
/Users/praketmehta/Desktop/multimodal_fusion_code/ravdessDATASET/Audio_Speech_Actors_01-24/Actor_20/03-01-03-02-01-01-20.wav,20,happy
/Users/praketmehta/Desktop/multimodal_fusion_code/ravdessDATASET/Audio_Speech_Actors_01-24/Actor_20/03-01-03-01-02-01-20.wav,20,happy
/Users/praketmehta/Desktop/multimodal_fusion_code/ravdessDATASET/Audio_Speech_Actors_01-24/Actor_20/03-01-02-02-02-02-20.wav,20,calm
/Users/praketmehta/Desktop/multimodal_fusion_code/ravdessDATASET/Audio_Speech_Actors_01-24/Actor_20/03-01-02-01-01-02-20.wav,20,calm
/Users/praketmehta/Desktop/multimodal_fusion_code/ravdessDATASET/Audio_Speech_Actors_01-24/Actor_20/03-01-01-01-01-01-20.wav,20,neutral
/Users/praketmehta/Desktop/multimodal_fusion_code/ravdessDATASET/Audio_Speech_Actors_01-24/Actor_20/03-01-08-02-01-02-20.wav,20,surprised
/Users/praketmehta/Desktop/multimodal_fusion_code/ravdessDATASET/Audio_Speech_Actors_01-24/Actor_20/03-01-08-01-02-02-20.wav,20,surprised
/Users/praketmehta/Desktop/multimodal_fusion_code/ravdessDATASET/Audio_Speech_Actors_01-24/Actor_20/03-01-06-01-01-01-20.wav,20,fearful
/Users/praketmehta/Desktop/multimodal_fusion_code/ravdessDATASET/Audio_Speech_Actors_01-24/Actor_20/03-01-05-01-01-02-20.wav,20,angry
/Users/praketmehta/Desktop/multimodal_fusion_code/ravdessDATASET/Audio_Speech_Actors_01-24/Actor_20/03-01-05-02-02-02-20.wav,20,angry
/Users/praketmehta/Desktop/multimodal_fusion_code/ravdessDATASET/Audio_Speech_Actors_01-24/Actor_20/03-01-06-02-02-01-20.wav,20,fearful
/Users/praketmehta/Desktop/multimodal_fusion_code/ravdessDATASET/Audio_Speech_Actors_01-24/Actor_20/03-01-04-01-02-01-20.wav,20,sad
/Users/praketmehta/Desktop/multimodal_fusion_code/ravdessDATASET/Audio_Speech_Actors_01-24/Actor_20/03-01-07-01-02-02-20.wav,20,disgust
/Users/praketmehta/Desktop/multimodal_fusion_code/ravdessDATASET/Audio_Speech_Actors_01-24/Actor_20/03-01-07-02-01-02-20.wav,20,disgust
/Users/praketmehta/Desktop/multimodal_fusion_code/ravdessDATASET/Audio_Speech_Actors_01-24/Actor_20/03-01-04-02-01-01-20.wav,20,sad
/Users/praketmehta/Desktop/multimodal_fusion_code/ravdessDATASET/Audio_Speech_Actors_01-24/Actor_20/03-01-08-02-02-01-20.wav,20,surprised
/Users/praketmehta/Desktop/multimodal_fusion_code/ravdessDATASET/Audio_Speech_Actors_01-24/Actor_20/03-01-08-01-01-01-20.wav,20,surprised
/Users/praketmehta/Desktop/multimodal_fusion_code/ravdessDATASET/Audio_Speech_Actors_01-24/Actor_20/03-01-05-01-02-01-20.wav,20,angry
/Users/praketmehta/Desktop/multimodal_fusion_code/ravdessDATASET/Audio_Speech_Actors_01-24/Actor_20/03-01-06-01-02-02-20.wav,20,fearful
/Users/praketmehta/Desktop/multimodal_fusion_code/ravdessDATASET/Audio_Speech_Actors_01-24/Actor_20/03-01-06-02-01-02-20.wav,20,fearful
/Users/praketmehta/Desktop/multimodal_fusion_code/ravdessDATASET/Audio_Speech_Actors_01-24/Actor_20/03-01-05-02-01-01-20.wav,20,angry
/Users/praketmehta/Desktop/multimodal_fusion_code/ravdessDATASET/Audio_Speech_Actors_01-24/Actor_20/03-01-07-01-01-01-20.wav,20,disgust
/Users/praketmehta/Desktop/multimodal_fusion_code/ravdessDATASET/Audio_Speech_Actors_01-24/Actor_20/03-01-04-01-01-02-20.wav,20,sad
/Users/praketmehta/Desktop/multimodal_fusion_code/ravdessDATASET/Audio_Speech_Actors_01-24/Actor_20/03-01-04-02-02-02-20.wav,20,sad
/Users/praketmehta/Desktop/multimodal_fusion_code/ravdessDATASET/Audio_Speech_Actors_01-24/Actor_20/03-01-07-02-02-01-20.wav,20,disgust
/Users/praketmehta/Desktop/multimodal_fusion_code/ravdessDATASET/Audio_Speech_Actors_01-24/Actor_20/03-01-03-02-02-02-20.wav,20,happy
/Users/praketmehta/Desktop/multimodal_fusion_code/ravdessDATASET/Audio_Speech_Actors_01-24/Actor_20/03-01-03-01-01-02-20.wav,20,happy
/Users/praketmehta/Desktop/multimodal_fusion_code/ravdessDATASET/Audio_Speech_Actors_01-24/Actor_20/03-01-02-02-01-01-20.wav,20,calm
/Users/praketmehta/Desktop/multimodal_fusion_code/ravdessDATASET/Audio_Speech_Actors_01-24/Actor_20/03-01-01-01-02-02-20.wav,20,neutral
/Users/praketmehta/Desktop/multimodal_fusion_code/ravdessDATASET/Audio_Speech_Actors_01-24/Actor_20/03-01-02-01-02-01-20.wav,20,calm
/Users/praketmehta/Desktop/multimodal_fusion_code/ravdessDATASET/Audio_Speech_Actors_01-24/Actor_21/03-01-08-02-01-01-21.wav,21,surprised
/Users/praketmehta/Desktop/multimodal_fusion_code/ravdessDATASET/Audio_Speech_Actors_01-24/Actor_21/03-01-08-01-02-01-21.wav,21,surprised
/Users/praketmehta/Desktop/multimodal_fusion_code/ravdessDATASET/Audio_Speech_Actors_01-24/Actor_21/03-01-06-01-01-02-21.wav,21,fearful
/Users/praketmehta/Desktop/multimodal_fusion_code/ravdessDATASET/Audio_Speech_Actors_01-24/Actor_21/03-01-05-01-01-01-21.wav,21,angry
/Users/praketmehta/Desktop/multimodal_fusion_code/ravdessDATASET/Audio_Speech_Actors_01-24/Actor_21/03-01-05-02-02-01-21.wav,21,angry
/Users/praketmehta/Desktop/multimodal_fusion_code/ravdessDATASET/Audio_Speech_Actors_01-24/Actor_21/03-01-06-02-02-02-21.wav,21,fearful
/Users/praketmehta/Desktop/multimodal_fusion_code/ravdessDATASET/Audio_Speech_Actors_01-24/Actor_21/03-01-04-01-02-02-21.wav,21,sad
/Users/praketmehta/Desktop/multimodal_fusion_code/ravdessDATASET/Audio_Speech_Actors_01-24/Actor_21/03-01-07-01-02-01-21.wav,21,disgust
/Users/praketmehta/Desktop/multimodal_fusion_code/ravdessDATASET/Audio_Speech_Actors_01-24/Actor_21/03-01-07-02-01-01-21.wav,21,disgust
/Users/praketmehta/Desktop/multimodal_fusion_code/ravdessDATASET/Audio_Speech_Actors_01-24/Actor_21/03-01-04-02-01-02-21.wav,21,sad
/Users/praketmehta/Desktop/multimodal_fusion_code/ravdessDATASET/Audio_Speech_Actors_01-24/Actor_21/03-01-03-02-01-02-21.wav,21,happy
/Users/praketmehta/Desktop/multimodal_fusion_code/ravdessDATASET/Audio_Speech_Actors_01-24/Actor_21/03-01-03-01-02-02-21.wav,21,happy
/Users/praketmehta/Desktop/multimodal_fusion_code/ravdessDATASET/Audio_Speech_Actors_01-24/Actor_21/03-01-02-02-02-01-21.wav,21,calm
/Users/praketmehta/Desktop/multimodal_fusion_code/ravdessDATASET/Audio_Speech_Actors_01-24/Actor_21/03-01-02-01-01-01-21.wav,21,calm
/Users/praketmehta/Desktop/multimodal_fusion_code/ravdessDATASET/Audio_Speech_Actors_01-24/Actor_21/03-01-01-01-01-02-21.wav,21,neutral
/Users/praketmehta/Desktop/multimodal_fusion_code/ravdessDATASET/Audio_Speech_Actors_01-24/Actor_21/03-01-03-02-02-01-21.wav,21,happy
/Users/praketmehta/Desktop/multimodal_fusion_code/ravdessDATASET/Audio_Speech_Actors_01-24/Actor_21/03-01-03-01-01-01-21.wav,21,happy
/Users/praketmehta/Desktop/multimodal_fusion_code/ravdessDATASET/Audio_Speech_Actors_01-24/Actor_21/03-01-02-02-01-02-21.wav,21,calm
/Users/praketmehta/Desktop/multimodal_fusion_code/ravdessDATASET/Audio_Speech_Actors_01-24/Actor_21/03-01-01-01-02-01-21.wav,21,neutral
/Users/praketmehta/Desktop/multimodal_fusion_code/ravdessDATASET/Audio_Speech_Actors_01-24/Actor_21/03-01-02-01-02-02-21.wav,21,calm
/Users/praketmehta/Desktop/multimodal_fusion_code/ravdessDATASET/Audio_Speech_Actors_01-24/Actor_21/03-01-08-02-02-02-21.wav,21,surprised
/Users/praketmehta/Desktop/multimodal_fusion_code/ravdessDATASET/Audio_Speech_Actors_01-24/Actor_21/03-01-08-01-01-02-21.wav,21,surprised
/Users/praketmehta/Desktop/multimodal_fusion_code/ravdessDATASET/Audio_Speech_Actors_01-24/Actor_21/03-01-05-01-02-02-21.wav,21,angry
/Users/praketmehta/Desktop/multimodal_fusion_code/ravdessDATASET/Audio_Speech_Actors_01-24/Actor_21/03-01-06-01-02-01-21.wav,21,fearful
/Users/praketmehta/Desktop/multimodal_fusion_code/ravdessDATASET/Audio_Speech_Actors_01-24/Actor_21/03-01-06-02-01-01-21.wav,21,fearful
/Users/praketmehta/Desktop/multimodal_fusion_code/ravdessDATASET/Audio_Speech_Actors_01-24/Actor_21/03-01-05-02-01-02-21.wav,21,angry
/Users/praketmehta/Desktop/multimodal_fusion_code/ravdessDATASET/Audio_Speech_Actors_01-24/Actor_21/03-01-07-01-01-02-21.wav,21,disgust
/Users/praketmehta/Desktop/multimodal_fusion_code/ravdessDATASET/Audio_Speech_Actors_01-24/Actor_21/03-01-04-01-01-01-21.wav,21,sad
/Users/praketmehta/Desktop/multimodal_fusion_code/ravdessDATASET/Audio_Speech_Actors_01-24/Actor_21/03-01-04-02-02-01-21.wav,21,sad
/Users/praketmehta/Desktop/multimodal_fusion_code/ravdessDATASET/Audio_Speech_Actors_01-24/Actor_21/03-01-07-02-02-02-21.wav,21,disgust
/Users/praketmehta/Desktop/multimodal_fusion_code/ravdessDATASET/Audio_Speech_Actors_01-24/Actor_21/03-01-01-01-01-01-21.wav,21,neutral
/Users/praketmehta/Desktop/multimodal_fusion_code/ravdessDATASET/Audio_Speech_Actors_01-24/Actor_21/03-01-02-01-01-02-21.wav,21,calm
/Users/praketmehta/Desktop/multimodal_fusion_code/ravdessDATASET/Audio_Speech_Actors_01-24/Actor_21/03-01-02-02-02-02-21.wav,21,calm
/Users/praketmehta/Desktop/multimodal_fusion_code/ravdessDATASET/Audio_Speech_Actors_01-24/Actor_21/03-01-03-01-02-01-21.wav,21,happy
/Users/praketmehta/Desktop/multimodal_fusion_code/ravdessDATASET/Audio_Speech_Actors_01-24/Actor_21/03-01-03-02-01-01-21.wav,21,happy
/Users/praketmehta/Desktop/multimodal_fusion_code/ravdessDATASET/Audio_Speech_Actors_01-24/Actor_21/03-01-08-01-02-02-21.wav,21,surprised
/Users/praketmehta/Desktop/multimodal_fusion_code/ravdessDATASET/Audio_Speech_Actors_01-24/Actor_21/03-01-08-02-01-02-21.wav,21,surprised
/Users/praketmehta/Desktop/multimodal_fusion_code/ravdessDATASET/Audio_Speech_Actors_01-24/Actor_21/03-01-04-02-01-01-21.wav,21,sad
/Users/praketmehta/Desktop/multimodal_fusion_code/ravdessDATASET/Audio_Speech_Actors_01-24/Actor_21/03-01-07-02-01-02-21.wav,21,disgust
/Users/praketmehta/Desktop/multimodal_fusion_code/ravdessDATASET/Audio_Speech_Actors_01-24/Actor_21/03-01-07-01-02-02-21.wav,21,disgust
/Users/praketmehta/Desktop/multimodal_fusion_code/ravdessDATASET/Audio_Speech_Actors_01-24/Actor_21/03-01-04-01-02-01-21.wav,21,sad
/Users/praketmehta/Desktop/multimodal_fusion_code/ravdessDATASET/Audio_Speech_Actors_01-24/Actor_21/03-01-06-02-02-01-21.wav,21,fearful
/Users/praketmehta/Desktop/multimodal_fusion_code/ravdessDATASET/Audio_Speech_Actors_01-24/Actor_21/03-01-05-02-02-02-21.wav,21,angry
/Users/praketmehta/Desktop/multimodal_fusion_code/ravdessDATASET/Audio_Speech_Actors_01-24/Actor_21/03-01-05-01-01-02-21.wav,21,angry
/Users/praketmehta/Desktop/multimodal_fusion_code/ravdessDATASET/Audio_Speech_Actors_01-24/Actor_21/03-01-06-01-01-01-21.wav,21,fearful
/Users/praketmehta/Desktop/multimodal_fusion_code/ravdessDATASET/Audio_Speech_Actors_01-24/Actor_21/03-01-08-01-01-01-21.wav,21,surprised
/Users/praketmehta/Desktop/multimodal_fusion_code/ravdessDATASET/Audio_Speech_Actors_01-24/Actor_21/03-01-08-02-02-01-21.wav,21,surprised
/Users/praketmehta/Desktop/multimodal_fusion_code/ravdessDATASET/Audio_Speech_Actors_01-24/Actor_21/03-01-07-02-02-01-21.wav,21,disgust
/Users/praketmehta/Desktop/multimodal_fusion_code/ravdessDATASET/Audio_Speech_Actors_01-24/Actor_21/03-01-04-02-02-02-21.wav,21,sad
/Users/praketmehta/Desktop/multimodal_fusion_code/ravdessDATASET/Audio_Speech_Actors_01-24/Actor_21/03-01-04-01-01-02-21.wav,21,sad
/Users/praketmehta/Desktop/multimodal_fusion_code/ravdessDATASET/Audio_Speech_Actors_01-24/Actor_21/03-01-07-01-01-01-21.wav,21,disgust
/Users/praketmehta/Desktop/multimodal_fusion_code/ravdessDATASET/Audio_Speech_Actors_01-24/Actor_21/03-01-05-02-01-01-21.wav,21,angry
/Users/praketmehta/Desktop/multimodal_fusion_code/ravdessDATASET/Audio_Speech_Actors_01-24/Actor_21/03-01-06-02-01-02-21.wav,21,fearful
/Users/praketmehta/Desktop/multimodal_fusion_code/ravdessDATASET/Audio_Speech_Actors_01-24/Actor_21/03-01-06-01-02-02-21.wav,21,fearful
/Users/praketmehta/Desktop/multimodal_fusion_code/ravdessDATASET/Audio_Speech_Actors_01-24/Actor_21/03-01-05-01-02-01-21.wav,21,angry
/Users/praketmehta/Desktop/multimodal_fusion_code/ravdessDATASET/Audio_Speech_Actors_01-24/Actor_21/03-01-02-01-02-01-21.wav,21,calm
/Users/praketmehta/Desktop/multimodal_fusion_code/ravdessDATASET/Audio_Speech_Actors_01-24/Actor_21/03-01-01-01-02-02-21.wav,21,neutral
/Users/praketmehta/Desktop/multimodal_fusion_code/ravdessDATASET/Audio_Speech_Actors_01-24/Actor_21/03-01-02-02-01-01-21.wav,21,calm
/Users/praketmehta/Desktop/multimodal_fusion_code/ravdessDATASET/Audio_Speech_Actors_01-24/Actor_21/03-01-03-01-01-02-21.wav,21,happy
/Users/praketmehta/Desktop/multimodal_fusion_code/ravdessDATASET/Audio_Speech_Actors_01-24/Actor_21/03-01-03-02-02-02-21.wav,21,happy
/Users/praketmehta/Desktop/multimodal_fusion_code/ravdessDATASET/Audio_Speech_Actors_01-24/Actor_22/03-01-05-01-01-01-22.wav,22,angry
/Users/praketmehta/Desktop/multimodal_fusion_code/ravdessDATASET/Audio_Speech_Actors_01-24/Actor_22/03-01-06-01-01-02-22.wav,22,fearful
/Users/praketmehta/Desktop/multimodal_fusion_code/ravdessDATASET/Audio_Speech_Actors_01-24/Actor_22/03-01-06-02-02-02-22.wav,22,fearful
/Users/praketmehta/Desktop/multimodal_fusion_code/ravdessDATASET/Audio_Speech_Actors_01-24/Actor_22/03-01-05-02-02-01-22.wav,22,angry
/Users/praketmehta/Desktop/multimodal_fusion_code/ravdessDATASET/Audio_Speech_Actors_01-24/Actor_22/03-01-07-01-02-01-22.wav,22,disgust
/Users/praketmehta/Desktop/multimodal_fusion_code/ravdessDATASET/Audio_Speech_Actors_01-24/Actor_22/03-01-04-01-02-02-22.wav,22,sad
/Users/praketmehta/Desktop/multimodal_fusion_code/ravdessDATASET/Audio_Speech_Actors_01-24/Actor_22/03-01-04-02-01-02-22.wav,22,sad
/Users/praketmehta/Desktop/multimodal_fusion_code/ravdessDATASET/Audio_Speech_Actors_01-24/Actor_22/03-01-07-02-01-01-22.wav,22,disgust
/Users/praketmehta/Desktop/multimodal_fusion_code/ravdessDATASET/Audio_Speech_Actors_01-24/Actor_22/03-01-08-02-01-01-22.wav,22,surprised
/Users/praketmehta/Desktop/multimodal_fusion_code/ravdessDATASET/Audio_Speech_Actors_01-24/Actor_22/03-01-08-01-02-01-22.wav,22,surprised
/Users/praketmehta/Desktop/multimodal_fusion_code/ravdessDATASET/Audio_Speech_Actors_01-24/Actor_22/03-01-03-02-01-02-22.wav,22,happy
/Users/praketmehta/Desktop/multimodal_fusion_code/ravdessDATASET/Audio_Speech_Actors_01-24/Actor_22/03-01-03-01-02-02-22.wav,22,happy
/Users/praketmehta/Desktop/multimodal_fusion_code/ravdessDATASET/Audio_Speech_Actors_01-24/Actor_22/03-01-02-02-02-01-22.wav,22,calm
/Users/praketmehta/Desktop/multimodal_fusion_code/ravdessDATASET/Audio_Speech_Actors_01-24/Actor_22/03-01-01-01-01-02-22.wav,22,neutral
/Users/praketmehta/Desktop/multimodal_fusion_code/ravdessDATASET/Audio_Speech_Actors_01-24/Actor_22/03-01-02-01-01-01-22.wav,22,calm
/Users/praketmehta/Desktop/multimodal_fusion_code/ravdessDATASET/Audio_Speech_Actors_01-24/Actor_22/03-01-03-02-02-01-22.wav,22,happy
/Users/praketmehta/Desktop/multimodal_fusion_code/ravdessDATASET/Audio_Speech_Actors_01-24/Actor_22/03-01-03-01-01-01-22.wav,22,happy
/Users/praketmehta/Desktop/multimodal_fusion_code/ravdessDATASET/Audio_Speech_Actors_01-24/Actor_22/03-01-02-02-01-02-22.wav,22,calm
/Users/praketmehta/Desktop/multimodal_fusion_code/ravdessDATASET/Audio_Speech_Actors_01-24/Actor_22/03-01-02-01-02-02-22.wav,22,calm
/Users/praketmehta/Desktop/multimodal_fusion_code/ravdessDATASET/Audio_Speech_Actors_01-24/Actor_22/03-01-01-01-02-01-22.wav,22,neutral
/Users/praketmehta/Desktop/multimodal_fusion_code/ravdessDATASET/Audio_Speech_Actors_01-24/Actor_22/03-01-06-01-02-01-22.wav,22,fearful
/Users/praketmehta/Desktop/multimodal_fusion_code/ravdessDATASET/Audio_Speech_Actors_01-24/Actor_22/03-01-05-01-02-02-22.wav,22,angry
/Users/praketmehta/Desktop/multimodal_fusion_code/ravdessDATASET/Audio_Speech_Actors_01-24/Actor_22/03-01-05-02-01-02-22.wav,22,angry
/Users/praketmehta/Desktop/multimodal_fusion_code/ravdessDATASET/Audio_Speech_Actors_01-24/Actor_22/03-01-06-02-01-01-22.wav,22,fearful
/Users/praketmehta/Desktop/multimodal_fusion_code/ravdessDATASET/Audio_Speech_Actors_01-24/Actor_22/03-01-04-01-01-01-22.wav,22,sad
/Users/praketmehta/Desktop/multimodal_fusion_code/ravdessDATASET/Audio_Speech_Actors_01-24/Actor_22/03-01-07-01-01-02-22.wav,22,disgust
/Users/praketmehta/Desktop/multimodal_fusion_code/ravdessDATASET/Audio_Speech_Actors_01-24/Actor_22/03-01-07-02-02-02-22.wav,22,disgust
/Users/praketmehta/Desktop/multimodal_fusion_code/ravdessDATASET/Audio_Speech_Actors_01-24/Actor_22/03-01-04-02-02-01-22.wav,22,sad
/Users/praketmehta/Desktop/multimodal_fusion_code/ravdessDATASET/Audio_Speech_Actors_01-24/Actor_22/03-01-08-02-02-02-22.wav,22,surprised
/Users/praketmehta/Desktop/multimodal_fusion_code/ravdessDATASET/Audio_Speech_Actors_01-24/Actor_22/03-01-08-01-01-02-22.wav,22,surprised
/Users/praketmehta/Desktop/multimodal_fusion_code/ravdessDATASET/Audio_Speech_Actors_01-24/Actor_22/03-01-02-01-01-02-22.wav,22,calm
/Users/praketmehta/Desktop/multimodal_fusion_code/ravdessDATASET/Audio_Speech_Actors_01-24/Actor_22/03-01-01-01-01-01-22.wav,22,neutral
/Users/praketmehta/Desktop/multimodal_fusion_code/ravdessDATASET/Audio_Speech_Actors_01-24/Actor_22/03-01-02-02-02-02-22.wav,22,calm
/Users/praketmehta/Desktop/multimodal_fusion_code/ravdessDATASET/Audio_Speech_Actors_01-24/Actor_22/03-01-03-01-02-01-22.wav,22,happy
/Users/praketmehta/Desktop/multimodal_fusion_code/ravdessDATASET/Audio_Speech_Actors_01-24/Actor_22/03-01-03-02-01-01-22.wav,22,happy
/Users/praketmehta/Desktop/multimodal_fusion_code/ravdessDATASET/Audio_Speech_Actors_01-24/Actor_22/03-01-07-02-01-02-22.wav,22,disgust
/Users/praketmehta/Desktop/multimodal_fusion_code/ravdessDATASET/Audio_Speech_Actors_01-24/Actor_22/03-01-04-02-01-01-22.wav,22,sad
/Users/praketmehta/Desktop/multimodal_fusion_code/ravdessDATASET/Audio_Speech_Actors_01-24/Actor_22/03-01-04-01-02-01-22.wav,22,sad
/Users/praketmehta/Desktop/multimodal_fusion_code/ravdessDATASET/Audio_Speech_Actors_01-24/Actor_22/03-01-07-01-02-02-22.wav,22,disgust
/Users/praketmehta/Desktop/multimodal_fusion_code/ravdessDATASET/Audio_Speech_Actors_01-24/Actor_22/03-01-05-02-02-02-22.wav,22,angry
/Users/praketmehta/Desktop/multimodal_fusion_code/ravdessDATASET/Audio_Speech_Actors_01-24/Actor_22/03-01-06-02-02-01-22.wav,22,fearful
/Users/praketmehta/Desktop/multimodal_fusion_code/ravdessDATASET/Audio_Speech_Actors_01-24/Actor_22/03-01-06-01-01-01-22.wav,22,fearful
/Users/praketmehta/Desktop/multimodal_fusion_code/ravdessDATASET/Audio_Speech_Actors_01-24/Actor_22/03-01-05-01-01-02-22.wav,22,angry
/Users/praketmehta/Desktop/multimodal_fusion_code/ravdessDATASET/Audio_Speech_Actors_01-24/Actor_22/03-01-08-01-02-02-22.wav,22,surprised
/Users/praketmehta/Desktop/multimodal_fusion_code/ravdessDATASET/Audio_Speech_Actors_01-24/Actor_22/03-01-08-02-01-02-22.wav,22,surprised
/Users/praketmehta/Desktop/multimodal_fusion_code/ravdessDATASET/Audio_Speech_Actors_01-24/Actor_22/03-01-04-02-02-02-22.wav,22,sad
/Users/praketmehta/Desktop/multimodal_fusion_code/ravdessDATASET/Audio_Speech_Actors_01-24/Actor_22/03-01-07-02-02-01-22.wav,22,disgust
/Users/praketmehta/Desktop/multimodal_fusion_code/ravdessDATASET/Audio_Speech_Actors_01-24/Actor_22/03-01-07-01-01-01-22.wav,22,disgust
/Users/praketmehta/Desktop/multimodal_fusion_code/ravdessDATASET/Audio_Speech_Actors_01-24/Actor_22/03-01-04-01-01-02-22.wav,22,sad
/Users/praketmehta/Desktop/multimodal_fusion_code/ravdessDATASET/Audio_Speech_Actors_01-24/Actor_22/03-01-06-02-01-02-22.wav,22,fearful
/Users/praketmehta/Desktop/multimodal_fusion_code/ravdessDATASET/Audio_Speech_Actors_01-24/Actor_22/03-01-05-02-01-01-22.wav,22,angry
/Users/praketmehta/Desktop/multimodal_fusion_code/ravdessDATASET/Audio_Speech_Actors_01-24/Actor_22/03-01-05-01-02-01-22.wav,22,angry
/Users/praketmehta/Desktop/multimodal_fusion_code/ravdessDATASET/Audio_Speech_Actors_01-24/Actor_22/03-01-06-01-02-02-22.wav,22,fearful
/Users/praketmehta/Desktop/multimodal_fusion_code/ravdessDATASET/Audio_Speech_Actors_01-24/Actor_22/03-01-08-01-01-01-22.wav,22,surprised
/Users/praketmehta/Desktop/multimodal_fusion_code/ravdessDATASET/Audio_Speech_Actors_01-24/Actor_22/03-01-08-02-02-01-22.wav,22,surprised
/Users/praketmehta/Desktop/multimodal_fusion_code/ravdessDATASET/Audio_Speech_Actors_01-24/Actor_22/03-01-01-01-02-02-22.wav,22,neutral
/Users/praketmehta/Desktop/multimodal_fusion_code/ravdessDATASET/Audio_Speech_Actors_01-24/Actor_22/03-01-02-01-02-01-22.wav,22,calm
/Users/praketmehta/Desktop/multimodal_fusion_code/ravdessDATASET/Audio_Speech_Actors_01-24/Actor_22/03-01-02-02-01-01-22.wav,22,calm
/Users/praketmehta/Desktop/multimodal_fusion_code/ravdessDATASET/Audio_Speech_Actors_01-24/Actor_22/03-01-03-01-01-02-22.wav,22,happy
/Users/praketmehta/Desktop/multimodal_fusion_code/ravdessDATASET/Audio_Speech_Actors_01-24/Actor_22/03-01-03-02-02-02-22.wav,22,happy
/Users/praketmehta/Desktop/multimodal_fusion_code/ravdessDATASET/Audio_Speech_Actors_01-24/Actor_23/03-01-07-02-01-01-23.wav,23,disgust
/Users/praketmehta/Desktop/multimodal_fusion_code/ravdessDATASET/Audio_Speech_Actors_01-24/Actor_23/03-01-04-02-01-02-23.wav,23,sad
/Users/praketmehta/Desktop/multimodal_fusion_code/ravdessDATASET/Audio_Speech_Actors_01-24/Actor_23/03-01-04-01-02-02-23.wav,23,sad
/Users/praketmehta/Desktop/multimodal_fusion_code/ravdessDATASET/Audio_Speech_Actors_01-24/Actor_23/03-01-07-01-02-01-23.wav,23,disgust
/Users/praketmehta/Desktop/multimodal_fusion_code/ravdessDATASET/Audio_Speech_Actors_01-24/Actor_23/03-01-05-02-02-01-23.wav,23,angry
/Users/praketmehta/Desktop/multimodal_fusion_code/ravdessDATASET/Audio_Speech_Actors_01-24/Actor_23/03-01-06-02-02-02-23.wav,23,fearful
/Users/praketmehta/Desktop/multimodal_fusion_code/ravdessDATASET/Audio_Speech_Actors_01-24/Actor_23/03-01-06-01-01-02-23.wav,23,fearful
/Users/praketmehta/Desktop/multimodal_fusion_code/ravdessDATASET/Audio_Speech_Actors_01-24/Actor_23/03-01-05-01-01-01-23.wav,23,angry
/Users/praketmehta/Desktop/multimodal_fusion_code/ravdessDATASET/Audio_Speech_Actors_01-24/Actor_23/03-01-08-01-02-01-23.wav,23,surprised
/Users/praketmehta/Desktop/multimodal_fusion_code/ravdessDATASET/Audio_Speech_Actors_01-24/Actor_23/03-01-08-02-01-01-23.wav,23,surprised
/Users/praketmehta/Desktop/multimodal_fusion_code/ravdessDATASET/Audio_Speech_Actors_01-24/Actor_23/03-01-02-01-01-01-23.wav,23,calm
/Users/praketmehta/Desktop/multimodal_fusion_code/ravdessDATASET/Audio_Speech_Actors_01-24/Actor_23/03-01-01-01-01-02-23.wav,23,neutral
/Users/praketmehta/Desktop/multimodal_fusion_code/ravdessDATASET/Audio_Speech_Actors_01-24/Actor_23/03-01-02-02-02-01-23.wav,23,calm
/Users/praketmehta/Desktop/multimodal_fusion_code/ravdessDATASET/Audio_Speech_Actors_01-24/Actor_23/03-01-03-01-02-02-23.wav,23,happy
/Users/praketmehta/Desktop/multimodal_fusion_code/ravdessDATASET/Audio_Speech_Actors_01-24/Actor_23/03-01-03-02-01-02-23.wav,23,happy
/Users/praketmehta/Desktop/multimodal_fusion_code/ravdessDATASET/Audio_Speech_Actors_01-24/Actor_23/03-01-01-01-02-01-23.wav,23,neutral
/Users/praketmehta/Desktop/multimodal_fusion_code/ravdessDATASET/Audio_Speech_Actors_01-24/Actor_23/03-01-02-01-02-02-23.wav,23,calm
/Users/praketmehta/Desktop/multimodal_fusion_code/ravdessDATASET/Audio_Speech_Actors_01-24/Actor_23/03-01-02-02-01-02-23.wav,23,calm
/Users/praketmehta/Desktop/multimodal_fusion_code/ravdessDATASET/Audio_Speech_Actors_01-24/Actor_23/03-01-03-01-01-01-23.wav,23,happy
/Users/praketmehta/Desktop/multimodal_fusion_code/ravdessDATASET/Audio_Speech_Actors_01-24/Actor_23/03-01-03-02-02-01-23.wav,23,happy
/Users/praketmehta/Desktop/multimodal_fusion_code/ravdessDATASET/Audio_Speech_Actors_01-24/Actor_23/03-01-04-02-02-01-23.wav,23,sad
/Users/praketmehta/Desktop/multimodal_fusion_code/ravdessDATASET/Audio_Speech_Actors_01-24/Actor_23/03-01-07-02-02-02-23.wav,23,disgust
/Users/praketmehta/Desktop/multimodal_fusion_code/ravdessDATASET/Audio_Speech_Actors_01-24/Actor_23/03-01-07-01-01-02-23.wav,23,disgust
/Users/praketmehta/Desktop/multimodal_fusion_code/ravdessDATASET/Audio_Speech_Actors_01-24/Actor_23/03-01-04-01-01-01-23.wav,23,sad
/Users/praketmehta/Desktop/multimodal_fusion_code/ravdessDATASET/Audio_Speech_Actors_01-24/Actor_23/03-01-06-02-01-01-23.wav,23,fearful
/Users/praketmehta/Desktop/multimodal_fusion_code/ravdessDATASET/Audio_Speech_Actors_01-24/Actor_23/03-01-05-02-01-02-23.wav,23,angry
/Users/praketmehta/Desktop/multimodal_fusion_code/ravdessDATASET/Audio_Speech_Actors_01-24/Actor_23/03-01-05-01-02-02-23.wav,23,angry
/Users/praketmehta/Desktop/multimodal_fusion_code/ravdessDATASET/Audio_Speech_Actors_01-24/Actor_23/03-01-06-01-02-01-23.wav,23,fearful
/Users/praketmehta/Desktop/multimodal_fusion_code/ravdessDATASET/Audio_Speech_Actors_01-24/Actor_23/03-01-08-01-01-02-23.wav,23,surprised
/Users/praketmehta/Desktop/multimodal_fusion_code/ravdessDATASET/Audio_Speech_Actors_01-24/Actor_23/03-01-08-02-02-02-23.wav,23,surprised
/Users/praketmehta/Desktop/multimodal_fusion_code/ravdessDATASET/Audio_Speech_Actors_01-24/Actor_23/03-01-03-02-01-01-23.wav,23,happy
/Users/praketmehta/Desktop/multimodal_fusion_code/ravdessDATASET/Audio_Speech_Actors_01-24/Actor_23/03-01-03-01-02-01-23.wav,23,happy
/Users/praketmehta/Desktop/multimodal_fusion_code/ravdessDATASET/Audio_Speech_Actors_01-24/Actor_23/03-01-02-02-02-02-23.wav,23,calm
/Users/praketmehta/Desktop/multimodal_fusion_code/ravdessDATASET/Audio_Speech_Actors_01-24/Actor_23/03-01-01-01-01-01-23.wav,23,neutral
/Users/praketmehta/Desktop/multimodal_fusion_code/ravdessDATASET/Audio_Speech_Actors_01-24/Actor_23/03-01-02-01-01-02-23.wav,23,calm
/Users/praketmehta/Desktop/multimodal_fusion_code/ravdessDATASET/Audio_Speech_Actors_01-24/Actor_23/03-01-05-01-01-02-23.wav,23,angry
/Users/praketmehta/Desktop/multimodal_fusion_code/ravdessDATASET/Audio_Speech_Actors_01-24/Actor_23/03-01-06-01-01-01-23.wav,23,fearful
/Users/praketmehta/Desktop/multimodal_fusion_code/ravdessDATASET/Audio_Speech_Actors_01-24/Actor_23/03-01-06-02-02-01-23.wav,23,fearful
/Users/praketmehta/Desktop/multimodal_fusion_code/ravdessDATASET/Audio_Speech_Actors_01-24/Actor_23/03-01-05-02-02-02-23.wav,23,angry
/Users/praketmehta/Desktop/multimodal_fusion_code/ravdessDATASET/Audio_Speech_Actors_01-24/Actor_23/03-01-07-01-02-02-23.wav,23,disgust
/Users/praketmehta/Desktop/multimodal_fusion_code/ravdessDATASET/Audio_Speech_Actors_01-24/Actor_23/03-01-04-01-02-01-23.wav,23,sad
/Users/praketmehta/Desktop/multimodal_fusion_code/ravdessDATASET/Audio_Speech_Actors_01-24/Actor_23/03-01-04-02-01-01-23.wav,23,sad
/Users/praketmehta/Desktop/multimodal_fusion_code/ravdessDATASET/Audio_Speech_Actors_01-24/Actor_23/03-01-07-02-01-02-23.wav,23,disgust
/Users/praketmehta/Desktop/multimodal_fusion_code/ravdessDATASET/Audio_Speech_Actors_01-24/Actor_23/03-01-08-02-01-02-23.wav,23,surprised
/Users/praketmehta/Desktop/multimodal_fusion_code/ravdessDATASET/Audio_Speech_Actors_01-24/Actor_23/03-01-08-01-02-02-23.wav,23,surprised
/Users/praketmehta/Desktop/multimodal_fusion_code/ravdessDATASET/Audio_Speech_Actors_01-24/Actor_23/03-01-06-01-02-02-23.wav,23,fearful
/Users/praketmehta/Desktop/multimodal_fusion_code/ravdessDATASET/Audio_Speech_Actors_01-24/Actor_23/03-01-05-01-02-01-23.wav,23,angry
/Users/praketmehta/Desktop/multimodal_fusion_code/ravdessDATASET/Audio_Speech_Actors_01-24/Actor_23/03-01-05-02-01-01-23.wav,23,angry
/Users/praketmehta/Desktop/multimodal_fusion_code/ravdessDATASET/Audio_Speech_Actors_01-24/Actor_23/03-01-06-02-01-02-23.wav,23,fearful
/Users/praketmehta/Desktop/multimodal_fusion_code/ravdessDATASET/Audio_Speech_Actors_01-24/Actor_23/03-01-04-01-01-02-23.wav,23,sad
/Users/praketmehta/Desktop/multimodal_fusion_code/ravdessDATASET/Audio_Speech_Actors_01-24/Actor_23/03-01-07-01-01-01-23.wav,23,disgust
/Users/praketmehta/Desktop/multimodal_fusion_code/ravdessDATASET/Audio_Speech_Actors_01-24/Actor_23/03-01-07-02-02-01-23.wav,23,disgust
/Users/praketmehta/Desktop/multimodal_fusion_code/ravdessDATASET/Audio_Speech_Actors_01-24/Actor_23/03-01-04-02-02-02-23.wav,23,sad
/Users/praketmehta/Desktop/multimodal_fusion_code/ravdessDATASET/Audio_Speech_Actors_01-24/Actor_23/03-01-08-02-02-01-23.wav,23,surprised
/Users/praketmehta/Desktop/multimodal_fusion_code/ravdessDATASET/Audio_Speech_Actors_01-24/Actor_23/03-01-08-01-01-01-23.wav,23,surprised
/Users/praketmehta/Desktop/multimodal_fusion_code/ravdessDATASET/Audio_Speech_Actors_01-24/Actor_23/03-01-03-02-02-02-23.wav,23,happy
/Users/praketmehta/Desktop/multimodal_fusion_code/ravdessDATASET/Audio_Speech_Actors_01-24/Actor_23/03-01-03-01-01-02-23.wav,23,happy
/Users/praketmehta/Desktop/multimodal_fusion_code/ravdessDATASET/Audio_Speech_Actors_01-24/Actor_23/03-01-02-02-01-01-23.wav,23,calm
/Users/praketmehta/Desktop/multimodal_fusion_code/ravdessDATASET/Audio_Speech_Actors_01-24/Actor_23/03-01-02-01-02-01-23.wav,23,calm
/Users/praketmehta/Desktop/multimodal_fusion_code/ravdessDATASET/Audio_Speech_Actors_01-24/Actor_23/03-01-01-01-02-02-23.wav,23,neutral
/Users/praketmehta/Desktop/multimodal_fusion_code/ravdessDATASET/Audio_Speech_Actors_01-24/Actor_24/03-01-03-02-01-02-24.wav,24,happy
/Users/praketmehta/Desktop/multimodal_fusion_code/ravdessDATASET/Audio_Speech_Actors_01-24/Actor_24/03-01-03-01-02-02-24.wav,24,happy
/Users/praketmehta/Desktop/multimodal_fusion_code/ravdessDATASET/Audio_Speech_Actors_01-24/Actor_24/03-01-02-02-02-01-24.wav,24,calm
/Users/praketmehta/Desktop/multimodal_fusion_code/ravdessDATASET/Audio_Speech_Actors_01-24/Actor_24/03-01-02-01-01-01-24.wav,24,calm
/Users/praketmehta/Desktop/multimodal_fusion_code/ravdessDATASET/Audio_Speech_Actors_01-24/Actor_24/03-01-01-01-01-02-24.wav,24,neutral
/Users/praketmehta/Desktop/multimodal_fusion_code/ravdessDATASET/Audio_Speech_Actors_01-24/Actor_24/03-01-06-01-01-02-24.wav,24,fearful
/Users/praketmehta/Desktop/multimodal_fusion_code/ravdessDATASET/Audio_Speech_Actors_01-24/Actor_24/03-01-05-01-01-01-24.wav,24,angry
/Users/praketmehta/Desktop/multimodal_fusion_code/ravdessDATASET/Audio_Speech_Actors_01-24/Actor_24/03-01-05-02-02-01-24.wav,24,angry
/Users/praketmehta/Desktop/multimodal_fusion_code/ravdessDATASET/Audio_Speech_Actors_01-24/Actor_24/03-01-06-02-02-02-24.wav,24,fearful
/Users/praketmehta/Desktop/multimodal_fusion_code/ravdessDATASET/Audio_Speech_Actors_01-24/Actor_24/03-01-04-01-02-02-24.wav,24,sad
/Users/praketmehta/Desktop/multimodal_fusion_code/ravdessDATASET/Audio_Speech_Actors_01-24/Actor_24/03-01-07-01-02-01-24.wav,24,disgust
/Users/praketmehta/Desktop/multimodal_fusion_code/ravdessDATASET/Audio_Speech_Actors_01-24/Actor_24/03-01-07-02-01-01-24.wav,24,disgust
/Users/praketmehta/Desktop/multimodal_fusion_code/ravdessDATASET/Audio_Speech_Actors_01-24/Actor_24/03-01-04-02-01-02-24.wav,24,sad
/Users/praketmehta/Desktop/multimodal_fusion_code/ravdessDATASET/Audio_Speech_Actors_01-24/Actor_24/03-01-08-02-01-01-24.wav,24,surprised
/Users/praketmehta/Desktop/multimodal_fusion_code/ravdessDATASET/Audio_Speech_Actors_01-24/Actor_24/03-01-08-01-02-01-24.wav,24,surprised
/Users/praketmehta/Desktop/multimodal_fusion_code/ravdessDATASET/Audio_Speech_Actors_01-24/Actor_24/03-01-05-01-02-02-24.wav,24,angry
/Users/praketmehta/Desktop/multimodal_fusion_code/ravdessDATASET/Audio_Speech_Actors_01-24/Actor_24/03-01-06-01-02-01-24.wav,24,fearful
/Users/praketmehta/Desktop/multimodal_fusion_code/ravdessDATASET/Audio_Speech_Actors_01-24/Actor_24/03-01-06-02-01-01-24.wav,24,fearful
/Users/praketmehta/Desktop/multimodal_fusion_code/ravdessDATASET/Audio_Speech_Actors_01-24/Actor_24/03-01-05-02-01-02-24.wav,24,angry
/Users/praketmehta/Desktop/multimodal_fusion_code/ravdessDATASET/Audio_Speech_Actors_01-24/Actor_24/03-01-07-01-01-02-24.wav,24,disgust
/Users/praketmehta/Desktop/multimodal_fusion_code/ravdessDATASET/Audio_Speech_Actors_01-24/Actor_24/03-01-04-01-01-01-24.wav,24,sad
/Users/praketmehta/Desktop/multimodal_fusion_code/ravdessDATASET/Audio_Speech_Actors_01-24/Actor_24/03-01-04-02-02-01-24.wav,24,sad
/Users/praketmehta/Desktop/multimodal_fusion_code/ravdessDATASET/Audio_Speech_Actors_01-24/Actor_24/03-01-07-02-02-02-24.wav,24,disgust
/Users/praketmehta/Desktop/multimodal_fusion_code/ravdessDATASET/Audio_Speech_Actors_01-24/Actor_24/03-01-08-02-02-02-24.wav,24,surprised
/Users/praketmehta/Desktop/multimodal_fusion_code/ravdessDATASET/Audio_Speech_Actors_01-24/Actor_24/03-01-08-01-01-02-24.wav,24,surprised
/Users/praketmehta/Desktop/multimodal_fusion_code/ravdessDATASET/Audio_Speech_Actors_01-24/Actor_24/03-01-03-02-02-01-24.wav,24,happy
/Users/praketmehta/Desktop/multimodal_fusion_code/ravdessDATASET/Audio_Speech_Actors_01-24/Actor_24/03-01-03-01-01-01-24.wav,24,happy
/Users/praketmehta/Desktop/multimodal_fusion_code/ravdessDATASET/Audio_Speech_Actors_01-24/Actor_24/03-01-02-02-01-02-24.wav,24,calm
/Users/praketmehta/Desktop/multimodal_fusion_code/ravdessDATASET/Audio_Speech_Actors_01-24/Actor_24/03-01-01-01-02-01-24.wav,24,neutral
/Users/praketmehta/Desktop/multimodal_fusion_code/ravdessDATASET/Audio_Speech_Actors_01-24/Actor_24/03-01-02-01-02-02-24.wav,24,calm
/Users/praketmehta/Desktop/multimodal_fusion_code/ravdessDATASET/Audio_Speech_Actors_01-24/Actor_24/03-01-04-02-01-01-24.wav,24,sad
/Users/praketmehta/Desktop/multimodal_fusion_code/ravdessDATASET/Audio_Speech_Actors_01-24/Actor_24/03-01-07-02-01-02-24.wav,24,disgust
/Users/praketmehta/Desktop/multimodal_fusion_code/ravdessDATASET/Audio_Speech_Actors_01-24/Actor_24/03-01-07-01-02-02-24.wav,24,disgust
/Users/praketmehta/Desktop/multimodal_fusion_code/ravdessDATASET/Audio_Speech_Actors_01-24/Actor_24/03-01-04-01-02-01-24.wav,24,sad
/Users/praketmehta/Desktop/multimodal_fusion_code/ravdessDATASET/Audio_Speech_Actors_01-24/Actor_24/03-01-06-02-02-01-24.wav,24,fearful
/Users/praketmehta/Desktop/multimodal_fusion_code/ravdessDATASET/Audio_Speech_Actors_01-24/Actor_24/03-01-05-02-02-02-24.wav,24,angry
/Users/praketmehta/Desktop/multimodal_fusion_code/ravdessDATASET/Audio_Speech_Actors_01-24/Actor_24/03-01-05-01-01-02-24.wav,24,angry
/Users/praketmehta/Desktop/multimodal_fusion_code/ravdessDATASET/Audio_Speech_Actors_01-24/Actor_24/03-01-06-01-01-01-24.wav,24,fearful
/Users/praketmehta/Desktop/multimodal_fusion_code/ravdessDATASET/Audio_Speech_Actors_01-24/Actor_24/03-01-08-01-02-02-24.wav,24,surprised
/Users/praketmehta/Desktop/multimodal_fusion_code/ravdessDATASET/Audio_Speech_Actors_01-24/Actor_24/03-01-08-02-01-02-24.wav,24,surprised
/Users/praketmehta/Desktop/multimodal_fusion_code/ravdessDATASET/Audio_Speech_Actors_01-24/Actor_24/03-01-01-01-01-01-24.wav,24,neutral
/Users/praketmehta/Desktop/multimodal_fusion_code/ravdessDATASET/Audio_Speech_Actors_01-24/Actor_24/03-01-02-01-01-02-24.wav,24,calm
/Users/praketmehta/Desktop/multimodal_fusion_code/ravdessDATASET/Audio_Speech_Actors_01-24/Actor_24/03-01-02-02-02-02-24.wav,24,calm
/Users/praketmehta/Desktop/multimodal_fusion_code/ravdessDATASET/Audio_Speech_Actors_01-24/Actor_24/03-01-03-01-02-01-24.wav,24,happy
/Users/praketmehta/Desktop/multimodal_fusion_code/ravdessDATASET/Audio_Speech_Actors_01-24/Actor_24/03-01-03-02-01-01-24.wav,24,happy
/Users/praketmehta/Desktop/multimodal_fusion_code/ravdessDATASET/Audio_Speech_Actors_01-24/Actor_24/03-01-02-01-02-01-24.wav,24,calm
/Users/praketmehta/Desktop/multimodal_fusion_code/ravdessDATASET/Audio_Speech_Actors_01-24/Actor_24/03-01-01-01-02-02-24.wav,24,neutral
/Users/praketmehta/Desktop/multimodal_fusion_code/ravdessDATASET/Audio_Speech_Actors_01-24/Actor_24/03-01-02-02-01-01-24.wav,24,calm
/Users/praketmehta/Desktop/multimodal_fusion_code/ravdessDATASET/Audio_Speech_Actors_01-24/Actor_24/03-01-03-01-01-02-24.wav,24,happy
/Users/praketmehta/Desktop/multimodal_fusion_code/ravdessDATASET/Audio_Speech_Actors_01-24/Actor_24/03-01-03-02-02-02-24.wav,24,happy
/Users/praketmehta/Desktop/multimodal_fusion_code/ravdessDATASET/Audio_Speech_Actors_01-24/Actor_24/03-01-07-02-02-01-24.wav,24,disgust
/Users/praketmehta/Desktop/multimodal_fusion_code/ravdessDATASET/Audio_Speech_Actors_01-24/Actor_24/03-01-04-02-02-02-24.wav,24,sad
/Users/praketmehta/Desktop/multimodal_fusion_code/ravdessDATASET/Audio_Speech_Actors_01-24/Actor_24/03-01-04-01-01-02-24.wav,24,sad
/Users/praketmehta/Desktop/multimodal_fusion_code/ravdessDATASET/Audio_Speech_Actors_01-24/Actor_24/03-01-07-01-01-01-24.wav,24,disgust
/Users/praketmehta/Desktop/multimodal_fusion_code/ravdessDATASET/Audio_Speech_Actors_01-24/Actor_24/03-01-05-02-01-01-24.wav,24,angry
/Users/praketmehta/Desktop/multimodal_fusion_code/ravdessDATASET/Audio_Speech_Actors_01-24/Actor_24/03-01-06-02-01-02-24.wav,24,fearful
/Users/praketmehta/Desktop/multimodal_fusion_code/ravdessDATASET/Audio_Speech_Actors_01-24/Actor_24/03-01-06-01-02-02-24.wav,24,fearful
/Users/praketmehta/Desktop/multimodal_fusion_code/ravdessDATASET/Audio_Speech_Actors_01-24/Actor_24/03-01-05-01-02-01-24.wav,24,angry
/Users/praketmehta/Desktop/multimodal_fusion_code/ravdessDATASET/Audio_Speech_Actors_01-24/Actor_24/03-01-08-01-01-01-24.wav,24,surprised
/Users/praketmehta/Desktop/multimodal_fusion_code/ravdessDATASET/Audio_Speech_Actors_01-24/Actor_24/03-01-08-02-02-01-24.wav,24,surprised
