filepath,actor,emotion,split
/Users/praketmehta/Desktop/multimodal_fusion_code/ravdessDATASET/Audio_Speech_Actors_01-24/Actor_01/03-01-08-02-02-01-01.wav,1,surprised,train
/Users/praketmehta/Desktop/multimodal_fusion_code/ravdessDATASET/Audio_Speech_Actors_01-24/Actor_01/03-01-08-01-01-01-01.wav,1,surprised,train
/Users/praketmehta/Desktop/multimodal_fusion_code/ravdessDATASET/Audio_Speech_Actors_01-24/Actor_01/03-01-05-01-02-01-01.wav,1,angry,train
/Users/praketmehta/Desktop/multimodal_fusion_code/ravdessDATASET/Audio_Speech_Actors_01-24/Actor_01/03-01-06-01-02-02-01.wav,1,fearful,train
/Users/praketmehta/Desktop/multimodal_fusion_code/ravdessDATASET/Audio_Speech_Actors_01-24/Actor_01/03-01-06-02-01-02-01.wav,1,fearful,train
/Users/praketmehta/Desktop/multimodal_fusion_code/ravdessDATASET/Audio_Speech_Actors_01-24/Actor_01/03-01-05-02-01-01-01.wav,1,angry,train
/Users/praketmehta/Desktop/multimodal_fusion_code/ravdessDATASET/Audio_Speech_Actors_01-24/Actor_01/03-01-07-01-01-01-01.wav,1,disgust,train
/Users/praketmehta/Desktop/multimodal_fusion_code/ravdessDATASET/Audio_Speech_Actors_01-24/Actor_01/03-01-04-01-01-02-01.wav,1,sad,train
/Users/praketmehta/Desktop/multimodal_fusion_code/ravdessDATASET/Audio_Speech_Actors_01-24/Actor_01/03-01-04-02-02-02-01.wav,1,sad,train
/Users/praketmehta/Desktop/multimodal_fusion_code/ravdessDATASET/Audio_Speech_Actors_01-24/Actor_01/03-01-07-02-02-01-01.wav,1,disgust,train
/Users/praketmehta/Desktop/multimodal_fusion_code/ravdessDATASET/Audio_Speech_Actors_01-24/Actor_01/03-01-03-02-02-02-01.wav,1,happy,train
/Users/praketmehta/Desktop/multimodal_fusion_code/ravdessDATASET/Audio_Speech_Actors_01-24/Actor_01/03-01-03-01-01-02-01.wav,1,happy,train
/Users/praketmehta/Desktop/multimodal_fusion_code/ravdessDATASET/Audio_Speech_Actors_01-24/Actor_01/03-01-02-02-01-01-01.wav,1,calm,train
/Users/praketmehta/Desktop/multimodal_fusion_code/ravdessDATASET/Audio_Speech_Actors_01-24/Actor_01/03-01-01-01-02-02-01.wav,1,neutral,train
/Users/praketmehta/Desktop/multimodal_fusion_code/ravdessDATASET/Audio_Speech_Actors_01-24/Actor_01/03-01-02-01-02-01-01.wav,1,calm,train
/Users/praketmehta/Desktop/multimodal_fusion_code/ravdessDATASET/Audio_Speech_Actors_01-24/Actor_01/03-01-03-02-01-01-01.wav,1,happy,train
/Users/praketmehta/Desktop/multimodal_fusion_code/ravdessDATASET/Audio_Speech_Actors_01-24/Actor_01/03-01-03-01-02-01-01.wav,1,happy,train
/Users/praketmehta/Desktop/multimodal_fusion_code/ravdessDATASET/Audio_Speech_Actors_01-24/Actor_01/03-01-02-02-02-02-01.wav,1,calm,train
/Users/praketmehta/Desktop/multimodal_fusion_code/ravdessDATASET/Audio_Speech_Actors_01-24/Actor_01/03-01-02-01-01-02-01.wav,1,calm,train
/Users/praketmehta/Desktop/multimodal_fusion_code/ravdessDATASET/Audio_Speech_Actors_01-24/Actor_01/03-01-01-01-01-01-01.wav,1,neutral,train
/Users/praketmehta/Desktop/multimodal_fusion_code/ravdessDATASET/Audio_Speech_Actors_01-24/Actor_01/03-01-08-02-01-02-01.wav,1,surprised,train
/Users/praketmehta/Desktop/multimodal_fusion_code/ravdessDATASET/Audio_Speech_Actors_01-24/Actor_01/03-01-08-01-02-02-01.wav,1,surprised,train
/Users/praketmehta/Desktop/multimodal_fusion_code/ravdessDATASET/Audio_Speech_Actors_01-24/Actor_01/03-01-06-01-01-01-01.wav,1,fearful,train
/Users/praketmehta/Desktop/multimodal_fusion_code/ravdessDATASET/Audio_Speech_Actors_01-24/Actor_01/03-01-05-01-01-02-01.wav,1,angry,train
/Users/praketmehta/Desktop/multimodal_fusion_code/ravdessDATASET/Audio_Speech_Actors_01-24/Actor_01/03-01-05-02-02-02-01.wav,1,angry,train
/Users/praketmehta/Desktop/multimodal_fusion_code/ravdessDATASET/Audio_Speech_Actors_01-24/Actor_01/03-01-06-02-02-01-01.wav,1,fearful,train
/Users/praketmehta/Desktop/multimodal_fusion_code/ravdessDATASET/Audio_Speech_Actors_01-24/Actor_01/03-01-04-01-02-01-01.wav,1,sad,train
/Users/praketmehta/Desktop/multimodal_fusion_code/ravdessDATASET/Audio_Speech_Actors_01-24/Actor_01/03-01-07-01-02-02-01.wav,1,disgust,train
/Users/praketmehta/Desktop/multimodal_fusion_code/ravdessDATASET/Audio_Speech_Actors_01-24/Actor_01/03-01-07-02-01-02-01.wav,1,disgust,train
/Users/praketmehta/Desktop/multimodal_fusion_code/ravdessDATASET/Audio_Speech_Actors_01-24/Actor_01/03-01-04-02-01-01-01.wav,1,sad,train
/Users/praketmehta/Desktop/multimodal_fusion_code/ravdessDATASET/Audio_Speech_Actors_01-24/Actor_01/03-01-02-01-02-02-01.wav,1,calm,train
/Users/praketmehta/Desktop/multimodal_fusion_code/ravdessDATASET/Audio_Speech_Actors_01-24/Actor_01/03-01-01-01-02-01-01.wav,1,neutral,train
/Users/praketmehta/Desktop/multimodal_fusion_code/ravdessDATASET/Audio_Speech_Actors_01-24/Actor_01/03-01-02-02-01-02-01.wav,1,calm,train
/Users/praketmehta/Desktop/multimodal_fusion_code/ravdessDATASET/Audio_Speech_Actors_01-24/Actor_01/03-01-03-01-01-01-01.wav,1,happy,train
/Users/praketmehta/Desktop/multimodal_fusion_code/ravdessDATASET/Audio_Speech_Actors_01-24/Actor_01/03-01-03-02-02-01-01.wav,1,happy,train
/Users/praketmehta/Desktop/multimodal_fusion_code/ravdessDATASET/Audio_Speech_Actors_01-24/Actor_01/03-01-08-01-01-02-01.wav,1,surprised,train
/Users/praketmehta/Desktop/multimodal_fusion_code/ravdessDATASET/Audio_Speech_Actors_01-24/Actor_01/03-01-08-02-02-02-01.wav,1,surprised,train
/Users/praketmehta/Desktop/multimodal_fusion_code/ravdessDATASET/Audio_Speech_Actors_01-24/Actor_01/03-01-07-02-02-02-01.wav,1,disgust,train
/Users/praketmehta/Desktop/multimodal_fusion_code/ravdessDATASET/Audio_Speech_Actors_01-24/Actor_01/03-01-04-02-02-01-01.wav,1,sad,train
/Users/praketmehta/Desktop/multimodal_fusion_code/ravdessDATASET/Audio_Speech_Actors_01-24/Actor_01/03-01-04-01-01-01-01.wav,1,sad,train
/Users/praketmehta/Desktop/multimodal_fusion_code/ravdessDATASET/Audio_Speech_Actors_01-24/Actor_01/03-01-07-01-01-02-01.wav,1,disgust,train
/Users/praketmehta/Desktop/multimodal_fusion_code/ravdessDATASET/Audio_Speech_Actors_01-24/Actor_01/03-01-05-02-01-02-01.wav,1,angry,train
/Users/praketmehta/Desktop/multimodal_fusion_code/ravdessDATASET/Audio_Speech_Actors_01-24/Actor_01/03-01-06-02-01-01-01.wav,1,fearful,train
/Users/praketmehta/Desktop/multimodal_fusion_code/ravdessDATASET/Audio_Speech_Actors_01-24/Actor_01/03-01-06-01-02-01-01.wav,1,fearful,train
/Users/praketmehta/Desktop/multimodal_fusion_code/ravdessDATASET/Audio_Speech_Actors_01-24/Actor_01/03-01-05-01-02-02-01.wav,1,angry,train
/Users/praketmehta/Desktop/multimodal_fusion_code/ravdessDATASET/Audio_Speech_Actors_01-24/Actor_01/03-01-08-01-02-01-01.wav,1,surprised,train
/Users/praketmehta/Desktop/multimodal_fusion_code/ravdessDATASET/Audio_Speech_Actors_01-24/Actor_01/03-01-08-02-01-01-01.wav,1,surprised,train
/Users/praketmehta/Desktop/multimodal_fusion_code/ravdessDATASET/Audio_Speech_Actors_01-24/Actor_01/03-01-04-02-01-02-01.wav,1,sad,train
/Users/praketmehta/Desktop/multimodal_fusion_code/ravdessDATASET/Audio_Speech_Actors_01-24/Actor_01/03-01-07-02-01-01-01.wav,1,disgust,train
/Users/praketmehta/Desktop/multimodal_fusion_code/ravdessDATASET/Audio_Speech_Actors_01-24/Actor_01/03-01-07-01-02-01-01.wav,1,disgust,train
/Users/praketmehta/Desktop/multimodal_fusion_code/ravdessDATASET/Audio_Speech_Actors_01-24/Actor_01/03-01-04-01-02-02-01.wav,1,sad,train
/Users/praketmehta/Desktop/multimodal_fusion_code/ravdessDATASET/Audio_Speech_Actors_01-24/Actor_01/03-01-06-02-02-02-01.wav,1,fearful,train
/Users/praketmehta/Desktop/multimodal_fusion_code/ravdessDATASET/Audio_Speech_Actors_01-24/Actor_01/03-01-05-02-02-01-01.wav,1,angry,train
/Users/praketmehta/Desktop/multimodal_fusion_code/ravdessDATASET/Audio_Speech_Actors_01-24/Actor_01/03-01-05-01-01-01-01.wav,1,angry,train
/Users/praketmehta/Desktop/multimodal_fusion_code/ravdessDATASET/Audio_Speech_Actors_01-24/Actor_01/03-01-06-01-01-02-01.wav,1,fearful,train
/Users/praketmehta/Desktop/multimodal_fusion_code/ravdessDATASET/Audio_Speech_Actors_01-24/Actor_01/03-01-01-01-01-02-01.wav,1,neutral,train
/Users/praketmehta/Desktop/multimodal_fusion_code/ravdessDATASET/Audio_Speech_Actors_01-24/Actor_01/03-01-02-01-01-01-01.wav,1,calm,train
/Users/praketmehta/Desktop/multimodal_fusion_code/ravdessDATASET/Audio_Speech_Actors_01-24/Actor_01/03-01-02-02-02-01-01.wav,1,calm,train
/Users/praketmehta/Desktop/multimodal_fusion_code/ravdessDATASET/Audio_Speech_Actors_01-24/Actor_01/03-01-03-01-02-02-01.wav,1,happy,train
/Users/praketmehta/Desktop/multimodal_fusion_code/ravdessDATASET/Audio_Speech_Actors_01-24/Actor_01/03-01-03-02-01-02-01.wav,1,happy,train
/Users/praketmehta/Desktop/multimodal_fusion_code/ravdessDATASET/Audio_Speech_Actors_01-24/Actor_02/03-01-06-01-02-02-02.wav,2,fearful,train
/Users/praketmehta/Desktop/multimodal_fusion_code/ravdessDATASET/Audio_Speech_Actors_01-24/Actor_02/03-01-05-01-02-01-02.wav,2,angry,train
/Users/praketmehta/Desktop/multimodal_fusion_code/ravdessDATASET/Audio_Speech_Actors_01-24/Actor_02/03-01-05-02-01-01-02.wav,2,angry,train
/Users/praketmehta/Desktop/multimodal_fusion_code/ravdessDATASET/Audio_Speech_Actors_01-24/Actor_02/03-01-06-02-01-02-02.wav,2,fearful,train
/Users/praketmehta/Desktop/multimodal_fusion_code/ravdessDATASET/Audio_Speech_Actors_01-24/Actor_02/03-01-04-01-01-02-02.wav,2,sad,train
/Users/praketmehta/Desktop/multimodal_fusion_code/ravdessDATASET/Audio_Speech_Actors_01-24/Actor_02/03-01-07-01-01-01-02.wav,2,disgust,train
/Users/praketmehta/Desktop/multimodal_fusion_code/ravdessDATASET/Audio_Speech_Actors_01-24/Actor_02/03-01-07-02-02-01-02.wav,2,disgust,train
/Users/praketmehta/Desktop/multimodal_fusion_code/ravdessDATASET/Audio_Speech_Actors_01-24/Actor_02/03-01-04-02-02-02-02.wav,2,sad,train
/Users/praketmehta/Desktop/multimodal_fusion_code/ravdessDATASET/Audio_Speech_Actors_01-24/Actor_02/03-01-08-02-02-01-02.wav,2,surprised,train
/Users/praketmehta/Desktop/multimodal_fusion_code/ravdessDATASET/Audio_Speech_Actors_01-24/Actor_02/03-01-08-01-01-01-02.wav,2,surprised,train
/Users/praketmehta/Desktop/multimodal_fusion_code/ravdessDATASET/Audio_Speech_Actors_01-24/Actor_02/03-01-03-02-02-02-02.wav,2,happy,train
/Users/praketmehta/Desktop/multimodal_fusion_code/ravdessDATASET/Audio_Speech_Actors_01-24/Actor_02/03-01-03-01-01-02-02.wav,2,happy,train
/Users/praketmehta/Desktop/multimodal_fusion_code/ravdessDATASET/Audio_Speech_Actors_01-24/Actor_02/03-01-02-02-01-01-02.wav,2,calm,train
/Users/praketmehta/Desktop/multimodal_fusion_code/ravdessDATASET/Audio_Speech_Actors_01-24/Actor_02/03-01-02-01-02-01-02.wav,2,calm,train
/Users/praketmehta/Desktop/multimodal_fusion_code/ravdessDATASET/Audio_Speech_Actors_01-24/Actor_02/03-01-01-01-02-02-02.wav,2,neutral,train
/Users/praketmehta/Desktop/multimodal_fusion_code/ravdessDATASET/Audio_Speech_Actors_01-24/Actor_02/03-01-03-02-01-01-02.wav,2,happy,train
/Users/praketmehta/Desktop/multimodal_fusion_code/ravdessDATASET/Audio_Speech_Actors_01-24/Actor_02/03-01-03-01-02-01-02.wav,2,happy,train
/Users/praketmehta/Desktop/multimodal_fusion_code/ravdessDATASET/Audio_Speech_Actors_01-24/Actor_02/03-01-02-02-02-02-02.wav,2,calm,train
/Users/praketmehta/Desktop/multimodal_fusion_code/ravdessDATASET/Audio_Speech_Actors_01-24/Actor_02/03-01-01-01-01-01-02.wav,2,neutral,train
/Users/praketmehta/Desktop/multimodal_fusion_code/ravdessDATASET/Audio_Speech_Actors_01-24/Actor_02/03-01-02-01-01-02-02.wav,2,calm,train
/Users/praketmehta/Desktop/multimodal_fusion_code/ravdessDATASET/Audio_Speech_Actors_01-24/Actor_02/03-01-05-01-01-02-02.wav,2,angry,train
/Users/praketmehta/Desktop/multimodal_fusion_code/ravdessDATASET/Audio_Speech_Actors_01-24/Actor_02/03-01-06-01-01-01-02.wav,2,fearful,train
/Users/praketmehta/Desktop/multimodal_fusion_code/ravdessDATASET/Audio_Speech_Actors_01-24/Actor_02/03-01-06-02-02-01-02.wav,2,fearful,train
/Users/praketmehta/Desktop/multimodal_fusion_code/ravdessDATASET/Audio_Speech_Actors_01-24/Actor_02/03-01-05-02-02-02-02.wav,2,angry,train
/Users/praketmehta/Desktop/multimodal_fusion_code/ravdessDATASET/Audio_Speech_Actors_01-24/Actor_02/03-01-07-01-02-02-02.wav,2,disgust,train
/Users/praketmehta/Desktop/multimodal_fusion_code/ravdessDATASET/Audio_Speech_Actors_01-24/Actor_02/03-01-04-01-02-01-02.wav,2,sad,train
/Users/praketmehta/Desktop/multimodal_fusion_code/ravdessDATASET/Audio_Speech_Actors_01-24/Actor_02/03-01-04-02-01-01-02.wav,2,sad,train
/Users/praketmehta/Desktop/multimodal_fusion_code/ravdessDATASET/Audio_Speech_Actors_01-24/Actor_02/03-01-07-02-01-02-02.wav,2,disgust,train
/Users/praketmehta/Desktop/multimodal_fusion_code/ravdessDATASET/Audio_Speech_Actors_01-24/Actor_02/03-01-08-02-01-02-02.wav,2,surprised,train
/Users/praketmehta/Desktop/multimodal_fusion_code/ravdessDATASET/Audio_Speech_Actors_01-24/Actor_02/03-01-08-01-02-02-02.wav,2,surprised,train
/Users/praketmehta/Desktop/multimodal_fusion_code/ravdessDATASET/Audio_Speech_Actors_01-24/Actor_02/03-01-01-01-02-01-02.wav,2,neutral,train
/Users/praketmehta/Desktop/multimodal_fusion_code/ravdessDATASET/Audio_Speech_Actors_01-24/Actor_02/03-01-02-01-02-02-02.wav,2,calm,train
/Users/praketmehta/Desktop/multimodal_fusion_code/ravdessDATASET/Audio_Speech_Actors_01-24/Actor_02/03-01-02-02-01-02-02.wav,2,calm,train
/Users/praketmehta/Desktop/multimodal_fusion_code/ravdessDATASET/Audio_Speech_Actors_01-24/Actor_02/03-01-03-01-01-01-02.wav,2,happy,train
/Users/praketmehta/Desktop/multimodal_fusion_code/ravdessDATASET/Audio_Speech_Actors_01-24/Actor_02/03-01-03-02-02-01-02.wav,2,happy,train
/Users/praketmehta/Desktop/multimodal_fusion_code/ravdessDATASET/Audio_Speech_Actors_01-24/Actor_02/03-01-04-02-02-01-02.wav,2,sad,train
/Users/praketmehta/Desktop/multimodal_fusion_code/ravdessDATASET/Audio_Speech_Actors_01-24/Actor_02/03-01-07-02-02-02-02.wav,2,disgust,train
/Users/praketmehta/Desktop/multimodal_fusion_code/ravdessDATASET/Audio_Speech_Actors_01-24/Actor_02/03-01-07-01-01-02-02.wav,2,disgust,train
/Users/praketmehta/Desktop/multimodal_fusion_code/ravdessDATASET/Audio_Speech_Actors_01-24/Actor_02/03-01-04-01-01-01-02.wav,2,sad,train
/Users/praketmehta/Desktop/multimodal_fusion_code/ravdessDATASET/Audio_Speech_Actors_01-24/Actor_02/03-01-06-02-01-01-02.wav,2,fearful,train
/Users/praketmehta/Desktop/multimodal_fusion_code/ravdessDATASET/Audio_Speech_Actors_01-24/Actor_02/03-01-05-02-01-02-02.wav,2,angry,train
/Users/praketmehta/Desktop/multimodal_fusion_code/ravdessDATASET/Audio_Speech_Actors_01-24/Actor_02/03-01-05-01-02-02-02.wav,2,angry,train
/Users/praketmehta/Desktop/multimodal_fusion_code/ravdessDATASET/Audio_Speech_Actors_01-24/Actor_02/03-01-06-01-02-01-02.wav,2,fearful,train
/Users/praketmehta/Desktop/multimodal_fusion_code/ravdessDATASET/Audio_Speech_Actors_01-24/Actor_02/03-01-08-01-01-02-02.wav,2,surprised,train
/Users/praketmehta/Desktop/multimodal_fusion_code/ravdessDATASET/Audio_Speech_Actors_01-24/Actor_02/03-01-08-02-02-02-02.wav,2,surprised,train
/Users/praketmehta/Desktop/multimodal_fusion_code/ravdessDATASET/Audio_Speech_Actors_01-24/Actor_02/03-01-07-02-01-01-02.wav,2,disgust,train
/Users/praketmehta/Desktop/multimodal_fusion_code/ravdessDATASET/Audio_Speech_Actors_01-24/Actor_02/03-01-04-02-01-02-02.wav,2,sad,train
/Users/praketmehta/Desktop/multimodal_fusion_code/ravdessDATASET/Audio_Speech_Actors_01-24/Actor_02/03-01-04-01-02-02-02.wav,2,sad,train
/Users/praketmehta/Desktop/multimodal_fusion_code/ravdessDATASET/Audio_Speech_Actors_01-24/Actor_02/03-01-07-01-02-01-02.wav,2,disgust,train
/Users/praketmehta/Desktop/multimodal_fusion_code/ravdessDATASET/Audio_Speech_Actors_01-24/Actor_02/03-01-05-02-02-01-02.wav,2,angry,train
/Users/praketmehta/Desktop/multimodal_fusion_code/ravdessDATASET/Audio_Speech_Actors_01-24/Actor_02/03-01-06-02-02-02-02.wav,2,fearful,train
/Users/praketmehta/Desktop/multimodal_fusion_code/ravdessDATASET/Audio_Speech_Actors_01-24/Actor_02/03-01-06-01-01-02-02.wav,2,fearful,train
/Users/praketmehta/Desktop/multimodal_fusion_code/ravdessDATASET/Audio_Speech_Actors_01-24/Actor_02/03-01-05-01-01-01-02.wav,2,angry,train
/Users/praketmehta/Desktop/multimodal_fusion_code/ravdessDATASET/Audio_Speech_Actors_01-24/Actor_02/03-01-08-01-02-01-02.wav,2,surprised,train
/Users/praketmehta/Desktop/multimodal_fusion_code/ravdessDATASET/Audio_Speech_Actors_01-24/Actor_02/03-01-08-02-01-01-02.wav,2,surprised,train
/Users/praketmehta/Desktop/multimodal_fusion_code/ravdessDATASET/Audio_Speech_Actors_01-24/Actor_02/03-01-02-01-01-01-02.wav,2,calm,train
/Users/praketmehta/Desktop/multimodal_fusion_code/ravdessDATASET/Audio_Speech_Actors_01-24/Actor_02/03-01-01-01-01-02-02.wav,2,neutral,train
/Users/praketmehta/Desktop/multimodal_fusion_code/ravdessDATASET/Audio_Speech_Actors_01-24/Actor_02/03-01-02-02-02-01-02.wav,2,calm,train
/Users/praketmehta/Desktop/multimodal_fusion_code/ravdessDATASET/Audio_Speech_Actors_01-24/Actor_02/03-01-03-01-02-02-02.wav,2,happy,train
/Users/praketmehta/Desktop/multimodal_fusion_code/ravdessDATASET/Audio_Speech_Actors_01-24/Actor_02/03-01-03-02-01-02-02.wav,2,happy,train
/Users/praketmehta/Desktop/multimodal_fusion_code/ravdessDATASET/Audio_Speech_Actors_01-24/Actor_03/03-01-04-02-02-02-03.wav,3,sad,train
/Users/praketmehta/Desktop/multimodal_fusion_code/ravdessDATASET/Audio_Speech_Actors_01-24/Actor_03/03-01-07-02-02-01-03.wav,3,disgust,train
/Users/praketmehta/Desktop/multimodal_fusion_code/ravdessDATASET/Audio_Speech_Actors_01-24/Actor_03/03-01-07-01-01-01-03.wav,3,disgust,train
/Users/praketmehta/Desktop/multimodal_fusion_code/ravdessDATASET/Audio_Speech_Actors_01-24/Actor_03/03-01-04-01-01-02-03.wav,3,sad,train
/Users/praketmehta/Desktop/multimodal_fusion_code/ravdessDATASET/Audio_Speech_Actors_01-24/Actor_03/03-01-06-02-01-02-03.wav,3,fearful,train
/Users/praketmehta/Desktop/multimodal_fusion_code/ravdessDATASET/Audio_Speech_Actors_01-24/Actor_03/03-01-05-02-01-01-03.wav,3,angry,train
/Users/praketmehta/Desktop/multimodal_fusion_code/ravdessDATASET/Audio_Speech_Actors_01-24/Actor_03/03-01-05-01-02-01-03.wav,3,angry,train
/Users/praketmehta/Desktop/multimodal_fusion_code/ravdessDATASET/Audio_Speech_Actors_01-24/Actor_03/03-01-06-01-02-02-03.wav,3,fearful,train
/Users/praketmehta/Desktop/multimodal_fusion_code/ravdessDATASET/Audio_Speech_Actors_01-24/Actor_03/03-01-08-01-01-01-03.wav,3,surprised,train
/Users/praketmehta/Desktop/multimodal_fusion_code/ravdessDATASET/Audio_Speech_Actors_01-24/Actor_03/03-01-08-02-02-01-03.wav,3,surprised,train
/Users/praketmehta/Desktop/multimodal_fusion_code/ravdessDATASET/Audio_Speech_Actors_01-24/Actor_03/03-01-01-01-02-02-03.wav,3,neutral,train
/Users/praketmehta/Desktop/multimodal_fusion_code/ravdessDATASET/Audio_Speech_Actors_01-24/Actor_03/03-01-02-01-02-01-03.wav,3,calm,train
/Users/praketmehta/Desktop/multimodal_fusion_code/ravdessDATASET/Audio_Speech_Actors_01-24/Actor_03/03-01-02-02-01-01-03.wav,3,calm,train
/Users/praketmehta/Desktop/multimodal_fusion_code/ravdessDATASET/Audio_Speech_Actors_01-24/Actor_03/03-01-03-01-01-02-03.wav,3,happy,train
/Users/praketmehta/Desktop/multimodal_fusion_code/ravdessDATASET/Audio_Speech_Actors_01-24/Actor_03/03-01-03-02-02-02-03.wav,3,happy,train
/Users/praketmehta/Desktop/multimodal_fusion_code/ravdessDATASET/Audio_Speech_Actors_01-24/Actor_03/03-01-02-01-01-02-03.wav,3,calm,train
/Users/praketmehta/Desktop/multimodal_fusion_code/ravdessDATASET/Audio_Speech_Actors_01-24/Actor_03/03-01-01-01-01-01-03.wav,3,neutral,train
/Users/praketmehta/Desktop/multimodal_fusion_code/ravdessDATASET/Audio_Speech_Actors_01-24/Actor_03/03-01-02-02-02-02-03.wav,3,calm,train
/Users/praketmehta/Desktop/multimodal_fusion_code/ravdessDATASET/Audio_Speech_Actors_01-24/Actor_03/03-01-03-01-02-01-03.wav,3,happy,train
/Users/praketmehta/Desktop/multimodal_fusion_code/ravdessDATASET/Audio_Speech_Actors_01-24/Actor_03/03-01-03-02-01-01-03.wav,3,happy,train
/Users/praketmehta/Desktop/multimodal_fusion_code/ravdessDATASET/Audio_Speech_Actors_01-24/Actor_03/03-01-07-02-01-02-03.wav,3,disgust,train
/Users/praketmehta/Desktop/multimodal_fusion_code/ravdessDATASET/Audio_Speech_Actors_01-24/Actor_03/03-01-04-02-01-01-03.wav,3,sad,train
/Users/praketmehta/Desktop/multimodal_fusion_code/ravdessDATASET/Audio_Speech_Actors_01-24/Actor_03/03-01-04-01-02-01-03.wav,3,sad,train
/Users/praketmehta/Desktop/multimodal_fusion_code/ravdessDATASET/Audio_Speech_Actors_01-24/Actor_03/03-01-07-01-02-02-03.wav,3,disgust,train
/Users/praketmehta/Desktop/multimodal_fusion_code/ravdessDATASET/Audio_Speech_Actors_01-24/Actor_03/03-01-05-02-02-02-03.wav,3,angry,train
/Users/praketmehta/Desktop/multimodal_fusion_code/ravdessDATASET/Audio_Speech_Actors_01-24/Actor_03/03-01-06-02-02-01-03.wav,3,fearful,train
/Users/praketmehta/Desktop/multimodal_fusion_code/ravdessDATASET/Audio_Speech_Actors_01-24/Actor_03/03-01-06-01-01-01-03.wav,3,fearful,train
/Users/praketmehta/Desktop/multimodal_fusion_code/ravdessDATASET/Audio_Speech_Actors_01-24/Actor_03/03-01-05-01-01-02-03.wav,3,angry,train
/Users/praketmehta/Desktop/multimodal_fusion_code/ravdessDATASET/Audio_Speech_Actors_01-24/Actor_03/03-01-08-01-02-02-03.wav,3,surprised,train
/Users/praketmehta/Desktop/multimodal_fusion_code/ravdessDATASET/Audio_Speech_Actors_01-24/Actor_03/03-01-08-02-01-02-03.wav,3,surprised,train
/Users/praketmehta/Desktop/multimodal_fusion_code/ravdessDATASET/Audio_Speech_Actors_01-24/Actor_03/03-01-03-02-02-01-03.wav,3,happy,train
/Users/praketmehta/Desktop/multimodal_fusion_code/ravdessDATASET/Audio_Speech_Actors_01-24/Actor_03/03-01-03-01-01-01-03.wav,3,happy,train
/Users/praketmehta/Desktop/multimodal_fusion_code/ravdessDATASET/Audio_Speech_Actors_01-24/Actor_03/03-01-02-02-01-02-03.wav,3,calm,train
/Users/praketmehta/Desktop/multimodal_fusion_code/ravdessDATASET/Audio_Speech_Actors_01-24/Actor_03/03-01-02-01-02-02-03.wav,3,calm,train
/Users/praketmehta/Desktop/multimodal_fusion_code/ravdessDATASET/Audio_Speech_Actors_01-24/Actor_03/03-01-01-01-02-01-03.wav,3,neutral,train
/Users/praketmehta/Desktop/multimodal_fusion_code/ravdessDATASET/Audio_Speech_Actors_01-24/Actor_03/03-01-06-01-02-01-03.wav,3,fearful,train
/Users/praketmehta/Desktop/multimodal_fusion_code/ravdessDATASET/Audio_Speech_Actors_01-24/Actor_03/03-01-05-01-02-02-03.wav,3,angry,train
/Users/praketmehta/Desktop/multimodal_fusion_code/ravdessDATASET/Audio_Speech_Actors_01-24/Actor_03/03-01-05-02-01-02-03.wav,3,angry,train
/Users/praketmehta/Desktop/multimodal_fusion_code/ravdessDATASET/Audio_Speech_Actors_01-24/Actor_03/03-01-06-02-01-01-03.wav,3,fearful,train
/Users/praketmehta/Desktop/multimodal_fusion_code/ravdessDATASET/Audio_Speech_Actors_01-24/Actor_03/03-01-04-01-01-01-03.wav,3,sad,train
/Users/praketmehta/Desktop/multimodal_fusion_code/ravdessDATASET/Audio_Speech_Actors_01-24/Actor_03/03-01-07-01-01-02-03.wav,3,disgust,train
/Users/praketmehta/Desktop/multimodal_fusion_code/ravdessDATASET/Audio_Speech_Actors_01-24/Actor_03/03-01-07-02-02-02-03.wav,3,disgust,train
/Users/praketmehta/Desktop/multimodal_fusion_code/ravdessDATASET/Audio_Speech_Actors_01-24/Actor_03/03-01-04-02-02-01-03.wav,3,sad,train
/Users/praketmehta/Desktop/multimodal_fusion_code/ravdessDATASET/Audio_Speech_Actors_01-24/Actor_03/03-01-08-02-02-02-03.wav,3,surprised,train
/Users/praketmehta/Desktop/multimodal_fusion_code/ravdessDATASET/Audio_Speech_Actors_01-24/Actor_03/03-01-08-01-01-02-03.wav,3,surprised,train
/Users/praketmehta/Desktop/multimodal_fusion_code/ravdessDATASET/Audio_Speech_Actors_01-24/Actor_03/03-01-05-01-01-01-03.wav,3,angry,train
/Users/praketmehta/Desktop/multimodal_fusion_code/ravdessDATASET/Audio_Speech_Actors_01-24/Actor_03/03-01-06-01-01-02-03.wav,3,fearful,train
/Users/praketmehta/Desktop/multimodal_fusion_code/ravdessDATASET/Audio_Speech_Actors_01-24/Actor_03/03-01-06-02-02-02-03.wav,3,fearful,train
/Users/praketmehta/Desktop/multimodal_fusion_code/ravdessDATASET/Audio_Speech_Actors_01-24/Actor_03/03-01-05-02-02-01-03.wav,3,angry,train
/Users/praketmehta/Desktop/multimodal_fusion_code/ravdessDATASET/Audio_Speech_Actors_01-24/Actor_03/03-01-07-01-02-01-03.wav,3,disgust,train
/Users/praketmehta/Desktop/multimodal_fusion_code/ravdessDATASET/Audio_Speech_Actors_01-24/Actor_03/03-01-04-01-02-02-03.wav,3,sad,train
/Users/praketmehta/Desktop/multimodal_fusion_code/ravdessDATASET/Audio_Speech_Actors_01-24/Actor_03/03-01-04-02-01-02-03.wav,3,sad,train
/Users/praketmehta/Desktop/multimodal_fusion_code/ravdessDATASET/Audio_Speech_Actors_01-24/Actor_03/03-01-07-02-01-01-03.wav,3,disgust,train
/Users/praketmehta/Desktop/multimodal_fusion_code/ravdessDATASET/Audio_Speech_Actors_01-24/Actor_03/03-01-08-02-01-01-03.wav,3,surprised,train
/Users/praketmehta/Desktop/multimodal_fusion_code/ravdessDATASET/Audio_Speech_Actors_01-24/Actor_03/03-01-08-01-02-01-03.wav,3,surprised,train
/Users/praketmehta/Desktop/multimodal_fusion_code/ravdessDATASET/Audio_Speech_Actors_01-24/Actor_03/03-01-03-02-01-02-03.wav,3,happy,train
/Users/praketmehta/Desktop/multimodal_fusion_code/ravdessDATASET/Audio_Speech_Actors_01-24/Actor_03/03-01-03-01-02-02-03.wav,3,happy,train
/Users/praketmehta/Desktop/multimodal_fusion_code/ravdessDATASET/Audio_Speech_Actors_01-24/Actor_03/03-01-02-02-02-01-03.wav,3,calm,train
/Users/praketmehta/Desktop/multimodal_fusion_code/ravdessDATASET/Audio_Speech_Actors_01-24/Actor_03/03-01-01-01-01-02-03.wav,3,neutral,train
/Users/praketmehta/Desktop/multimodal_fusion_code/ravdessDATASET/Audio_Speech_Actors_01-24/Actor_03/03-01-02-01-01-01-03.wav,3,calm,train
/Users/praketmehta/Desktop/multimodal_fusion_code/ravdessDATASET/Audio_Speech_Actors_01-24/Actor_04/03-01-03-02-02-02-04.wav,4,happy,train
/Users/praketmehta/Desktop/multimodal_fusion_code/ravdessDATASET/Audio_Speech_Actors_01-24/Actor_04/03-01-03-01-01-02-04.wav,4,happy,train
/Users/praketmehta/Desktop/multimodal_fusion_code/ravdessDATASET/Audio_Speech_Actors_01-24/Actor_04/03-01-02-02-01-01-04.wav,4,calm,train
/Users/praketmehta/Desktop/multimodal_fusion_code/ravdessDATASET/Audio_Speech_Actors_01-24/Actor_04/03-01-01-01-02-02-04.wav,4,neutral,train
/Users/praketmehta/Desktop/multimodal_fusion_code/ravdessDATASET/Audio_Speech_Actors_01-24/Actor_04/03-01-02-01-02-01-04.wav,4,calm,train
/Users/praketmehta/Desktop/multimodal_fusion_code/ravdessDATASET/Audio_Speech_Actors_01-24/Actor_04/03-01-05-01-02-01-04.wav,4,angry,train
/Users/praketmehta/Desktop/multimodal_fusion_code/ravdessDATASET/Audio_Speech_Actors_01-24/Actor_04/03-01-06-01-02-02-04.wav,4,fearful,train
/Users/praketmehta/Desktop/multimodal_fusion_code/ravdessDATASET/Audio_Speech_Actors_01-24/Actor_04/03-01-06-02-01-02-04.wav,4,fearful,train
/Users/praketmehta/Desktop/multimodal_fusion_code/ravdessDATASET/Audio_Speech_Actors_01-24/Actor_04/03-01-05-02-01-01-04.wav,4,angry,train
/Users/praketmehta/Desktop/multimodal_fusion_code/ravdessDATASET/Audio_Speech_Actors_01-24/Actor_04/03-01-07-01-01-01-04.wav,4,disgust,train
/Users/praketmehta/Desktop/multimodal_fusion_code/ravdessDATASET/Audio_Speech_Actors_01-24/Actor_04/03-01-04-01-01-02-04.wav,4,sad,train
/Users/praketmehta/Desktop/multimodal_fusion_code/ravdessDATASET/Audio_Speech_Actors_01-24/Actor_04/03-01-04-02-02-02-04.wav,4,sad,train
/Users/praketmehta/Desktop/multimodal_fusion_code/ravdessDATASET/Audio_Speech_Actors_01-24/Actor_04/03-01-07-02-02-01-04.wav,4,disgust,train
/Users/praketmehta/Desktop/multimodal_fusion_code/ravdessDATASET/Audio_Speech_Actors_01-24/Actor_04/03-01-08-02-02-01-04.wav,4,surprised,train
/Users/praketmehta/Desktop/multimodal_fusion_code/ravdessDATASET/Audio_Speech_Actors_01-24/Actor_04/03-01-08-01-01-01-04.wav,4,surprised,train
/Users/praketmehta/Desktop/multimodal_fusion_code/ravdessDATASET/Audio_Speech_Actors_01-24/Actor_04/03-01-06-01-01-01-04.wav,4,fearful,train
/Users/praketmehta/Desktop/multimodal_fusion_code/ravdessDATASET/Audio_Speech_Actors_01-24/Actor_04/03-01-05-01-01-02-04.wav,4,angry,train
/Users/praketmehta/Desktop/multimodal_fusion_code/ravdessDATASET/Audio_Speech_Actors_01-24/Actor_04/03-01-05-02-02-02-04.wav,4,angry,train
/Users/praketmehta/Desktop/multimodal_fusion_code/ravdessDATASET/Audio_Speech_Actors_01-24/Actor_04/03-01-06-02-02-01-04.wav,4,fearful,train
/Users/praketmehta/Desktop/multimodal_fusion_code/ravdessDATASET/Audio_Speech_Actors_01-24/Actor_04/03-01-04-01-02-01-04.wav,4,sad,train
/Users/praketmehta/Desktop/multimodal_fusion_code/ravdessDATASET/Audio_Speech_Actors_01-24/Actor_04/03-01-07-01-02-02-04.wav,4,disgust,train
/Users/praketmehta/Desktop/multimodal_fusion_code/ravdessDATASET/Audio_Speech_Actors_01-24/Actor_04/03-01-07-02-01-02-04.wav,4,disgust,train
/Users/praketmehta/Desktop/multimodal_fusion_code/ravdessDATASET/Audio_Speech_Actors_01-24/Actor_04/03-01-04-02-01-01-04.wav,4,sad,train
/Users/praketmehta/Desktop/multimodal_fusion_code/ravdessDATASET/Audio_Speech_Actors_01-24/Actor_04/03-01-08-02-01-02-04.wav,4,surprised,train
/Users/praketmehta/Desktop/multimodal_fusion_code/ravdessDATASET/Audio_Speech_Actors_01-24/Actor_04/03-01-08-01-02-02-04.wav,4,surprised,train
/Users/praketmehta/Desktop/multimodal_fusion_code/ravdessDATASET/Audio_Speech_Actors_01-24/Actor_04/03-01-03-02-01-01-04.wav,4,happy,train
/Users/praketmehta/Desktop/multimodal_fusion_code/ravdessDATASET/Audio_Speech_Actors_01-24/Actor_04/03-01-03-01-02-01-04.wav,4,happy,train
/Users/praketmehta/Desktop/multimodal_fusion_code/ravdessDATASET/Audio_Speech_Actors_01-24/Actor_04/03-01-02-02-02-02-04.wav,4,calm,train
/Users/praketmehta/Desktop/multimodal_fusion_code/ravdessDATASET/Audio_Speech_Actors_01-24/Actor_04/03-01-02-01-01-02-04.wav,4,calm,train
/Users/praketmehta/Desktop/multimodal_fusion_code/ravdessDATASET/Audio_Speech_Actors_01-24/Actor_04/03-01-01-01-01-01-04.wav,4,neutral,train
/Users/praketmehta/Desktop/multimodal_fusion_code/ravdessDATASET/Audio_Speech_Actors_01-24/Actor_04/03-01-07-02-02-02-04.wav,4,disgust,train
/Users/praketmehta/Desktop/multimodal_fusion_code/ravdessDATASET/Audio_Speech_Actors_01-24/Actor_04/03-01-04-02-02-01-04.wav,4,sad,train
/Users/praketmehta/Desktop/multimodal_fusion_code/ravdessDATASET/Audio_Speech_Actors_01-24/Actor_04/03-01-04-01-01-01-04.wav,4,sad,train
/Users/praketmehta/Desktop/multimodal_fusion_code/ravdessDATASET/Audio_Speech_Actors_01-24/Actor_04/03-01-07-01-01-02-04.wav,4,disgust,train
/Users/praketmehta/Desktop/multimodal_fusion_code/ravdessDATASET/Audio_Speech_Actors_01-24/Actor_04/03-01-05-02-01-02-04.wav,4,angry,train
/Users/praketmehta/Desktop/multimodal_fusion_code/ravdessDATASET/Audio_Speech_Actors_01-24/Actor_04/03-01-06-02-01-01-04.wav,4,fearful,train
/Users/praketmehta/Desktop/multimodal_fusion_code/ravdessDATASET/Audio_Speech_Actors_01-24/Actor_04/03-01-06-01-02-01-04.wav,4,fearful,train
/Users/praketmehta/Desktop/multimodal_fusion_code/ravdessDATASET/Audio_Speech_Actors_01-24/Actor_04/03-01-05-01-02-02-04.wav,4,angry,train
/Users/praketmehta/Desktop/multimodal_fusion_code/ravdessDATASET/Audio_Speech_Actors_01-24/Actor_04/03-01-08-01-01-02-04.wav,4,surprised,train
/Users/praketmehta/Desktop/multimodal_fusion_code/ravdessDATASET/Audio_Speech_Actors_01-24/Actor_04/03-01-08-02-02-02-04.wav,4,surprised,train
/Users/praketmehta/Desktop/multimodal_fusion_code/ravdessDATASET/Audio_Speech_Actors_01-24/Actor_04/03-01-02-01-02-02-04.wav,4,calm,train
/Users/praketmehta/Desktop/multimodal_fusion_code/ravdessDATASET/Audio_Speech_Actors_01-24/Actor_04/03-01-01-01-02-01-04.wav,4,neutral,train
/Users/praketmehta/Desktop/multimodal_fusion_code/ravdessDATASET/Audio_Speech_Actors_01-24/Actor_04/03-01-02-02-01-02-04.wav,4,calm,train
/Users/praketmehta/Desktop/multimodal_fusion_code/ravdessDATASET/Audio_Speech_Actors_01-24/Actor_04/03-01-03-01-01-01-04.wav,4,happy,train
/Users/praketmehta/Desktop/multimodal_fusion_code/ravdessDATASET/Audio_Speech_Actors_01-24/Actor_04/03-01-03-02-02-01-04.wav,4,happy,train
/Users/praketmehta/Desktop/multimodal_fusion_code/ravdessDATASET/Audio_Speech_Actors_01-24/Actor_04/03-01-01-01-01-02-04.wav,4,neutral,train
/Users/praketmehta/Desktop/multimodal_fusion_code/ravdessDATASET/Audio_Speech_Actors_01-24/Actor_04/03-01-02-01-01-01-04.wav,4,calm,train
/Users/praketmehta/Desktop/multimodal_fusion_code/ravdessDATASET/Audio_Speech_Actors_01-24/Actor_04/03-01-02-02-02-01-04.wav,4,calm,train
/Users/praketmehta/Desktop/multimodal_fusion_code/ravdessDATASET/Audio_Speech_Actors_01-24/Actor_04/03-01-03-01-02-02-04.wav,4,happy,train
/Users/praketmehta/Desktop/multimodal_fusion_code/ravdessDATASET/Audio_Speech_Actors_01-24/Actor_04/03-01-03-02-01-02-04.wav,4,happy,train
/Users/praketmehta/Desktop/multimodal_fusion_code/ravdessDATASET/Audio_Speech_Actors_01-24/Actor_04/03-01-04-02-01-02-04.wav,4,sad,train
/Users/praketmehta/Desktop/multimodal_fusion_code/ravdessDATASET/Audio_Speech_Actors_01-24/Actor_04/03-01-07-02-01-01-04.wav,4,disgust,train
/Users/praketmehta/Desktop/multimodal_fusion_code/ravdessDATASET/Audio_Speech_Actors_01-24/Actor_04/03-01-07-01-02-01-04.wav,4,disgust,train
/Users/praketmehta/Desktop/multimodal_fusion_code/ravdessDATASET/Audio_Speech_Actors_01-24/Actor_04/03-01-04-01-02-02-04.wav,4,sad,train
/Users/praketmehta/Desktop/multimodal_fusion_code/ravdessDATASET/Audio_Speech_Actors_01-24/Actor_04/03-01-06-02-02-02-04.wav,4,fearful,train
/Users/praketmehta/Desktop/multimodal_fusion_code/ravdessDATASET/Audio_Speech_Actors_01-24/Actor_04/03-01-05-02-02-01-04.wav,4,angry,train
/Users/praketmehta/Desktop/multimodal_fusion_code/ravdessDATASET/Audio_Speech_Actors_01-24/Actor_04/03-01-05-01-01-01-04.wav,4,angry,train
/Users/praketmehta/Desktop/multimodal_fusion_code/ravdessDATASET/Audio_Speech_Actors_01-24/Actor_04/03-01-06-01-01-02-04.wav,4,fearful,train
/Users/praketmehta/Desktop/multimodal_fusion_code/ravdessDATASET/Audio_Speech_Actors_01-24/Actor_04/03-01-08-01-02-01-04.wav,4,surprised,train
/Users/praketmehta/Desktop/multimodal_fusion_code/ravdessDATASET/Audio_Speech_Actors_01-24/Actor_04/03-01-08-02-01-01-04.wav,4,surprised,train
/Users/praketmehta/Desktop/multimodal_fusion_code/ravdessDATASET/Audio_Speech_Actors_01-24/Actor_05/03-01-02-01-02-01-05.wav,5,calm,train
/Users/praketmehta/Desktop/multimodal_fusion_code/ravdessDATASET/Audio_Speech_Actors_01-24/Actor_05/03-01-01-01-02-02-05.wav,5,neutral,train
/Users/praketmehta/Desktop/multimodal_fusion_code/ravdessDATASET/Audio_Speech_Actors_01-24/Actor_05/03-01-02-02-01-01-05.wav,5,calm,train
/Users/praketmehta/Desktop/multimodal_fusion_code/ravdessDATASET/Audio_Speech_Actors_01-24/Actor_05/03-01-03-01-01-02-05.wav,5,happy,train
/Users/praketmehta/Desktop/multimodal_fusion_code/ravdessDATASET/Audio_Speech_Actors_01-24/Actor_05/03-01-03-02-02-02-05.wav,5,happy,train
/Users/praketmehta/Desktop/multimodal_fusion_code/ravdessDATASET/Audio_Speech_Actors_01-24/Actor_05/03-01-07-02-02-01-05.wav,5,disgust,train
/Users/praketmehta/Desktop/multimodal_fusion_code/ravdessDATASET/Audio_Speech_Actors_01-24/Actor_05/03-01-04-02-02-02-05.wav,5,sad,train
/Users/praketmehta/Desktop/multimodal_fusion_code/ravdessDATASET/Audio_Speech_Actors_01-24/Actor_05/03-01-04-01-01-02-05.wav,5,sad,train
/Users/praketmehta/Desktop/multimodal_fusion_code/ravdessDATASET/Audio_Speech_Actors_01-24/Actor_05/03-01-07-01-01-01-05.wav,5,disgust,train
/Users/praketmehta/Desktop/multimodal_fusion_code/ravdessDATASET/Audio_Speech_Actors_01-24/Actor_05/03-01-05-02-01-01-05.wav,5,angry,train
/Users/praketmehta/Desktop/multimodal_fusion_code/ravdessDATASET/Audio_Speech_Actors_01-24/Actor_05/03-01-06-02-01-02-05.wav,5,fearful,train
/Users/praketmehta/Desktop/multimodal_fusion_code/ravdessDATASET/Audio_Speech_Actors_01-24/Actor_05/03-01-06-01-02-02-05.wav,5,fearful,train
/Users/praketmehta/Desktop/multimodal_fusion_code/ravdessDATASET/Audio_Speech_Actors_01-24/Actor_05/03-01-05-01-02-01-05.wav,5,angry,train
/Users/praketmehta/Desktop/multimodal_fusion_code/ravdessDATASET/Audio_Speech_Actors_01-24/Actor_05/03-01-08-01-01-01-05.wav,5,surprised,train
/Users/praketmehta/Desktop/multimodal_fusion_code/ravdessDATASET/Audio_Speech_Actors_01-24/Actor_05/03-01-08-02-02-01-05.wav,5,surprised,train
/Users/praketmehta/Desktop/multimodal_fusion_code/ravdessDATASET/Audio_Speech_Actors_01-24/Actor_05/03-01-04-02-01-01-05.wav,5,sad,train
/Users/praketmehta/Desktop/multimodal_fusion_code/ravdessDATASET/Audio_Speech_Actors_01-24/Actor_05/03-01-07-02-01-02-05.wav,5,disgust,train
/Users/praketmehta/Desktop/multimodal_fusion_code/ravdessDATASET/Audio_Speech_Actors_01-24/Actor_05/03-01-07-01-02-02-05.wav,5,disgust,train
/Users/praketmehta/Desktop/multimodal_fusion_code/ravdessDATASET/Audio_Speech_Actors_01-24/Actor_05/03-01-04-01-02-01-05.wav,5,sad,train
/Users/praketmehta/Desktop/multimodal_fusion_code/ravdessDATASET/Audio_Speech_Actors_01-24/Actor_05/03-01-06-02-02-01-05.wav,5,fearful,train
/Users/praketmehta/Desktop/multimodal_fusion_code/ravdessDATASET/Audio_Speech_Actors_01-24/Actor_05/03-01-05-02-02-02-05.wav,5,angry,train
/Users/praketmehta/Desktop/multimodal_fusion_code/ravdessDATASET/Audio_Speech_Actors_01-24/Actor_05/03-01-05-01-01-02-05.wav,5,angry,train
/Users/praketmehta/Desktop/multimodal_fusion_code/ravdessDATASET/Audio_Speech_Actors_01-24/Actor_05/03-01-06-01-01-01-05.wav,5,fearful,train
/Users/praketmehta/Desktop/multimodal_fusion_code/ravdessDATASET/Audio_Speech_Actors_01-24/Actor_05/03-01-08-01-02-02-05.wav,5,surprised,train
/Users/praketmehta/Desktop/multimodal_fusion_code/ravdessDATASET/Audio_Speech_Actors_01-24/Actor_05/03-01-08-02-01-02-05.wav,5,surprised,train
/Users/praketmehta/Desktop/multimodal_fusion_code/ravdessDATASET/Audio_Speech_Actors_01-24/Actor_05/03-01-01-01-01-01-05.wav,5,neutral,train
/Users/praketmehta/Desktop/multimodal_fusion_code/ravdessDATASET/Audio_Speech_Actors_01-24/Actor_05/03-01-02-01-01-02-05.wav,5,calm,train
/Users/praketmehta/Desktop/multimodal_fusion_code/ravdessDATASET/Audio_Speech_Actors_01-24/Actor_05/03-01-02-02-02-02-05.wav,5,calm,train
/Users/praketmehta/Desktop/multimodal_fusion_code/ravdessDATASET/Audio_Speech_Actors_01-24/Actor_05/03-01-03-01-02-01-05.wav,5,happy,train
/Users/praketmehta/Desktop/multimodal_fusion_code/ravdessDATASET/Audio_Speech_Actors_01-24/Actor_05/03-01-03-02-01-01-05.wav,5,happy,train
/Users/praketmehta/Desktop/multimodal_fusion_code/ravdessDATASET/Audio_Speech_Actors_01-24/Actor_05/03-01-05-01-02-02-05.wav,5,angry,train
/Users/praketmehta/Desktop/multimodal_fusion_code/ravdessDATASET/Audio_Speech_Actors_01-24/Actor_05/03-01-06-01-02-01-05.wav,5,fearful,train
/Users/praketmehta/Desktop/multimodal_fusion_code/ravdessDATASET/Audio_Speech_Actors_01-24/Actor_05/03-01-06-02-01-01-05.wav,5,fearful,train
/Users/praketmehta/Desktop/multimodal_fusion_code/ravdessDATASET/Audio_Speech_Actors_01-24/Actor_05/03-01-05-02-01-02-05.wav,5,angry,train
/Users/praketmehta/Desktop/multimodal_fusion_code/ravdessDATASET/Audio_Speech_Actors_01-24/Actor_05/03-01-07-01-01-02-05.wav,5,disgust,train
/Users/praketmehta/Desktop/multimodal_fusion_code/ravdessDATASET/Audio_Speech_Actors_01-24/Actor_05/03-01-04-01-01-01-05.wav,5,sad,train
/Users/praketmehta/Desktop/multimodal_fusion_code/ravdessDATASET/Audio_Speech_Actors_01-24/Actor_05/03-01-04-02-02-01-05.wav,5,sad,train
/Users/praketmehta/Desktop/multimodal_fusion_code/ravdessDATASET/Audio_Speech_Actors_01-24/Actor_05/03-01-07-02-02-02-05.wav,5,disgust,train
/Users/praketmehta/Desktop/multimodal_fusion_code/ravdessDATASET/Audio_Speech_Actors_01-24/Actor_05/03-01-08-02-02-02-05.wav,5,surprised,train
/Users/praketmehta/Desktop/multimodal_fusion_code/ravdessDATASET/Audio_Speech_Actors_01-24/Actor_05/03-01-08-01-01-02-05.wav,5,surprised,train
/Users/praketmehta/Desktop/multimodal_fusion_code/ravdessDATASET/Audio_Speech_Actors_01-24/Actor_05/03-01-03-02-02-01-05.wav,5,happy,train
/Users/praketmehta/Desktop/multimodal_fusion_code/ravdessDATASET/Audio_Speech_Actors_01-24/Actor_05/03-01-03-01-01-01-05.wav,5,happy,train
/Users/praketmehta/Desktop/multimodal_fusion_code/ravdessDATASET/Audio_Speech_Actors_01-24/Actor_05/03-01-02-02-01-02-05.wav,5,calm,train
/Users/praketmehta/Desktop/multimodal_fusion_code/ravdessDATASET/Audio_Speech_Actors_01-24/Actor_05/03-01-01-01-02-01-05.wav,5,neutral,train
/Users/praketmehta/Desktop/multimodal_fusion_code/ravdessDATASET/Audio_Speech_Actors_01-24/Actor_05/03-01-02-01-02-02-05.wav,5,calm,train
/Users/praketmehta/Desktop/multimodal_fusion_code/ravdessDATASET/Audio_Speech_Actors_01-24/Actor_05/03-01-03-02-01-02-05.wav,5,happy,train
/Users/praketmehta/Desktop/multimodal_fusion_code/ravdessDATASET/Audio_Speech_Actors_01-24/Actor_05/03-01-03-01-02-02-05.wav,5,happy,train
/Users/praketmehta/Desktop/multimodal_fusion_code/ravdessDATASET/Audio_Speech_Actors_01-24/Actor_05/03-01-02-02-02-01-05.wav,5,calm,train
/Users/praketmehta/Desktop/multimodal_fusion_code/ravdessDATASET/Audio_Speech_Actors_01-24/Actor_05/03-01-02-01-01-01-05.wav,5,calm,train
/Users/praketmehta/Desktop/multimodal_fusion_code/ravdessDATASET/Audio_Speech_Actors_01-24/Actor_05/03-01-01-01-01-02-05.wav,5,neutral,train
/Users/praketmehta/Desktop/multimodal_fusion_code/ravdessDATASET/Audio_Speech_Actors_01-24/Actor_05/03-01-06-01-01-02-05.wav,5,fearful,train
/Users/praketmehta/Desktop/multimodal_fusion_code/ravdessDATASET/Audio_Speech_Actors_01-24/Actor_05/03-01-05-01-01-01-05.wav,5,angry,train
/Users/praketmehta/Desktop/multimodal_fusion_code/ravdessDATASET/Audio_Speech_Actors_01-24/Actor_05/03-01-05-02-02-01-05.wav,5,angry,train
/Users/praketmehta/Desktop/multimodal_fusion_code/ravdessDATASET/Audio_Speech_Actors_01-24/Actor_05/03-01-06-02-02-02-05.wav,5,fearful,train
/Users/praketmehta/Desktop/multimodal_fusion_code/ravdessDATASET/Audio_Speech_Actors_01-24/Actor_05/03-01-04-01-02-02-05.wav,5,sad,train
/Users/praketmehta/Desktop/multimodal_fusion_code/ravdessDATASET/Audio_Speech_Actors_01-24/Actor_05/03-01-07-01-02-01-05.wav,5,disgust,train
/Users/praketmehta/Desktop/multimodal_fusion_code/ravdessDATASET/Audio_Speech_Actors_01-24/Actor_05/03-01-07-02-01-01-05.wav,5,disgust,train
/Users/praketmehta/Desktop/multimodal_fusion_code/ravdessDATASET/Audio_Speech_Actors_01-24/Actor_05/03-01-04-02-01-02-05.wav,5,sad,train
/Users/praketmehta/Desktop/multimodal_fusion_code/ravdessDATASET/Audio_Speech_Actors_01-24/Actor_05/03-01-08-02-01-01-05.wav,5,surprised,train
/Users/praketmehta/Desktop/multimodal_fusion_code/ravdessDATASET/Audio_Speech_Actors_01-24/Actor_05/03-01-08-01-02-01-05.wav,5,surprised,train
/Users/praketmehta/Desktop/multimodal_fusion_code/ravdessDATASET/Audio_Speech_Actors_01-24/Actor_06/03-01-01-01-02-02-06.wav,6,neutral,train
/Users/praketmehta/Desktop/multimodal_fusion_code/ravdessDATASET/Audio_Speech_Actors_01-24/Actor_06/03-01-02-01-02-01-06.wav,6,calm,train
/Users/praketmehta/Desktop/multimodal_fusion_code/ravdessDATASET/Audio_Speech_Actors_01-24/Actor_06/03-01-02-02-01-01-06.wav,6,calm,train
/Users/praketmehta/Desktop/multimodal_fusion_code/ravdessDATASET/Audio_Speech_Actors_01-24/Actor_06/03-01-03-01-01-02-06.wav,6,happy,train
/Users/praketmehta/Desktop/multimodal_fusion_code/ravdessDATASET/Audio_Speech_Actors_01-24/Actor_06/03-01-03-02-02-02-06.wav,6,happy,train
/Users/praketmehta/Desktop/multimodal_fusion_code/ravdessDATASET/Audio_Speech_Actors_01-24/Actor_06/03-01-08-01-01-01-06.wav,6,surprised,train
/Users/praketmehta/Desktop/multimodal_fusion_code/ravdessDATASET/Audio_Speech_Actors_01-24/Actor_06/03-01-08-02-02-01-06.wav,6,surprised,train
/Users/praketmehta/Desktop/multimodal_fusion_code/ravdessDATASET/Audio_Speech_Actors_01-24/Actor_06/03-01-04-02-02-02-06.wav,6,sad,train
/Users/praketmehta/Desktop/multimodal_fusion_code/ravdessDATASET/Audio_Speech_Actors_01-24/Actor_06/03-01-07-02-02-01-06.wav,6,disgust,train
/Users/praketmehta/Desktop/multimodal_fusion_code/ravdessDATASET/Audio_Speech_Actors_01-24/Actor_06/03-01-07-01-01-01-06.wav,6,disgust,train
/Users/praketmehta/Desktop/multimodal_fusion_code/ravdessDATASET/Audio_Speech_Actors_01-24/Actor_06/03-01-04-01-01-02-06.wav,6,sad,train
/Users/praketmehta/Desktop/multimodal_fusion_code/ravdessDATASET/Audio_Speech_Actors_01-24/Actor_06/03-01-06-02-01-02-06.wav,6,fearful,train
/Users/praketmehta/Desktop/multimodal_fusion_code/ravdessDATASET/Audio_Speech_Actors_01-24/Actor_06/03-01-05-02-01-01-06.wav,6,angry,train
/Users/praketmehta/Desktop/multimodal_fusion_code/ravdessDATASET/Audio_Speech_Actors_01-24/Actor_06/03-01-05-01-02-01-06.wav,6,angry,train
/Users/praketmehta/Desktop/multimodal_fusion_code/ravdessDATASET/Audio_Speech_Actors_01-24/Actor_06/03-01-06-01-02-02-06.wav,6,fearful,train
/Users/praketmehta/Desktop/multimodal_fusion_code/ravdessDATASET/Audio_Speech_Actors_01-24/Actor_06/03-01-08-01-02-02-06.wav,6,surprised,train
/Users/praketmehta/Desktop/multimodal_fusion_code/ravdessDATASET/Audio_Speech_Actors_01-24/Actor_06/03-01-08-02-01-02-06.wav,6,surprised,train
/Users/praketmehta/Desktop/multimodal_fusion_code/ravdessDATASET/Audio_Speech_Actors_01-24/Actor_06/03-01-07-02-01-02-06.wav,6,disgust,train
/Users/praketmehta/Desktop/multimodal_fusion_code/ravdessDATASET/Audio_Speech_Actors_01-24/Actor_06/03-01-04-02-01-01-06.wav,6,sad,train
/Users/praketmehta/Desktop/multimodal_fusion_code/ravdessDATASET/Audio_Speech_Actors_01-24/Actor_06/03-01-04-01-02-01-06.wav,6,sad,train
/Users/praketmehta/Desktop/multimodal_fusion_code/ravdessDATASET/Audio_Speech_Actors_01-24/Actor_06/03-01-07-01-02-02-06.wav,6,disgust,train
/Users/praketmehta/Desktop/multimodal_fusion_code/ravdessDATASET/Audio_Speech_Actors_01-24/Actor_06/03-01-05-02-02-02-06.wav,6,angry,train
/Users/praketmehta/Desktop/multimodal_fusion_code/ravdessDATASET/Audio_Speech_Actors_01-24/Actor_06/03-01-06-02-02-01-06.wav,6,fearful,train
/Users/praketmehta/Desktop/multimodal_fusion_code/ravdessDATASET/Audio_Speech_Actors_01-24/Actor_06/03-01-06-01-01-01-06.wav,6,fearful,train
/Users/praketmehta/Desktop/multimodal_fusion_code/ravdessDATASET/Audio_Speech_Actors_01-24/Actor_06/03-01-05-01-01-02-06.wav,6,angry,train
/Users/praketmehta/Desktop/multimodal_fusion_code/ravdessDATASET/Audio_Speech_Actors_01-24/Actor_06/03-01-02-01-01-02-06.wav,6,calm,train
/Users/praketmehta/Desktop/multimodal_fusion_code/ravdessDATASET/Audio_Speech_Actors_01-24/Actor_06/03-01-01-01-01-01-06.wav,6,neutral,train
/Users/praketmehta/Desktop/multimodal_fusion_code/ravdessDATASET/Audio_Speech_Actors_01-24/Actor_06/03-01-02-02-02-02-06.wav,6,calm,train
/Users/praketmehta/Desktop/multimodal_fusion_code/ravdessDATASET/Audio_Speech_Actors_01-24/Actor_06/03-01-03-01-02-01-06.wav,6,happy,train
/Users/praketmehta/Desktop/multimodal_fusion_code/ravdessDATASET/Audio_Speech_Actors_01-24/Actor_06/03-01-03-02-01-01-06.wav,6,happy,train
/Users/praketmehta/Desktop/multimodal_fusion_code/ravdessDATASET/Audio_Speech_Actors_01-24/Actor_06/03-01-08-02-02-02-06.wav,6,surprised,train
/Users/praketmehta/Desktop/multimodal_fusion_code/ravdessDATASET/Audio_Speech_Actors_01-24/Actor_06/03-01-08-01-01-02-06.wav,6,surprised,train
/Users/praketmehta/Desktop/multimodal_fusion_code/ravdessDATASET/Audio_Speech_Actors_01-24/Actor_06/03-01-06-01-02-01-06.wav,6,fearful,train
/Users/praketmehta/Desktop/multimodal_fusion_code/ravdessDATASET/Audio_Speech_Actors_01-24/Actor_06/03-01-05-01-02-02-06.wav,6,angry,train
/Users/praketmehta/Desktop/multimodal_fusion_code/ravdessDATASET/Audio_Speech_Actors_01-24/Actor_06/03-01-05-02-01-02-06.wav,6,angry,train
/Users/praketmehta/Desktop/multimodal_fusion_code/ravdessDATASET/Audio_Speech_Actors_01-24/Actor_06/03-01-06-02-01-01-06.wav,6,fearful,train
/Users/praketmehta/Desktop/multimodal_fusion_code/ravdessDATASET/Audio_Speech_Actors_01-24/Actor_06/03-01-04-01-01-01-06.wav,6,sad,train
/Users/praketmehta/Desktop/multimodal_fusion_code/ravdessDATASET/Audio_Speech_Actors_01-24/Actor_06/03-01-07-01-01-02-06.wav,6,disgust,train
/Users/praketmehta/Desktop/multimodal_fusion_code/ravdessDATASET/Audio_Speech_Actors_01-24/Actor_06/03-01-07-02-02-02-06.wav,6,disgust,train
/Users/praketmehta/Desktop/multimodal_fusion_code/ravdessDATASET/Audio_Speech_Actors_01-24/Actor_06/03-01-04-02-02-01-06.wav,6,sad,train
/Users/praketmehta/Desktop/multimodal_fusion_code/ravdessDATASET/Audio_Speech_Actors_01-24/Actor_06/03-01-03-02-02-01-06.wav,6,happy,train
/Users/praketmehta/Desktop/multimodal_fusion_code/ravdessDATASET/Audio_Speech_Actors_01-24/Actor_06/03-01-03-01-01-01-06.wav,6,happy,train
/Users/praketmehta/Desktop/multimodal_fusion_code/ravdessDATASET/Audio_Speech_Actors_01-24/Actor_06/03-01-02-02-01-02-06.wav,6,calm,train
/Users/praketmehta/Desktop/multimodal_fusion_code/ravdessDATASET/Audio_Speech_Actors_01-24/Actor_06/03-01-02-01-02-02-06.wav,6,calm,train
/Users/praketmehta/Desktop/multimodal_fusion_code/ravdessDATASET/Audio_Speech_Actors_01-24/Actor_06/03-01-01-01-02-01-06.wav,6,neutral,train
/Users/praketmehta/Desktop/multimodal_fusion_code/ravdessDATASET/Audio_Speech_Actors_01-24/Actor_06/03-01-03-02-01-02-06.wav,6,happy,train
/Users/praketmehta/Desktop/multimodal_fusion_code/ravdessDATASET/Audio_Speech_Actors_01-24/Actor_06/03-01-03-01-02-02-06.wav,6,happy,train
/Users/praketmehta/Desktop/multimodal_fusion_code/ravdessDATASET/Audio_Speech_Actors_01-24/Actor_06/03-01-02-02-02-01-06.wav,6,calm,train
/Users/praketmehta/Desktop/multimodal_fusion_code/ravdessDATASET/Audio_Speech_Actors_01-24/Actor_06/03-01-01-01-01-02-06.wav,6,neutral,train
/Users/praketmehta/Desktop/multimodal_fusion_code/ravdessDATASET/Audio_Speech_Actors_01-24/Actor_06/03-01-02-01-01-01-06.wav,6,calm,train
/Users/praketmehta/Desktop/multimodal_fusion_code/ravdessDATASET/Audio_Speech_Actors_01-24/Actor_06/03-01-08-02-01-01-06.wav,6,surprised,train
/Users/praketmehta/Desktop/multimodal_fusion_code/ravdessDATASET/Audio_Speech_Actors_01-24/Actor_06/03-01-08-01-02-01-06.wav,6,surprised,train
/Users/praketmehta/Desktop/multimodal_fusion_code/ravdessDATASET/Audio_Speech_Actors_01-24/Actor_06/03-01-05-01-01-01-06.wav,6,angry,train
/Users/praketmehta/Desktop/multimodal_fusion_code/ravdessDATASET/Audio_Speech_Actors_01-24/Actor_06/03-01-06-01-01-02-06.wav,6,fearful,train
/Users/praketmehta/Desktop/multimodal_fusion_code/ravdessDATASET/Audio_Speech_Actors_01-24/Actor_06/03-01-06-02-02-02-06.wav,6,fearful,train
/Users/praketmehta/Desktop/multimodal_fusion_code/ravdessDATASET/Audio_Speech_Actors_01-24/Actor_06/03-01-05-02-02-01-06.wav,6,angry,train
/Users/praketmehta/Desktop/multimodal_fusion_code/ravdessDATASET/Audio_Speech_Actors_01-24/Actor_06/03-01-07-01-02-01-06.wav,6,disgust,train
/Users/praketmehta/Desktop/multimodal_fusion_code/ravdessDATASET/Audio_Speech_Actors_01-24/Actor_06/03-01-04-01-02-02-06.wav,6,sad,train
/Users/praketmehta/Desktop/multimodal_fusion_code/ravdessDATASET/Audio_Speech_Actors_01-24/Actor_06/03-01-04-02-01-02-06.wav,6,sad,train
/Users/praketmehta/Desktop/multimodal_fusion_code/ravdessDATASET/Audio_Speech_Actors_01-24/Actor_06/03-01-07-02-01-01-06.wav,6,disgust,train
/Users/praketmehta/Desktop/multimodal_fusion_code/ravdessDATASET/Audio_Speech_Actors_01-24/Actor_07/03-01-03-02-02-02-07.wav,7,happy,train
/Users/praketmehta/Desktop/multimodal_fusion_code/ravdessDATASET/Audio_Speech_Actors_01-24/Actor_07/03-01-03-01-01-02-07.wav,7,happy,train
/Users/praketmehta/Desktop/multimodal_fusion_code/ravdessDATASET/Audio_Speech_Actors_01-24/Actor_07/03-01-02-02-01-01-07.wav,7,calm,train
/Users/praketmehta/Desktop/multimodal_fusion_code/ravdessDATASET/Audio_Speech_Actors_01-24/Actor_07/03-01-02-01-02-01-07.wav,7,calm,train
/Users/praketmehta/Desktop/multimodal_fusion_code/ravdessDATASET/Audio_Speech_Actors_01-24/Actor_07/03-01-01-01-02-02-07.wav,7,neutral,train
/Users/praketmehta/Desktop/multimodal_fusion_code/ravdessDATASET/Audio_Speech_Actors_01-24/Actor_07/03-01-08-02-02-01-07.wav,7,surprised,train
/Users/praketmehta/Desktop/multimodal_fusion_code/ravdessDATASET/Audio_Speech_Actors_01-24/Actor_07/03-01-08-01-01-01-07.wav,7,surprised,train
/Users/praketmehta/Desktop/multimodal_fusion_code/ravdessDATASET/Audio_Speech_Actors_01-24/Actor_07/03-01-06-01-02-02-07.wav,7,fearful,train
/Users/praketmehta/Desktop/multimodal_fusion_code/ravdessDATASET/Audio_Speech_Actors_01-24/Actor_07/03-01-05-01-02-01-07.wav,7,angry,train
/Users/praketmehta/Desktop/multimodal_fusion_code/ravdessDATASET/Audio_Speech_Actors_01-24/Actor_07/03-01-05-02-01-01-07.wav,7,angry,train
/Users/praketmehta/Desktop/multimodal_fusion_code/ravdessDATASET/Audio_Speech_Actors_01-24/Actor_07/03-01-06-02-01-02-07.wav,7,fearful,train
/Users/praketmehta/Desktop/multimodal_fusion_code/ravdessDATASET/Audio_Speech_Actors_01-24/Actor_07/03-01-04-01-01-02-07.wav,7,sad,train
/Users/praketmehta/Desktop/multimodal_fusion_code/ravdessDATASET/Audio_Speech_Actors_01-24/Actor_07/03-01-07-01-01-01-07.wav,7,disgust,train
/Users/praketmehta/Desktop/multimodal_fusion_code/ravdessDATASET/Audio_Speech_Actors_01-24/Actor_07/03-01-07-02-02-01-07.wav,7,disgust,train
/Users/praketmehta/Desktop/multimodal_fusion_code/ravdessDATASET/Audio_Speech_Actors_01-24/Actor_07/03-01-04-02-02-02-07.wav,7,sad,train
/Users/praketmehta/Desktop/multimodal_fusion_code/ravdessDATASET/Audio_Speech_Actors_01-24/Actor_07/03-01-08-02-01-02-07.wav,7,surprised,train
/Users/praketmehta/Desktop/multimodal_fusion_code/ravdessDATASET/Audio_Speech_Actors_01-24/Actor_07/03-01-08-01-02-02-07.wav,7,surprised,train
/Users/praketmehta/Desktop/multimodal_fusion_code/ravdessDATASET/Audio_Speech_Actors_01-24/Actor_07/03-01-05-01-01-02-07.wav,7,angry,train
/Users/praketmehta/Desktop/multimodal_fusion_code/ravdessDATASET/Audio_Speech_Actors_01-24/Actor_07/03-01-06-01-01-01-07.wav,7,fearful,train
/Users/praketmehta/Desktop/multimodal_fusion_code/ravdessDATASET/Audio_Speech_Actors_01-24/Actor_07/03-01-06-02-02-01-07.wav,7,fearful,train
/Users/praketmehta/Desktop/multimodal_fusion_code/ravdessDATASET/Audio_Speech_Actors_01-24/Actor_07/03-01-05-02-02-02-07.wav,7,angry,train
/Users/praketmehta/Desktop/multimodal_fusion_code/ravdessDATASET/Audio_Speech_Actors_01-24/Actor_07/03-01-07-01-02-02-07.wav,7,disgust,train
/Users/praketmehta/Desktop/multimodal_fusion_code/ravdessDATASET/Audio_Speech_Actors_01-24/Actor_07/03-01-04-01-02-01-07.wav,7,sad,train
/Users/praketmehta/Desktop/multimodal_fusion_code/ravdessDATASET/Audio_Speech_Actors_01-24/Actor_07/03-01-04-02-01-01-07.wav,7,sad,train
/Users/praketmehta/Desktop/multimodal_fusion_code/ravdessDATASET/Audio_Speech_Actors_01-24/Actor_07/03-01-07-02-01-02-07.wav,7,disgust,train
/Users/praketmehta/Desktop/multimodal_fusion_code/ravdessDATASET/Audio_Speech_Actors_01-24/Actor_07/03-01-03-02-01-01-07.wav,7,happy,train
/Users/praketmehta/Desktop/multimodal_fusion_code/ravdessDATASET/Audio_Speech_Actors_01-24/Actor_07/03-01-03-01-02-01-07.wav,7,happy,train
/Users/praketmehta/Desktop/multimodal_fusion_code/ravdessDATASET/Audio_Speech_Actors_01-24/Actor_07/03-01-02-02-02-02-07.wav,7,calm,train
/Users/praketmehta/Desktop/multimodal_fusion_code/ravdessDATASET/Audio_Speech_Actors_01-24/Actor_07/03-01-01-01-01-01-07.wav,7,neutral,train
/Users/praketmehta/Desktop/multimodal_fusion_code/ravdessDATASET/Audio_Speech_Actors_01-24/Actor_07/03-01-02-01-01-02-07.wav,7,calm,train
/Users/praketmehta/Desktop/multimodal_fusion_code/ravdessDATASET/Audio_Speech_Actors_01-24/Actor_07/03-01-08-01-01-02-07.wav,7,surprised,train
/Users/praketmehta/Desktop/multimodal_fusion_code/ravdessDATASET/Audio_Speech_Actors_01-24/Actor_07/03-01-08-02-02-02-07.wav,7,surprised,train
/Users/praketmehta/Desktop/multimodal_fusion_code/ravdessDATASET/Audio_Speech_Actors_01-24/Actor_07/03-01-04-02-02-01-07.wav,7,sad,train
/Users/praketmehta/Desktop/multimodal_fusion_code/ravdessDATASET/Audio_Speech_Actors_01-24/Actor_07/03-01-07-02-02-02-07.wav,7,disgust,train
/Users/praketmehta/Desktop/multimodal_fusion_code/ravdessDATASET/Audio_Speech_Actors_01-24/Actor_07/03-01-07-01-01-02-07.wav,7,disgust,train
/Users/praketmehta/Desktop/multimodal_fusion_code/ravdessDATASET/Audio_Speech_Actors_01-24/Actor_07/03-01-04-01-01-01-07.wav,7,sad,train
/Users/praketmehta/Desktop/multimodal_fusion_code/ravdessDATASET/Audio_Speech_Actors_01-24/Actor_07/03-01-06-02-01-01-07.wav,7,fearful,train
/Users/praketmehta/Desktop/multimodal_fusion_code/ravdessDATASET/Audio_Speech_Actors_01-24/Actor_07/03-01-05-02-01-02-07.wav,7,angry,train
/Users/praketmehta/Desktop/multimodal_fusion_code/ravdessDATASET/Audio_Speech_Actors_01-24/Actor_07/03-01-05-01-02-02-07.wav,7,angry,train
/Users/praketmehta/Desktop/multimodal_fusion_code/ravdessDATASET/Audio_Speech_Actors_01-24/Actor_07/03-01-06-01-02-01-07.wav,7,fearful,train
/Users/praketmehta/Desktop/multimodal_fusion_code/ravdessDATASET/Audio_Speech_Actors_01-24/Actor_07/03-01-01-01-02-01-07.wav,7,neutral,train
/Users/praketmehta/Desktop/multimodal_fusion_code/ravdessDATASET/Audio_Speech_Actors_01-24/Actor_07/03-01-02-01-02-02-07.wav,7,calm,train
/Users/praketmehta/Desktop/multimodal_fusion_code/ravdessDATASET/Audio_Speech_Actors_01-24/Actor_07/03-01-02-02-01-02-07.wav,7,calm,train
/Users/praketmehta/Desktop/multimodal_fusion_code/ravdessDATASET/Audio_Speech_Actors_01-24/Actor_07/03-01-03-01-01-01-07.wav,7,happy,train
/Users/praketmehta/Desktop/multimodal_fusion_code/ravdessDATASET/Audio_Speech_Actors_01-24/Actor_07/03-01-03-02-02-01-07.wav,7,happy,train
/Users/praketmehta/Desktop/multimodal_fusion_code/ravdessDATASET/Audio_Speech_Actors_01-24/Actor_07/03-01-02-01-01-01-07.wav,7,calm,train
/Users/praketmehta/Desktop/multimodal_fusion_code/ravdessDATASET/Audio_Speech_Actors_01-24/Actor_07/03-01-01-01-01-02-07.wav,7,neutral,train
/Users/praketmehta/Desktop/multimodal_fusion_code/ravdessDATASET/Audio_Speech_Actors_01-24/Actor_07/03-01-02-02-02-01-07.wav,7,calm,train
/Users/praketmehta/Desktop/multimodal_fusion_code/ravdessDATASET/Audio_Speech_Actors_01-24/Actor_07/03-01-03-01-02-02-07.wav,7,happy,train
/Users/praketmehta/Desktop/multimodal_fusion_code/ravdessDATASET/Audio_Speech_Actors_01-24/Actor_07/03-01-03-02-01-02-07.wav,7,happy,train
/Users/praketmehta/Desktop/multimodal_fusion_code/ravdessDATASET/Audio_Speech_Actors_01-24/Actor_07/03-01-08-01-02-01-07.wav,7,surprised,train
/Users/praketmehta/Desktop/multimodal_fusion_code/ravdessDATASET/Audio_Speech_Actors_01-24/Actor_07/03-01-08-02-01-01-07.wav,7,surprised,train
/Users/praketmehta/Desktop/multimodal_fusion_code/ravdessDATASET/Audio_Speech_Actors_01-24/Actor_07/03-01-07-02-01-01-07.wav,7,disgust,train
/Users/praketmehta/Desktop/multimodal_fusion_code/ravdessDATASET/Audio_Speech_Actors_01-24/Actor_07/03-01-04-02-01-02-07.wav,7,sad,train
/Users/praketmehta/Desktop/multimodal_fusion_code/ravdessDATASET/Audio_Speech_Actors_01-24/Actor_07/03-01-04-01-02-02-07.wav,7,sad,train
/Users/praketmehta/Desktop/multimodal_fusion_code/ravdessDATASET/Audio_Speech_Actors_01-24/Actor_07/03-01-07-01-02-01-07.wav,7,disgust,train
/Users/praketmehta/Desktop/multimodal_fusion_code/ravdessDATASET/Audio_Speech_Actors_01-24/Actor_07/03-01-05-02-02-01-07.wav,7,angry,train
/Users/praketmehta/Desktop/multimodal_fusion_code/ravdessDATASET/Audio_Speech_Actors_01-24/Actor_07/03-01-06-02-02-02-07.wav,7,fearful,train
/Users/praketmehta/Desktop/multimodal_fusion_code/ravdessDATASET/Audio_Speech_Actors_01-24/Actor_07/03-01-06-01-01-02-07.wav,7,fearful,train
/Users/praketmehta/Desktop/multimodal_fusion_code/ravdessDATASET/Audio_Speech_Actors_01-24/Actor_07/03-01-05-01-01-01-07.wav,7,angry,train
/Users/praketmehta/Desktop/multimodal_fusion_code/ravdessDATASET/Audio_Speech_Actors_01-24/Actor_08/03-01-08-01-02-01-08.wav,8,surprised,train
/Users/praketmehta/Desktop/multimodal_fusion_code/ravdessDATASET/Audio_Speech_Actors_01-24/Actor_08/03-01-08-02-01-01-08.wav,8,surprised,train
/Users/praketmehta/Desktop/multimodal_fusion_code/ravdessDATASET/Audio_Speech_Actors_01-24/Actor_08/03-01-07-02-01-01-08.wav,8,disgust,train
/Users/praketmehta/Desktop/multimodal_fusion_code/ravdessDATASET/Audio_Speech_Actors_01-24/Actor_08/03-01-04-02-01-02-08.wav,8,sad,train
/Users/praketmehta/Desktop/multimodal_fusion_code/ravdessDATASET/Audio_Speech_Actors_01-24/Actor_08/03-01-04-01-02-02-08.wav,8,sad,train
/Users/praketmehta/Desktop/multimodal_fusion_code/ravdessDATASET/Audio_Speech_Actors_01-24/Actor_08/03-01-07-01-02-01-08.wav,8,disgust,train
/Users/praketmehta/Desktop/multimodal_fusion_code/ravdessDATASET/Audio_Speech_Actors_01-24/Actor_08/03-01-05-02-02-01-08.wav,8,angry,train
/Users/praketmehta/Desktop/multimodal_fusion_code/ravdessDATASET/Audio_Speech_Actors_01-24/Actor_08/03-01-06-02-02-02-08.wav,8,fearful,train
/Users/praketmehta/Desktop/multimodal_fusion_code/ravdessDATASET/Audio_Speech_Actors_01-24/Actor_08/03-01-06-01-01-02-08.wav,8,fearful,train
/Users/praketmehta/Desktop/multimodal_fusion_code/ravdessDATASET/Audio_Speech_Actors_01-24/Actor_08/03-01-05-01-01-01-08.wav,8,angry,train
/Users/praketmehta/Desktop/multimodal_fusion_code/ravdessDATASET/Audio_Speech_Actors_01-24/Actor_08/03-01-02-01-01-01-08.wav,8,calm,train
/Users/praketmehta/Desktop/multimodal_fusion_code/ravdessDATASET/Audio_Speech_Actors_01-24/Actor_08/03-01-01-01-01-02-08.wav,8,neutral,train
/Users/praketmehta/Desktop/multimodal_fusion_code/ravdessDATASET/Audio_Speech_Actors_01-24/Actor_08/03-01-02-02-02-01-08.wav,8,calm,train
/Users/praketmehta/Desktop/multimodal_fusion_code/ravdessDATASET/Audio_Speech_Actors_01-24/Actor_08/03-01-03-01-02-02-08.wav,8,happy,train
/Users/praketmehta/Desktop/multimodal_fusion_code/ravdessDATASET/Audio_Speech_Actors_01-24/Actor_08/03-01-03-02-01-02-08.wav,8,happy,train
/Users/praketmehta/Desktop/multimodal_fusion_code/ravdessDATASET/Audio_Speech_Actors_01-24/Actor_08/03-01-01-01-02-01-08.wav,8,neutral,train
/Users/praketmehta/Desktop/multimodal_fusion_code/ravdessDATASET/Audio_Speech_Actors_01-24/Actor_08/03-01-02-01-02-02-08.wav,8,calm,train
/Users/praketmehta/Desktop/multimodal_fusion_code/ravdessDATASET/Audio_Speech_Actors_01-24/Actor_08/03-01-02-02-01-02-08.wav,8,calm,train
/Users/praketmehta/Desktop/multimodal_fusion_code/ravdessDATASET/Audio_Speech_Actors_01-24/Actor_08/03-01-03-01-01-01-08.wav,8,happy,train
/Users/praketmehta/Desktop/multimodal_fusion_code/ravdessDATASET/Audio_Speech_Actors_01-24/Actor_08/03-01-03-02-02-01-08.wav,8,happy,train
/Users/praketmehta/Desktop/multimodal_fusion_code/ravdessDATASET/Audio_Speech_Actors_01-24/Actor_08/03-01-08-01-01-02-08.wav,8,surprised,train
/Users/praketmehta/Desktop/multimodal_fusion_code/ravdessDATASET/Audio_Speech_Actors_01-24/Actor_08/03-01-08-02-02-02-08.wav,8,surprised,train
/Users/praketmehta/Desktop/multimodal_fusion_code/ravdessDATASET/Audio_Speech_Actors_01-24/Actor_08/03-01-04-02-02-01-08.wav,8,sad,train
/Users/praketmehta/Desktop/multimodal_fusion_code/ravdessDATASET/Audio_Speech_Actors_01-24/Actor_08/03-01-07-02-02-02-08.wav,8,disgust,train
/Users/praketmehta/Desktop/multimodal_fusion_code/ravdessDATASET/Audio_Speech_Actors_01-24/Actor_08/03-01-07-01-01-02-08.wav,8,disgust,train
/Users/praketmehta/Desktop/multimodal_fusion_code/ravdessDATASET/Audio_Speech_Actors_01-24/Actor_08/03-01-04-01-01-01-08.wav,8,sad,train
/Users/praketmehta/Desktop/multimodal_fusion_code/ravdessDATASET/Audio_Speech_Actors_01-24/Actor_08/03-01-06-02-01-01-08.wav,8,fearful,train
/Users/praketmehta/Desktop/multimodal_fusion_code/ravdessDATASET/Audio_Speech_Actors_01-24/Actor_08/03-01-05-02-01-02-08.wav,8,angry,train
/Users/praketmehta/Desktop/multimodal_fusion_code/ravdessDATASET/Audio_Speech_Actors_01-24/Actor_08/03-01-05-01-02-02-08.wav,8,angry,train
/Users/praketmehta/Desktop/multimodal_fusion_code/ravdessDATASET/Audio_Speech_Actors_01-24/Actor_08/03-01-06-01-02-01-08.wav,8,fearful,train
/Users/praketmehta/Desktop/multimodal_fusion_code/ravdessDATASET/Audio_Speech_Actors_01-24/Actor_08/03-01-03-02-01-01-08.wav,8,happy,train
/Users/praketmehta/Desktop/multimodal_fusion_code/ravdessDATASET/Audio_Speech_Actors_01-24/Actor_08/03-01-03-01-02-01-08.wav,8,happy,train
/Users/praketmehta/Desktop/multimodal_fusion_code/ravdessDATASET/Audio_Speech_Actors_01-24/Actor_08/03-01-02-02-02-02-08.wav,8,calm,train
/Users/praketmehta/Desktop/multimodal_fusion_code/ravdessDATASET/Audio_Speech_Actors_01-24/Actor_08/03-01-01-01-01-01-08.wav,8,neutral,train
/Users/praketmehta/Desktop/multimodal_fusion_code/ravdessDATASET/Audio_Speech_Actors_01-24/Actor_08/03-01-02-01-01-02-08.wav,8,calm,train
/Users/praketmehta/Desktop/multimodal_fusion_code/ravdessDATASET/Audio_Speech_Actors_01-24/Actor_08/03-01-08-02-01-02-08.wav,8,surprised,train
/Users/praketmehta/Desktop/multimodal_fusion_code/ravdessDATASET/Audio_Speech_Actors_01-24/Actor_08/03-01-08-01-02-02-08.wav,8,surprised,train
/Users/praketmehta/Desktop/multimodal_fusion_code/ravdessDATASET/Audio_Speech_Actors_01-24/Actor_08/03-01-05-01-01-02-08.wav,8,angry,train
/Users/praketmehta/Desktop/multimodal_fusion_code/ravdessDATASET/Audio_Speech_Actors_01-24/Actor_08/03-01-06-01-01-01-08.wav,8,fearful,train
/Users/praketmehta/Desktop/multimodal_fusion_code/ravdessDATASET/Audio_Speech_Actors_01-24/Actor_08/03-01-06-02-02-01-08.wav,8,fearful,train
/Users/praketmehta/Desktop/multimodal_fusion_code/ravdessDATASET/Audio_Speech_Actors_01-24/Actor_08/03-01-05-02-02-02-08.wav,8,angry,train
/Users/praketmehta/Desktop/multimodal_fusion_code/ravdessDATASET/Audio_Speech_Actors_01-24/Actor_08/03-01-07-01-02-02-08.wav,8,disgust,train
/Users/praketmehta/Desktop/multimodal_fusion_code/ravdessDATASET/Audio_Speech_Actors_01-24/Actor_08/03-01-04-01-02-01-08.wav,8,sad,train
/Users/praketmehta/Desktop/multimodal_fusion_code/ravdessDATASET/Audio_Speech_Actors_01-24/Actor_08/03-01-04-02-01-01-08.wav,8,sad,train
/Users/praketmehta/Desktop/multimodal_fusion_code/ravdessDATASET/Audio_Speech_Actors_01-24/Actor_08/03-01-07-02-01-02-08.wav,8,disgust,train
/Users/praketmehta/Desktop/multimodal_fusion_code/ravdessDATASET/Audio_Speech_Actors_01-24/Actor_08/03-01-08-02-02-01-08.wav,8,surprised,train
/Users/praketmehta/Desktop/multimodal_fusion_code/ravdessDATASET/Audio_Speech_Actors_01-24/Actor_08/03-01-08-01-01-01-08.wav,8,surprised,train
/Users/praketmehta/Desktop/multimodal_fusion_code/ravdessDATASET/Audio_Speech_Actors_01-24/Actor_08/03-01-06-01-02-02-08.wav,8,fearful,train
/Users/praketmehta/Desktop/multimodal_fusion_code/ravdessDATASET/Audio_Speech_Actors_01-24/Actor_08/03-01-05-01-02-01-08.wav,8,angry,train
/Users/praketmehta/Desktop/multimodal_fusion_code/ravdessDATASET/Audio_Speech_Actors_01-24/Actor_08/03-01-05-02-01-01-08.wav,8,angry,train
/Users/praketmehta/Desktop/multimodal_fusion_code/ravdessDATASET/Audio_Speech_Actors_01-24/Actor_08/03-01-06-02-01-02-08.wav,8,fearful,train
/Users/praketmehta/Desktop/multimodal_fusion_code/ravdessDATASET/Audio_Speech_Actors_01-24/Actor_08/03-01-04-01-01-02-08.wav,8,sad,train
/Users/praketmehta/Desktop/multimodal_fusion_code/ravdessDATASET/Audio_Speech_Actors_01-24/Actor_08/03-01-07-01-01-01-08.wav,8,disgust,train
/Users/praketmehta/Desktop/multimodal_fusion_code/ravdessDATASET/Audio_Speech_Actors_01-24/Actor_08/03-01-07-02-02-01-08.wav,8,disgust,train
/Users/praketmehta/Desktop/multimodal_fusion_code/ravdessDATASET/Audio_Speech_Actors_01-24/Actor_08/03-01-04-02-02-02-08.wav,8,sad,train
/Users/praketmehta/Desktop/multimodal_fusion_code/ravdessDATASET/Audio_Speech_Actors_01-24/Actor_08/03-01-03-02-02-02-08.wav,8,happy,train
/Users/praketmehta/Desktop/multimodal_fusion_code/ravdessDATASET/Audio_Speech_Actors_01-24/Actor_08/03-01-03-01-01-02-08.wav,8,happy,train
/Users/praketmehta/Desktop/multimodal_fusion_code/ravdessDATASET/Audio_Speech_Actors_01-24/Actor_08/03-01-02-02-01-01-08.wav,8,calm,train
/Users/praketmehta/Desktop/multimodal_fusion_code/ravdessDATASET/Audio_Speech_Actors_01-24/Actor_08/03-01-02-01-02-01-08.wav,8,calm,train
/Users/praketmehta/Desktop/multimodal_fusion_code/ravdessDATASET/Audio_Speech_Actors_01-24/Actor_08/03-01-01-01-02-02-08.wav,8,neutral,train
/Users/praketmehta/Desktop/multimodal_fusion_code/ravdessDATASET/Audio_Speech_Actors_01-24/Actor_09/03-01-08-02-01-01-09.wav,9,surprised,train
/Users/praketmehta/Desktop/multimodal_fusion_code/ravdessDATASET/Audio_Speech_Actors_01-24/Actor_09/03-01-08-01-02-01-09.wav,9,surprised,train
/Users/praketmehta/Desktop/multimodal_fusion_code/ravdessDATASET/Audio_Speech_Actors_01-24/Actor_09/03-01-05-01-01-01-09.wav,9,angry,train
/Users/praketmehta/Desktop/multimodal_fusion_code/ravdessDATASET/Audio_Speech_Actors_01-24/Actor_09/03-01-06-01-01-02-09.wav,9,fearful,train
/Users/praketmehta/Desktop/multimodal_fusion_code/ravdessDATASET/Audio_Speech_Actors_01-24/Actor_09/03-01-06-02-02-02-09.wav,9,fearful,train
/Users/praketmehta/Desktop/multimodal_fusion_code/ravdessDATASET/Audio_Speech_Actors_01-24/Actor_09/03-01-05-02-02-01-09.wav,9,angry,train
/Users/praketmehta/Desktop/multimodal_fusion_code/ravdessDATASET/Audio_Speech_Actors_01-24/Actor_09/03-01-07-01-02-01-09.wav,9,disgust,train
/Users/praketmehta/Desktop/multimodal_fusion_code/ravdessDATASET/Audio_Speech_Actors_01-24/Actor_09/03-01-04-01-02-02-09.wav,9,sad,train
/Users/praketmehta/Desktop/multimodal_fusion_code/ravdessDATASET/Audio_Speech_Actors_01-24/Actor_09/03-01-04-02-01-02-09.wav,9,sad,train
/Users/praketmehta/Desktop/multimodal_fusion_code/ravdessDATASET/Audio_Speech_Actors_01-24/Actor_09/03-01-07-02-01-01-09.wav,9,disgust,train
/Users/praketmehta/Desktop/multimodal_fusion_code/ravdessDATASET/Audio_Speech_Actors_01-24/Actor_09/03-01-03-02-01-02-09.wav,9,happy,train
/Users/praketmehta/Desktop/multimodal_fusion_code/ravdessDATASET/Audio_Speech_Actors_01-24/Actor_09/03-01-03-01-02-02-09.wav,9,happy,train
/Users/praketmehta/Desktop/multimodal_fusion_code/ravdessDATASET/Audio_Speech_Actors_01-24/Actor_09/03-01-02-02-02-01-09.wav,9,calm,train
/Users/praketmehta/Desktop/multimodal_fusion_code/ravdessDATASET/Audio_Speech_Actors_01-24/Actor_09/03-01-01-01-01-02-09.wav,9,neutral,train
/Users/praketmehta/Desktop/multimodal_fusion_code/ravdessDATASET/Audio_Speech_Actors_01-24/Actor_09/03-01-02-01-01-01-09.wav,9,calm,train
/Users/praketmehta/Desktop/multimodal_fusion_code/ravdessDATASET/Audio_Speech_Actors_01-24/Actor_09/03-01-03-02-02-01-09.wav,9,happy,train
/Users/praketmehta/Desktop/multimodal_fusion_code/ravdessDATASET/Audio_Speech_Actors_01-24/Actor_09/03-01-03-01-01-01-09.wav,9,happy,train
/Users/praketmehta/Desktop/multimodal_fusion_code/ravdessDATASET/Audio_Speech_Actors_01-24/Actor_09/03-01-02-02-01-02-09.wav,9,calm,train
/Users/praketmehta/Desktop/multimodal_fusion_code/ravdessDATASET/Audio_Speech_Actors_01-24/Actor_09/03-01-02-01-02-02-09.wav,9,calm,train
/Users/praketmehta/Desktop/multimodal_fusion_code/ravdessDATASET/Audio_Speech_Actors_01-24/Actor_09/03-01-01-01-02-01-09.wav,9,neutral,train
/Users/praketmehta/Desktop/multimodal_fusion_code/ravdessDATASET/Audio_Speech_Actors_01-24/Actor_09/03-01-08-02-02-02-09.wav,9,surprised,train
/Users/praketmehta/Desktop/multimodal_fusion_code/ravdessDATASET/Audio_Speech_Actors_01-24/Actor_09/03-01-08-01-01-02-09.wav,9,surprised,train
/Users/praketmehta/Desktop/multimodal_fusion_code/ravdessDATASET/Audio_Speech_Actors_01-24/Actor_09/03-01-06-01-02-01-09.wav,9,fearful,train
/Users/praketmehta/Desktop/multimodal_fusion_code/ravdessDATASET/Audio_Speech_Actors_01-24/Actor_09/03-01-05-01-02-02-09.wav,9,angry,train
/Users/praketmehta/Desktop/multimodal_fusion_code/ravdessDATASET/Audio_Speech_Actors_01-24/Actor_09/03-01-05-02-01-02-09.wav,9,angry,train
/Users/praketmehta/Desktop/multimodal_fusion_code/ravdessDATASET/Audio_Speech_Actors_01-24/Actor_09/03-01-06-02-01-01-09.wav,9,fearful,train
/Users/praketmehta/Desktop/multimodal_fusion_code/ravdessDATASET/Audio_Speech_Actors_01-24/Actor_09/03-01-04-01-01-01-09.wav,9,sad,train
/Users/praketmehta/Desktop/multimodal_fusion_code/ravdessDATASET/Audio_Speech_Actors_01-24/Actor_09/03-01-07-01-01-02-09.wav,9,disgust,train
/Users/praketmehta/Desktop/multimodal_fusion_code/ravdessDATASET/Audio_Speech_Actors_01-24/Actor_09/03-01-07-02-02-02-09.wav,9,disgust,train
/Users/praketmehta/Desktop/multimodal_fusion_code/ravdessDATASET/Audio_Speech_Actors_01-24/Actor_09/03-01-04-02-02-01-09.wav,9,sad,train
/Users/praketmehta/Desktop/multimodal_fusion_code/ravdessDATASET/Audio_Speech_Actors_01-24/Actor_09/03-01-02-01-01-02-09.wav,9,calm,train
/Users/praketmehta/Desktop/multimodal_fusion_code/ravdessDATASET/Audio_Speech_Actors_01-24/Actor_09/03-01-01-01-01-01-09.wav,9,neutral,train
/Users/praketmehta/Desktop/multimodal_fusion_code/ravdessDATASET/Audio_Speech_Actors_01-24/Actor_09/03-01-02-02-02-02-09.wav,9,calm,train
/Users/praketmehta/Desktop/multimodal_fusion_code/ravdessDATASET/Audio_Speech_Actors_01-24/Actor_09/03-01-03-01-02-01-09.wav,9,happy,train
/Users/praketmehta/Desktop/multimodal_fusion_code/ravdessDATASET/Audio_Speech_Actors_01-24/Actor_09/03-01-03-02-01-01-09.wav,9,happy,train
/Users/praketmehta/Desktop/multimodal_fusion_code/ravdessDATASET/Audio_Speech_Actors_01-24/Actor_09/03-01-08-01-02-02-09.wav,9,surprised,train
/Users/praketmehta/Desktop/multimodal_fusion_code/ravdessDATASET/Audio_Speech_Actors_01-24/Actor_09/03-01-08-02-01-02-09.wav,9,surprised,train
/Users/praketmehta/Desktop/multimodal_fusion_code/ravdessDATASET/Audio_Speech_Actors_01-24/Actor_09/03-01-07-02-01-02-09.wav,9,disgust,train
/Users/praketmehta/Desktop/multimodal_fusion_code/ravdessDATASET/Audio_Speech_Actors_01-24/Actor_09/03-01-04-02-01-01-09.wav,9,sad,train
/Users/praketmehta/Desktop/multimodal_fusion_code/ravdessDATASET/Audio_Speech_Actors_01-24/Actor_09/03-01-04-01-02-01-09.wav,9,sad,train
/Users/praketmehta/Desktop/multimodal_fusion_code/ravdessDATASET/Audio_Speech_Actors_01-24/Actor_09/03-01-07-01-02-02-09.wav,9,disgust,train
/Users/praketmehta/Desktop/multimodal_fusion_code/ravdessDATASET/Audio_Speech_Actors_01-24/Actor_09/03-01-05-02-02-02-09.wav,9,angry,train
/Users/praketmehta/Desktop/multimodal_fusion_code/ravdessDATASET/Audio_Speech_Actors_01-24/Actor_09/03-01-06-02-02-01-09.wav,9,fearful,train
/Users/praketmehta/Desktop/multimodal_fusion_code/ravdessDATASET/Audio_Speech_Actors_01-24/Actor_09/03-01-06-01-01-01-09.wav,9,fearful,train
/Users/praketmehta/Desktop/multimodal_fusion_code/ravdessDATASET/Audio_Speech_Actors_01-24/Actor_09/03-01-05-01-01-02-09.wav,9,angry,train
/Users/praketmehta/Desktop/multimodal_fusion_code/ravdessDATASET/Audio_Speech_Actors_01-24/Actor_09/03-01-08-01-01-01-09.wav,9,surprised,train
/Users/praketmehta/Desktop/multimodal_fusion_code/ravdessDATASET/Audio_Speech_Actors_01-24/Actor_09/03-01-08-02-02-01-09.wav,9,surprised,train
/Users/praketmehta/Desktop/multimodal_fusion_code/ravdessDATASET/Audio_Speech_Actors_01-24/Actor_09/03-01-04-02-02-02-09.wav,9,sad,train
/Users/praketmehta/Desktop/multimodal_fusion_code/ravdessDATASET/Audio_Speech_Actors_01-24/Actor_09/03-01-07-02-02-01-09.wav,9,disgust,train
/Users/praketmehta/Desktop/multimodal_fusion_code/ravdessDATASET/Audio_Speech_Actors_01-24/Actor_09/03-01-07-01-01-01-09.wav,9,disgust,train
/Users/praketmehta/Desktop/multimodal_fusion_code/ravdessDATASET/Audio_Speech_Actors_01-24/Actor_09/03-01-04-01-01-02-09.wav,9,sad,train
/Users/praketmehta/Desktop/multimodal_fusion_code/ravdessDATASET/Audio_Speech_Actors_01-24/Actor_09/03-01-06-02-01-02-09.wav,9,fearful,train
/Users/praketmehta/Desktop/multimodal_fusion_code/ravdessDATASET/Audio_Speech_Actors_01-24/Actor_09/03-01-05-02-01-01-09.wav,9,angry,train
/Users/praketmehta/Desktop/multimodal_fusion_code/ravdessDATASET/Audio_Speech_Actors_01-24/Actor_09/03-01-05-01-02-01-09.wav,9,angry,train
/Users/praketmehta/Desktop/multimodal_fusion_code/ravdessDATASET/Audio_Speech_Actors_01-24/Actor_09/03-01-06-01-02-02-09.wav,9,fearful,train
/Users/praketmehta/Desktop/multimodal_fusion_code/ravdessDATASET/Audio_Speech_Actors_01-24/Actor_09/03-01-01-01-02-02-09.wav,9,neutral,train
/Users/praketmehta/Desktop/multimodal_fusion_code/ravdessDATASET/Audio_Speech_Actors_01-24/Actor_09/03-01-02-01-02-01-09.wav,9,calm,train
/Users/praketmehta/Desktop/multimodal_fusion_code/ravdessDATASET/Audio_Speech_Actors_01-24/Actor_09/03-01-02-02-01-01-09.wav,9,calm,train
/Users/praketmehta/Desktop/multimodal_fusion_code/ravdessDATASET/Audio_Speech_Actors_01-24/Actor_09/03-01-03-01-01-02-09.wav,9,happy,train
/Users/praketmehta/Desktop/multimodal_fusion_code/ravdessDATASET/Audio_Speech_Actors_01-24/Actor_09/03-01-03-02-02-02-09.wav,9,happy,train
/Users/praketmehta/Desktop/multimodal_fusion_code/ravdessDATASET/Audio_Speech_Actors_01-24/Actor_10/03-01-03-02-02-02-10.wav,10,happy,train
/Users/praketmehta/Desktop/multimodal_fusion_code/ravdessDATASET/Audio_Speech_Actors_01-24/Actor_10/03-01-03-01-01-02-10.wav,10,happy,train
/Users/praketmehta/Desktop/multimodal_fusion_code/ravdessDATASET/Audio_Speech_Actors_01-24/Actor_10/03-01-02-02-01-01-10.wav,10,calm,train
/Users/praketmehta/Desktop/multimodal_fusion_code/ravdessDATASET/Audio_Speech_Actors_01-24/Actor_10/03-01-02-01-02-01-10.wav,10,calm,train
/Users/praketmehta/Desktop/multimodal_fusion_code/ravdessDATASET/Audio_Speech_Actors_01-24/Actor_10/03-01-01-01-02-02-10.wav,10,neutral,train
/Users/praketmehta/Desktop/multimodal_fusion_code/ravdessDATASET/Audio_Speech_Actors_01-24/Actor_10/03-01-06-01-02-02-10.wav,10,fearful,train
/Users/praketmehta/Desktop/multimodal_fusion_code/ravdessDATASET/Audio_Speech_Actors_01-24/Actor_10/03-01-05-01-02-01-10.wav,10,angry,train
/Users/praketmehta/Desktop/multimodal_fusion_code/ravdessDATASET/Audio_Speech_Actors_01-24/Actor_10/03-01-05-02-01-01-10.wav,10,angry,train
/Users/praketmehta/Desktop/multimodal_fusion_code/ravdessDATASET/Audio_Speech_Actors_01-24/Actor_10/03-01-06-02-01-02-10.wav,10,fearful,train
/Users/praketmehta/Desktop/multimodal_fusion_code/ravdessDATASET/Audio_Speech_Actors_01-24/Actor_10/03-01-04-01-01-02-10.wav,10,sad,train
/Users/praketmehta/Desktop/multimodal_fusion_code/ravdessDATASET/Audio_Speech_Actors_01-24/Actor_10/03-01-07-01-01-01-10.wav,10,disgust,train
/Users/praketmehta/Desktop/multimodal_fusion_code/ravdessDATASET/Audio_Speech_Actors_01-24/Actor_10/03-01-07-02-02-01-10.wav,10,disgust,train
/Users/praketmehta/Desktop/multimodal_fusion_code/ravdessDATASET/Audio_Speech_Actors_01-24/Actor_10/03-01-04-02-02-02-10.wav,10,sad,train
/Users/praketmehta/Desktop/multimodal_fusion_code/ravdessDATASET/Audio_Speech_Actors_01-24/Actor_10/03-01-08-02-02-01-10.wav,10,surprised,train
/Users/praketmehta/Desktop/multimodal_fusion_code/ravdessDATASET/Audio_Speech_Actors_01-24/Actor_10/03-01-08-01-01-01-10.wav,10,surprised,train
/Users/praketmehta/Desktop/multimodal_fusion_code/ravdessDATASET/Audio_Speech_Actors_01-24/Actor_10/03-01-05-01-01-02-10.wav,10,angry,train
/Users/praketmehta/Desktop/multimodal_fusion_code/ravdessDATASET/Audio_Speech_Actors_01-24/Actor_10/03-01-06-01-01-01-10.wav,10,fearful,train
/Users/praketmehta/Desktop/multimodal_fusion_code/ravdessDATASET/Audio_Speech_Actors_01-24/Actor_10/03-01-06-02-02-01-10.wav,10,fearful,train
/Users/praketmehta/Desktop/multimodal_fusion_code/ravdessDATASET/Audio_Speech_Actors_01-24/Actor_10/03-01-05-02-02-02-10.wav,10,angry,train
/Users/praketmehta/Desktop/multimodal_fusion_code/ravdessDATASET/Audio_Speech_Actors_01-24/Actor_10/03-01-07-01-02-02-10.wav,10,disgust,train
/Users/praketmehta/Desktop/multimodal_fusion_code/ravdessDATASET/Audio_Speech_Actors_01-24/Actor_10/03-01-04-01-02-01-10.wav,10,sad,train
/Users/praketmehta/Desktop/multimodal_fusion_code/ravdessDATASET/Audio_Speech_Actors_01-24/Actor_10/03-01-04-02-01-01-10.wav,10,sad,train
/Users/praketmehta/Desktop/multimodal_fusion_code/ravdessDATASET/Audio_Speech_Actors_01-24/Actor_10/03-01-07-02-01-02-10.wav,10,disgust,train
/Users/praketmehta/Desktop/multimodal_fusion_code/ravdessDATASET/Audio_Speech_Actors_01-24/Actor_10/03-01-08-02-01-02-10.wav,10,surprised,train
/Users/praketmehta/Desktop/multimodal_fusion_code/ravdessDATASET/Audio_Speech_Actors_01-24/Actor_10/03-01-08-01-02-02-10.wav,10,surprised,train
/Users/praketmehta/Desktop/multimodal_fusion_code/ravdessDATASET/Audio_Speech_Actors_01-24/Actor_10/03-01-03-02-01-01-10.wav,10,happy,train
/Users/praketmehta/Desktop/multimodal_fusion_code/ravdessDATASET/Audio_Speech_Actors_01-24/Actor_10/03-01-03-01-02-01-10.wav,10,happy,train
/Users/praketmehta/Desktop/multimodal_fusion_code/ravdessDATASET/Audio_Speech_Actors_01-24/Actor_10/03-01-02-02-02-02-10.wav,10,calm,train
/Users/praketmehta/Desktop/multimodal_fusion_code/ravdessDATASET/Audio_Speech_Actors_01-24/Actor_10/03-01-01-01-01-01-10.wav,10,neutral,train
/Users/praketmehta/Desktop/multimodal_fusion_code/ravdessDATASET/Audio_Speech_Actors_01-24/Actor_10/03-01-02-01-01-02-10.wav,10,calm,train
/Users/praketmehta/Desktop/multimodal_fusion_code/ravdessDATASET/Audio_Speech_Actors_01-24/Actor_10/03-01-04-02-02-01-10.wav,10,sad,train
/Users/praketmehta/Desktop/multimodal_fusion_code/ravdessDATASET/Audio_Speech_Actors_01-24/Actor_10/03-01-07-02-02-02-10.wav,10,disgust,train
/Users/praketmehta/Desktop/multimodal_fusion_code/ravdessDATASET/Audio_Speech_Actors_01-24/Actor_10/03-01-07-01-01-02-10.wav,10,disgust,train
/Users/praketmehta/Desktop/multimodal_fusion_code/ravdessDATASET/Audio_Speech_Actors_01-24/Actor_10/03-01-04-01-01-01-10.wav,10,sad,train
/Users/praketmehta/Desktop/multimodal_fusion_code/ravdessDATASET/Audio_Speech_Actors_01-24/Actor_10/03-01-06-02-01-01-10.wav,10,fearful,train
/Users/praketmehta/Desktop/multimodal_fusion_code/ravdessDATASET/Audio_Speech_Actors_01-24/Actor_10/03-01-05-02-01-02-10.wav,10,angry,train
/Users/praketmehta/Desktop/multimodal_fusion_code/ravdessDATASET/Audio_Speech_Actors_01-24/Actor_10/03-01-05-01-02-02-10.wav,10,angry,train
/Users/praketmehta/Desktop/multimodal_fusion_code/ravdessDATASET/Audio_Speech_Actors_01-24/Actor_10/03-01-06-01-02-01-10.wav,10,fearful,train
/Users/praketmehta/Desktop/multimodal_fusion_code/ravdessDATASET/Audio_Speech_Actors_01-24/Actor_10/03-01-08-01-01-02-10.wav,10,surprised,train
/Users/praketmehta/Desktop/multimodal_fusion_code/ravdessDATASET/Audio_Speech_Actors_01-24/Actor_10/03-01-08-02-02-02-10.wav,10,surprised,train
/Users/praketmehta/Desktop/multimodal_fusion_code/ravdessDATASET/Audio_Speech_Actors_01-24/Actor_10/03-01-01-01-02-01-10.wav,10,neutral,train
/Users/praketmehta/Desktop/multimodal_fusion_code/ravdessDATASET/Audio_Speech_Actors_01-24/Actor_10/03-01-02-01-02-02-10.wav,10,calm,train
/Users/praketmehta/Desktop/multimodal_fusion_code/ravdessDATASET/Audio_Speech_Actors_01-24/Actor_10/03-01-02-02-01-02-10.wav,10,calm,train
/Users/praketmehta/Desktop/multimodal_fusion_code/ravdessDATASET/Audio_Speech_Actors_01-24/Actor_10/03-01-03-01-01-01-10.wav,10,happy,train
/Users/praketmehta/Desktop/multimodal_fusion_code/ravdessDATASET/Audio_Speech_Actors_01-24/Actor_10/03-01-03-02-02-01-10.wav,10,happy,train
/Users/praketmehta/Desktop/multimodal_fusion_code/ravdessDATASET/Audio_Speech_Actors_01-24/Actor_10/03-01-02-01-01-01-10.wav,10,calm,train
/Users/praketmehta/Desktop/multimodal_fusion_code/ravdessDATASET/Audio_Speech_Actors_01-24/Actor_10/03-01-01-01-01-02-10.wav,10,neutral,train
/Users/praketmehta/Desktop/multimodal_fusion_code/ravdessDATASET/Audio_Speech_Actors_01-24/Actor_10/03-01-02-02-02-01-10.wav,10,calm,train
/Users/praketmehta/Desktop/multimodal_fusion_code/ravdessDATASET/Audio_Speech_Actors_01-24/Actor_10/03-01-03-01-02-02-10.wav,10,happy,train
/Users/praketmehta/Desktop/multimodal_fusion_code/ravdessDATASET/Audio_Speech_Actors_01-24/Actor_10/03-01-03-02-01-02-10.wav,10,happy,train
/Users/praketmehta/Desktop/multimodal_fusion_code/ravdessDATASET/Audio_Speech_Actors_01-24/Actor_10/03-01-07-02-01-01-10.wav,10,disgust,train
/Users/praketmehta/Desktop/multimodal_fusion_code/ravdessDATASET/Audio_Speech_Actors_01-24/Actor_10/03-01-04-02-01-02-10.wav,10,sad,train
/Users/praketmehta/Desktop/multimodal_fusion_code/ravdessDATASET/Audio_Speech_Actors_01-24/Actor_10/03-01-04-01-02-02-10.wav,10,sad,train
/Users/praketmehta/Desktop/multimodal_fusion_code/ravdessDATASET/Audio_Speech_Actors_01-24/Actor_10/03-01-07-01-02-01-10.wav,10,disgust,train
/Users/praketmehta/Desktop/multimodal_fusion_code/ravdessDATASET/Audio_Speech_Actors_01-24/Actor_10/03-01-05-02-02-01-10.wav,10,angry,train
/Users/praketmehta/Desktop/multimodal_fusion_code/ravdessDATASET/Audio_Speech_Actors_01-24/Actor_10/03-01-06-02-02-02-10.wav,10,fearful,train
/Users/praketmehta/Desktop/multimodal_fusion_code/ravdessDATASET/Audio_Speech_Actors_01-24/Actor_10/03-01-06-01-01-02-10.wav,10,fearful,train
/Users/praketmehta/Desktop/multimodal_fusion_code/ravdessDATASET/Audio_Speech_Actors_01-24/Actor_10/03-01-05-01-01-01-10.wav,10,angry,train
/Users/praketmehta/Desktop/multimodal_fusion_code/ravdessDATASET/Audio_Speech_Actors_01-24/Actor_10/03-01-08-01-02-01-10.wav,10,surprised,train
/Users/praketmehta/Desktop/multimodal_fusion_code/ravdessDATASET/Audio_Speech_Actors_01-24/Actor_10/03-01-08-02-01-01-10.wav,10,surprised,train
/Users/praketmehta/Desktop/multimodal_fusion_code/ravdessDATASET/Audio_Speech_Actors_01-24/Actor_11/03-01-01-01-02-02-11.wav,11,neutral,train
/Users/praketmehta/Desktop/multimodal_fusion_code/ravdessDATASET/Audio_Speech_Actors_01-24/Actor_11/03-01-02-01-02-01-11.wav,11,calm,train
/Users/praketmehta/Desktop/multimodal_fusion_code/ravdessDATASET/Audio_Speech_Actors_01-24/Actor_11/03-01-02-02-01-01-11.wav,11,calm,train
/Users/praketmehta/Desktop/multimodal_fusion_code/ravdessDATASET/Audio_Speech_Actors_01-24/Actor_11/03-01-03-01-01-02-11.wav,11,happy,train
/Users/praketmehta/Desktop/multimodal_fusion_code/ravdessDATASET/Audio_Speech_Actors_01-24/Actor_11/03-01-03-02-02-02-11.wav,11,happy,train
/Users/praketmehta/Desktop/multimodal_fusion_code/ravdessDATASET/Audio_Speech_Actors_01-24/Actor_11/03-01-04-02-02-02-11.wav,11,sad,train
/Users/praketmehta/Desktop/multimodal_fusion_code/ravdessDATASET/Audio_Speech_Actors_01-24/Actor_11/03-01-07-02-02-01-11.wav,11,disgust,train
/Users/praketmehta/Desktop/multimodal_fusion_code/ravdessDATASET/Audio_Speech_Actors_01-24/Actor_11/03-01-07-01-01-01-11.wav,11,disgust,train
/Users/praketmehta/Desktop/multimodal_fusion_code/ravdessDATASET/Audio_Speech_Actors_01-24/Actor_11/03-01-04-01-01-02-11.wav,11,sad,train
/Users/praketmehta/Desktop/multimodal_fusion_code/ravdessDATASET/Audio_Speech_Actors_01-24/Actor_11/03-01-06-02-01-02-11.wav,11,fearful,train
/Users/praketmehta/Desktop/multimodal_fusion_code/ravdessDATASET/Audio_Speech_Actors_01-24/Actor_11/03-01-05-02-01-01-11.wav,11,angry,train
/Users/praketmehta/Desktop/multimodal_fusion_code/ravdessDATASET/Audio_Speech_Actors_01-24/Actor_11/03-01-05-01-02-01-11.wav,11,angry,train
/Users/praketmehta/Desktop/multimodal_fusion_code/ravdessDATASET/Audio_Speech_Actors_01-24/Actor_11/03-01-06-01-02-02-11.wav,11,fearful,train
/Users/praketmehta/Desktop/multimodal_fusion_code/ravdessDATASET/Audio_Speech_Actors_01-24/Actor_11/03-01-08-01-01-01-11.wav,11,surprised,train
/Users/praketmehta/Desktop/multimodal_fusion_code/ravdessDATASET/Audio_Speech_Actors_01-24/Actor_11/03-01-08-02-02-01-11.wav,11,surprised,train
/Users/praketmehta/Desktop/multimodal_fusion_code/ravdessDATASET/Audio_Speech_Actors_01-24/Actor_11/03-01-07-02-01-02-11.wav,11,disgust,train
/Users/praketmehta/Desktop/multimodal_fusion_code/ravdessDATASET/Audio_Speech_Actors_01-24/Actor_11/03-01-04-02-01-01-11.wav,11,sad,train
/Users/praketmehta/Desktop/multimodal_fusion_code/ravdessDATASET/Audio_Speech_Actors_01-24/Actor_11/03-01-04-01-02-01-11.wav,11,sad,train
/Users/praketmehta/Desktop/multimodal_fusion_code/ravdessDATASET/Audio_Speech_Actors_01-24/Actor_11/03-01-07-01-02-02-11.wav,11,disgust,train
/Users/praketmehta/Desktop/multimodal_fusion_code/ravdessDATASET/Audio_Speech_Actors_01-24/Actor_11/03-01-05-02-02-02-11.wav,11,angry,train
/Users/praketmehta/Desktop/multimodal_fusion_code/ravdessDATASET/Audio_Speech_Actors_01-24/Actor_11/03-01-06-02-02-01-11.wav,11,fearful,train
/Users/praketmehta/Desktop/multimodal_fusion_code/ravdessDATASET/Audio_Speech_Actors_01-24/Actor_11/03-01-06-01-01-01-11.wav,11,fearful,train
/Users/praketmehta/Desktop/multimodal_fusion_code/ravdessDATASET/Audio_Speech_Actors_01-24/Actor_11/03-01-05-01-01-02-11.wav,11,angry,train
/Users/praketmehta/Desktop/multimodal_fusion_code/ravdessDATASET/Audio_Speech_Actors_01-24/Actor_11/03-01-08-01-02-02-11.wav,11,surprised,train
/Users/praketmehta/Desktop/multimodal_fusion_code/ravdessDATASET/Audio_Speech_Actors_01-24/Actor_11/03-01-08-02-01-02-11.wav,11,surprised,train
/Users/praketmehta/Desktop/multimodal_fusion_code/ravdessDATASET/Audio_Speech_Actors_01-24/Actor_11/03-01-02-01-01-02-11.wav,11,calm,train
/Users/praketmehta/Desktop/multimodal_fusion_code/ravdessDATASET/Audio_Speech_Actors_01-24/Actor_11/03-01-01-01-01-01-11.wav,11,neutral,train
/Users/praketmehta/Desktop/multimodal_fusion_code/ravdessDATASET/Audio_Speech_Actors_01-24/Actor_11/03-01-02-02-02-02-11.wav,11,calm,train
/Users/praketmehta/Desktop/multimodal_fusion_code/ravdessDATASET/Audio_Speech_Actors_01-24/Actor_11/03-01-03-01-02-01-11.wav,11,happy,train
/Users/praketmehta/Desktop/multimodal_fusion_code/ravdessDATASET/Audio_Speech_Actors_01-24/Actor_11/03-01-03-02-01-01-11.wav,11,happy,train
/Users/praketmehta/Desktop/multimodal_fusion_code/ravdessDATASET/Audio_Speech_Actors_01-24/Actor_11/03-01-06-01-02-01-11.wav,11,fearful,train
/Users/praketmehta/Desktop/multimodal_fusion_code/ravdessDATASET/Audio_Speech_Actors_01-24/Actor_11/03-01-05-01-02-02-11.wav,11,angry,train
/Users/praketmehta/Desktop/multimodal_fusion_code/ravdessDATASET/Audio_Speech_Actors_01-24/Actor_11/03-01-05-02-01-02-11.wav,11,angry,train
/Users/praketmehta/Desktop/multimodal_fusion_code/ravdessDATASET/Audio_Speech_Actors_01-24/Actor_11/03-01-06-02-01-01-11.wav,11,fearful,train
/Users/praketmehta/Desktop/multimodal_fusion_code/ravdessDATASET/Audio_Speech_Actors_01-24/Actor_11/03-01-04-01-01-01-11.wav,11,sad,train
/Users/praketmehta/Desktop/multimodal_fusion_code/ravdessDATASET/Audio_Speech_Actors_01-24/Actor_11/03-01-07-01-01-02-11.wav,11,disgust,train
/Users/praketmehta/Desktop/multimodal_fusion_code/ravdessDATASET/Audio_Speech_Actors_01-24/Actor_11/03-01-07-02-02-02-11.wav,11,disgust,train
/Users/praketmehta/Desktop/multimodal_fusion_code/ravdessDATASET/Audio_Speech_Actors_01-24/Actor_11/03-01-04-02-02-01-11.wav,11,sad,train
/Users/praketmehta/Desktop/multimodal_fusion_code/ravdessDATASET/Audio_Speech_Actors_01-24/Actor_11/03-01-08-02-02-02-11.wav,11,surprised,train
/Users/praketmehta/Desktop/multimodal_fusion_code/ravdessDATASET/Audio_Speech_Actors_01-24/Actor_11/03-01-08-01-01-02-11.wav,11,surprised,train
/Users/praketmehta/Desktop/multimodal_fusion_code/ravdessDATASET/Audio_Speech_Actors_01-24/Actor_11/03-01-03-02-02-01-11.wav,11,happy,train
/Users/praketmehta/Desktop/multimodal_fusion_code/ravdessDATASET/Audio_Speech_Actors_01-24/Actor_11/03-01-03-01-01-01-11.wav,11,happy,train
/Users/praketmehta/Desktop/multimodal_fusion_code/ravdessDATASET/Audio_Speech_Actors_01-24/Actor_11/03-01-02-02-01-02-11.wav,11,calm,train
/Users/praketmehta/Desktop/multimodal_fusion_code/ravdessDATASET/Audio_Speech_Actors_01-24/Actor_11/03-01-02-01-02-02-11.wav,11,calm,train
/Users/praketmehta/Desktop/multimodal_fusion_code/ravdessDATASET/Audio_Speech_Actors_01-24/Actor_11/03-01-01-01-02-01-11.wav,11,neutral,train
/Users/praketmehta/Desktop/multimodal_fusion_code/ravdessDATASET/Audio_Speech_Actors_01-24/Actor_11/03-01-03-02-01-02-11.wav,11,happy,train
/Users/praketmehta/Desktop/multimodal_fusion_code/ravdessDATASET/Audio_Speech_Actors_01-24/Actor_11/03-01-03-01-02-02-11.wav,11,happy,train
/Users/praketmehta/Desktop/multimodal_fusion_code/ravdessDATASET/Audio_Speech_Actors_01-24/Actor_11/03-01-02-02-02-01-11.wav,11,calm,train
/Users/praketmehta/Desktop/multimodal_fusion_code/ravdessDATASET/Audio_Speech_Actors_01-24/Actor_11/03-01-01-01-01-02-11.wav,11,neutral,train
/Users/praketmehta/Desktop/multimodal_fusion_code/ravdessDATASET/Audio_Speech_Actors_01-24/Actor_11/03-01-02-01-01-01-11.wav,11,calm,train
/Users/praketmehta/Desktop/multimodal_fusion_code/ravdessDATASET/Audio_Speech_Actors_01-24/Actor_11/03-01-05-01-01-01-11.wav,11,angry,train
/Users/praketmehta/Desktop/multimodal_fusion_code/ravdessDATASET/Audio_Speech_Actors_01-24/Actor_11/03-01-06-01-01-02-11.wav,11,fearful,train
/Users/praketmehta/Desktop/multimodal_fusion_code/ravdessDATASET/Audio_Speech_Actors_01-24/Actor_11/03-01-06-02-02-02-11.wav,11,fearful,train
/Users/praketmehta/Desktop/multimodal_fusion_code/ravdessDATASET/Audio_Speech_Actors_01-24/Actor_11/03-01-05-02-02-01-11.wav,11,angry,train
/Users/praketmehta/Desktop/multimodal_fusion_code/ravdessDATASET/Audio_Speech_Actors_01-24/Actor_11/03-01-07-01-02-01-11.wav,11,disgust,train
/Users/praketmehta/Desktop/multimodal_fusion_code/ravdessDATASET/Audio_Speech_Actors_01-24/Actor_11/03-01-04-01-02-02-11.wav,11,sad,train
/Users/praketmehta/Desktop/multimodal_fusion_code/ravdessDATASET/Audio_Speech_Actors_01-24/Actor_11/03-01-04-02-01-02-11.wav,11,sad,train
/Users/praketmehta/Desktop/multimodal_fusion_code/ravdessDATASET/Audio_Speech_Actors_01-24/Actor_11/03-01-07-02-01-01-11.wav,11,disgust,train
/Users/praketmehta/Desktop/multimodal_fusion_code/ravdessDATASET/Audio_Speech_Actors_01-24/Actor_11/03-01-08-02-01-01-11.wav,11,surprised,train
/Users/praketmehta/Desktop/multimodal_fusion_code/ravdessDATASET/Audio_Speech_Actors_01-24/Actor_11/03-01-08-01-02-01-11.wav,11,surprised,train
/Users/praketmehta/Desktop/multimodal_fusion_code/ravdessDATASET/Audio_Speech_Actors_01-24/Actor_12/03-01-02-01-02-01-12.wav,12,calm,train
/Users/praketmehta/Desktop/multimodal_fusion_code/ravdessDATASET/Audio_Speech_Actors_01-24/Actor_12/03-01-01-01-02-02-12.wav,12,neutral,train
/Users/praketmehta/Desktop/multimodal_fusion_code/ravdessDATASET/Audio_Speech_Actors_01-24/Actor_12/03-01-02-02-01-01-12.wav,12,calm,train
/Users/praketmehta/Desktop/multimodal_fusion_code/ravdessDATASET/Audio_Speech_Actors_01-24/Actor_12/03-01-03-01-01-02-12.wav,12,happy,train
/Users/praketmehta/Desktop/multimodal_fusion_code/ravdessDATASET/Audio_Speech_Actors_01-24/Actor_12/03-01-03-02-02-02-12.wav,12,happy,train
/Users/praketmehta/Desktop/multimodal_fusion_code/ravdessDATASET/Audio_Speech_Actors_01-24/Actor_12/03-01-08-01-01-01-12.wav,12,surprised,train
/Users/praketmehta/Desktop/multimodal_fusion_code/ravdessDATASET/Audio_Speech_Actors_01-24/Actor_12/03-01-08-02-02-01-12.wav,12,surprised,train
/Users/praketmehta/Desktop/multimodal_fusion_code/ravdessDATASET/Audio_Speech_Actors_01-24/Actor_12/03-01-07-02-02-01-12.wav,12,disgust,train
/Users/praketmehta/Desktop/multimodal_fusion_code/ravdessDATASET/Audio_Speech_Actors_01-24/Actor_12/03-01-04-02-02-02-12.wav,12,sad,train
/Users/praketmehta/Desktop/multimodal_fusion_code/ravdessDATASET/Audio_Speech_Actors_01-24/Actor_12/03-01-04-01-01-02-12.wav,12,sad,train
/Users/praketmehta/Desktop/multimodal_fusion_code/ravdessDATASET/Audio_Speech_Actors_01-24/Actor_12/03-01-07-01-01-01-12.wav,12,disgust,train
/Users/praketmehta/Desktop/multimodal_fusion_code/ravdessDATASET/Audio_Speech_Actors_01-24/Actor_12/03-01-05-02-01-01-12.wav,12,angry,train
/Users/praketmehta/Desktop/multimodal_fusion_code/ravdessDATASET/Audio_Speech_Actors_01-24/Actor_12/03-01-06-02-01-02-12.wav,12,fearful,train
/Users/praketmehta/Desktop/multimodal_fusion_code/ravdessDATASET/Audio_Speech_Actors_01-24/Actor_12/03-01-06-01-02-02-12.wav,12,fearful,train
/Users/praketmehta/Desktop/multimodal_fusion_code/ravdessDATASET/Audio_Speech_Actors_01-24/Actor_12/03-01-05-01-02-01-12.wav,12,angry,train
/Users/praketmehta/Desktop/multimodal_fusion_code/ravdessDATASET/Audio_Speech_Actors_01-24/Actor_12/03-01-08-01-02-02-12.wav,12,surprised,train
/Users/praketmehta/Desktop/multimodal_fusion_code/ravdessDATASET/Audio_Speech_Actors_01-24/Actor_12/03-01-08-02-01-02-12.wav,12,surprised,train
/Users/praketmehta/Desktop/multimodal_fusion_code/ravdessDATASET/Audio_Speech_Actors_01-24/Actor_12/03-01-04-02-01-01-12.wav,12,sad,train
/Users/praketmehta/Desktop/multimodal_fusion_code/ravdessDATASET/Audio_Speech_Actors_01-24/Actor_12/03-01-07-02-01-02-12.wav,12,disgust,train
/Users/praketmehta/Desktop/multimodal_fusion_code/ravdessDATASET/Audio_Speech_Actors_01-24/Actor_12/03-01-07-01-02-02-12.wav,12,disgust,train
/Users/praketmehta/Desktop/multimodal_fusion_code/ravdessDATASET/Audio_Speech_Actors_01-24/Actor_12/03-01-04-01-02-01-12.wav,12,sad,train
/Users/praketmehta/Desktop/multimodal_fusion_code/ravdessDATASET/Audio_Speech_Actors_01-24/Actor_12/03-01-06-02-02-01-12.wav,12,fearful,train
/Users/praketmehta/Desktop/multimodal_fusion_code/ravdessDATASET/Audio_Speech_Actors_01-24/Actor_12/03-01-05-02-02-02-12.wav,12,angry,train
/Users/praketmehta/Desktop/multimodal_fusion_code/ravdessDATASET/Audio_Speech_Actors_01-24/Actor_12/03-01-05-01-01-02-12.wav,12,angry,train
/Users/praketmehta/Desktop/multimodal_fusion_code/ravdessDATASET/Audio_Speech_Actors_01-24/Actor_12/03-01-06-01-01-01-12.wav,12,fearful,train
/Users/praketmehta/Desktop/multimodal_fusion_code/ravdessDATASET/Audio_Speech_Actors_01-24/Actor_12/03-01-01-01-01-01-12.wav,12,neutral,train
/Users/praketmehta/Desktop/multimodal_fusion_code/ravdessDATASET/Audio_Speech_Actors_01-24/Actor_12/03-01-02-01-01-02-12.wav,12,calm,train
/Users/praketmehta/Desktop/multimodal_fusion_code/ravdessDATASET/Audio_Speech_Actors_01-24/Actor_12/03-01-02-02-02-02-12.wav,12,calm,train
/Users/praketmehta/Desktop/multimodal_fusion_code/ravdessDATASET/Audio_Speech_Actors_01-24/Actor_12/03-01-03-01-02-01-12.wav,12,happy,train
/Users/praketmehta/Desktop/multimodal_fusion_code/ravdessDATASET/Audio_Speech_Actors_01-24/Actor_12/03-01-03-02-01-01-12.wav,12,happy,train
/Users/praketmehta/Desktop/multimodal_fusion_code/ravdessDATASET/Audio_Speech_Actors_01-24/Actor_12/03-01-08-02-02-02-12.wav,12,surprised,train
/Users/praketmehta/Desktop/multimodal_fusion_code/ravdessDATASET/Audio_Speech_Actors_01-24/Actor_12/03-01-08-01-01-02-12.wav,12,surprised,train
/Users/praketmehta/Desktop/multimodal_fusion_code/ravdessDATASET/Audio_Speech_Actors_01-24/Actor_12/03-01-05-01-02-02-12.wav,12,angry,train
/Users/praketmehta/Desktop/multimodal_fusion_code/ravdessDATASET/Audio_Speech_Actors_01-24/Actor_12/03-01-06-01-02-01-12.wav,12,fearful,train
/Users/praketmehta/Desktop/multimodal_fusion_code/ravdessDATASET/Audio_Speech_Actors_01-24/Actor_12/03-01-06-02-01-01-12.wav,12,fearful,train
/Users/praketmehta/Desktop/multimodal_fusion_code/ravdessDATASET/Audio_Speech_Actors_01-24/Actor_12/03-01-05-02-01-02-12.wav,12,angry,train
/Users/praketmehta/Desktop/multimodal_fusion_code/ravdessDATASET/Audio_Speech_Actors_01-24/Actor_12/03-01-07-01-01-02-12.wav,12,disgust,train
/Users/praketmehta/Desktop/multimodal_fusion_code/ravdessDATASET/Audio_Speech_Actors_01-24/Actor_12/03-01-04-01-01-01-12.wav,12,sad,train
/Users/praketmehta/Desktop/multimodal_fusion_code/ravdessDATASET/Audio_Speech_Actors_01-24/Actor_12/03-01-04-02-02-01-12.wav,12,sad,train
/Users/praketmehta/Desktop/multimodal_fusion_code/ravdessDATASET/Audio_Speech_Actors_01-24/Actor_12/03-01-07-02-02-02-12.wav,12,disgust,train
/Users/praketmehta/Desktop/multimodal_fusion_code/ravdessDATASET/Audio_Speech_Actors_01-24/Actor_12/03-01-03-02-02-01-12.wav,12,happy,train
/Users/praketmehta/Desktop/multimodal_fusion_code/ravdessDATASET/Audio_Speech_Actors_01-24/Actor_12/03-01-03-01-01-01-12.wav,12,happy,train
/Users/praketmehta/Desktop/multimodal_fusion_code/ravdessDATASET/Audio_Speech_Actors_01-24/Actor_12/03-01-02-02-01-02-12.wav,12,calm,train
/Users/praketmehta/Desktop/multimodal_fusion_code/ravdessDATASET/Audio_Speech_Actors_01-24/Actor_12/03-01-01-01-02-01-12.wav,12,neutral,train
/Users/praketmehta/Desktop/multimodal_fusion_code/ravdessDATASET/Audio_Speech_Actors_01-24/Actor_12/03-01-02-01-02-02-12.wav,12,calm,train
/Users/praketmehta/Desktop/multimodal_fusion_code/ravdessDATASET/Audio_Speech_Actors_01-24/Actor_12/03-01-03-02-01-02-12.wav,12,happy,train
/Users/praketmehta/Desktop/multimodal_fusion_code/ravdessDATASET/Audio_Speech_Actors_01-24/Actor_12/03-01-03-01-02-02-12.wav,12,happy,train
/Users/praketmehta/Desktop/multimodal_fusion_code/ravdessDATASET/Audio_Speech_Actors_01-24/Actor_12/03-01-02-02-02-01-12.wav,12,calm,train
/Users/praketmehta/Desktop/multimodal_fusion_code/ravdessDATASET/Audio_Speech_Actors_01-24/Actor_12/03-01-02-01-01-01-12.wav,12,calm,train
/Users/praketmehta/Desktop/multimodal_fusion_code/ravdessDATASET/Audio_Speech_Actors_01-24/Actor_12/03-01-01-01-01-02-12.wav,12,neutral,train
/Users/praketmehta/Desktop/multimodal_fusion_code/ravdessDATASET/Audio_Speech_Actors_01-24/Actor_12/03-01-08-02-01-01-12.wav,12,surprised,train
/Users/praketmehta/Desktop/multimodal_fusion_code/ravdessDATASET/Audio_Speech_Actors_01-24/Actor_12/03-01-08-01-02-01-12.wav,12,surprised,train
/Users/praketmehta/Desktop/multimodal_fusion_code/ravdessDATASET/Audio_Speech_Actors_01-24/Actor_12/03-01-06-01-01-02-12.wav,12,fearful,train
/Users/praketmehta/Desktop/multimodal_fusion_code/ravdessDATASET/Audio_Speech_Actors_01-24/Actor_12/03-01-05-01-01-01-12.wav,12,angry,train
/Users/praketmehta/Desktop/multimodal_fusion_code/ravdessDATASET/Audio_Speech_Actors_01-24/Actor_12/03-01-05-02-02-01-12.wav,12,angry,train
/Users/praketmehta/Desktop/multimodal_fusion_code/ravdessDATASET/Audio_Speech_Actors_01-24/Actor_12/03-01-06-02-02-02-12.wav,12,fearful,train
/Users/praketmehta/Desktop/multimodal_fusion_code/ravdessDATASET/Audio_Speech_Actors_01-24/Actor_12/03-01-04-01-02-02-12.wav,12,sad,train
/Users/praketmehta/Desktop/multimodal_fusion_code/ravdessDATASET/Audio_Speech_Actors_01-24/Actor_12/03-01-07-01-02-01-12.wav,12,disgust,train
/Users/praketmehta/Desktop/multimodal_fusion_code/ravdessDATASET/Audio_Speech_Actors_01-24/Actor_12/03-01-07-02-01-01-12.wav,12,disgust,train
/Users/praketmehta/Desktop/multimodal_fusion_code/ravdessDATASET/Audio_Speech_Actors_01-24/Actor_12/03-01-04-02-01-02-12.wav,12,sad,train
/Users/praketmehta/Desktop/multimodal_fusion_code/ravdessDATASET/Audio_Speech_Actors_01-24/Actor_13/03-01-03-02-02-02-13.wav,13,happy,train
/Users/praketmehta/Desktop/multimodal_fusion_code/ravdessDATASET/Audio_Speech_Actors_01-24/Actor_13/03-01-03-01-01-02-13.wav,13,happy,train
/Users/praketmehta/Desktop/multimodal_fusion_code/ravdessDATASET/Audio_Speech_Actors_01-24/Actor_13/03-01-02-02-01-01-13.wav,13,calm,train
/Users/praketmehta/Desktop/multimodal_fusion_code/ravdessDATASET/Audio_Speech_Actors_01-24/Actor_13/03-01-01-01-02-02-13.wav,13,neutral,train
/Users/praketmehta/Desktop/multimodal_fusion_code/ravdessDATASET/Audio_Speech_Actors_01-24/Actor_13/03-01-02-01-02-01-13.wav,13,calm,train
/Users/praketmehta/Desktop/multimodal_fusion_code/ravdessDATASET/Audio_Speech_Actors_01-24/Actor_13/03-01-08-02-02-01-13.wav,13,surprised,train
/Users/praketmehta/Desktop/multimodal_fusion_code/ravdessDATASET/Audio_Speech_Actors_01-24/Actor_13/03-01-08-01-01-01-13.wav,13,surprised,train
/Users/praketmehta/Desktop/multimodal_fusion_code/ravdessDATASET/Audio_Speech_Actors_01-24/Actor_13/03-01-05-01-02-01-13.wav,13,angry,train
/Users/praketmehta/Desktop/multimodal_fusion_code/ravdessDATASET/Audio_Speech_Actors_01-24/Actor_13/03-01-06-01-02-02-13.wav,13,fearful,train
/Users/praketmehta/Desktop/multimodal_fusion_code/ravdessDATASET/Audio_Speech_Actors_01-24/Actor_13/03-01-06-02-01-02-13.wav,13,fearful,train
/Users/praketmehta/Desktop/multimodal_fusion_code/ravdessDATASET/Audio_Speech_Actors_01-24/Actor_13/03-01-05-02-01-01-13.wav,13,angry,train
/Users/praketmehta/Desktop/multimodal_fusion_code/ravdessDATASET/Audio_Speech_Actors_01-24/Actor_13/03-01-07-01-01-01-13.wav,13,disgust,train
/Users/praketmehta/Desktop/multimodal_fusion_code/ravdessDATASET/Audio_Speech_Actors_01-24/Actor_13/03-01-04-01-01-02-13.wav,13,sad,train
/Users/praketmehta/Desktop/multimodal_fusion_code/ravdessDATASET/Audio_Speech_Actors_01-24/Actor_13/03-01-04-02-02-02-13.wav,13,sad,train
/Users/praketmehta/Desktop/multimodal_fusion_code/ravdessDATASET/Audio_Speech_Actors_01-24/Actor_13/03-01-07-02-02-01-13.wav,13,disgust,train
/Users/praketmehta/Desktop/multimodal_fusion_code/ravdessDATASET/Audio_Speech_Actors_01-24/Actor_13/03-01-08-02-01-02-13.wav,13,surprised,train
/Users/praketmehta/Desktop/multimodal_fusion_code/ravdessDATASET/Audio_Speech_Actors_01-24/Actor_13/03-01-08-01-02-02-13.wav,13,surprised,train
/Users/praketmehta/Desktop/multimodal_fusion_code/ravdessDATASET/Audio_Speech_Actors_01-24/Actor_13/03-01-06-01-01-01-13.wav,13,fearful,train
/Users/praketmehta/Desktop/multimodal_fusion_code/ravdessDATASET/Audio_Speech_Actors_01-24/Actor_13/03-01-05-01-01-02-13.wav,13,angry,train
/Users/praketmehta/Desktop/multimodal_fusion_code/ravdessDATASET/Audio_Speech_Actors_01-24/Actor_13/03-01-05-02-02-02-13.wav,13,angry,train
/Users/praketmehta/Desktop/multimodal_fusion_code/ravdessDATASET/Audio_Speech_Actors_01-24/Actor_13/03-01-06-02-02-01-13.wav,13,fearful,train
/Users/praketmehta/Desktop/multimodal_fusion_code/ravdessDATASET/Audio_Speech_Actors_01-24/Actor_13/03-01-04-01-02-01-13.wav,13,sad,train
/Users/praketmehta/Desktop/multimodal_fusion_code/ravdessDATASET/Audio_Speech_Actors_01-24/Actor_13/03-01-07-01-02-02-13.wav,13,disgust,train
/Users/praketmehta/Desktop/multimodal_fusion_code/ravdessDATASET/Audio_Speech_Actors_01-24/Actor_13/03-01-07-02-01-02-13.wav,13,disgust,train
/Users/praketmehta/Desktop/multimodal_fusion_code/ravdessDATASET/Audio_Speech_Actors_01-24/Actor_13/03-01-04-02-01-01-13.wav,13,sad,train
/Users/praketmehta/Desktop/multimodal_fusion_code/ravdessDATASET/Audio_Speech_Actors_01-24/Actor_13/03-01-03-02-01-01-13.wav,13,happy,train
/Users/praketmehta/Desktop/multimodal_fusion_code/ravdessDATASET/Audio_Speech_Actors_01-24/Actor_13/03-01-03-01-02-01-13.wav,13,happy,train
/Users/praketmehta/Desktop/multimodal_fusion_code/ravdessDATASET/Audio_Speech_Actors_01-24/Actor_13/03-01-02-02-02-02-13.wav,13,calm,train
/Users/praketmehta/Desktop/multimodal_fusion_code/ravdessDATASET/Audio_Speech_Actors_01-24/Actor_13/03-01-02-01-01-02-13.wav,13,calm,train
/Users/praketmehta/Desktop/multimodal_fusion_code/ravdessDATASET/Audio_Speech_Actors_01-24/Actor_13/03-01-01-01-01-01-13.wav,13,neutral,train
/Users/praketmehta/Desktop/multimodal_fusion_code/ravdessDATASET/Audio_Speech_Actors_01-24/Actor_13/03-01-08-01-01-02-13.wav,13,surprised,train
/Users/praketmehta/Desktop/multimodal_fusion_code/ravdessDATASET/Audio_Speech_Actors_01-24/Actor_13/03-01-08-02-02-02-13.wav,13,surprised,train
/Users/praketmehta/Desktop/multimodal_fusion_code/ravdessDATASET/Audio_Speech_Actors_01-24/Actor_13/03-01-07-02-02-02-13.wav,13,disgust,train
/Users/praketmehta/Desktop/multimodal_fusion_code/ravdessDATASET/Audio_Speech_Actors_01-24/Actor_13/03-01-04-02-02-01-13.wav,13,sad,train
/Users/praketmehta/Desktop/multimodal_fusion_code/ravdessDATASET/Audio_Speech_Actors_01-24/Actor_13/03-01-04-01-01-01-13.wav,13,sad,train
/Users/praketmehta/Desktop/multimodal_fusion_code/ravdessDATASET/Audio_Speech_Actors_01-24/Actor_13/03-01-07-01-01-02-13.wav,13,disgust,train
/Users/praketmehta/Desktop/multimodal_fusion_code/ravdessDATASET/Audio_Speech_Actors_01-24/Actor_13/03-01-05-02-01-02-13.wav,13,angry,train
/Users/praketmehta/Desktop/multimodal_fusion_code/ravdessDATASET/Audio_Speech_Actors_01-24/Actor_13/03-01-06-02-01-01-13.wav,13,fearful,train
/Users/praketmehta/Desktop/multimodal_fusion_code/ravdessDATASET/Audio_Speech_Actors_01-24/Actor_13/03-01-06-01-02-01-13.wav,13,fearful,train
/Users/praketmehta/Desktop/multimodal_fusion_code/ravdessDATASET/Audio_Speech_Actors_01-24/Actor_13/03-01-05-01-02-02-13.wav,13,angry,train
/Users/praketmehta/Desktop/multimodal_fusion_code/ravdessDATASET/Audio_Speech_Actors_01-24/Actor_13/03-01-02-01-02-02-13.wav,13,calm,train
/Users/praketmehta/Desktop/multimodal_fusion_code/ravdessDATASET/Audio_Speech_Actors_01-24/Actor_13/03-01-01-01-02-01-13.wav,13,neutral,train
/Users/praketmehta/Desktop/multimodal_fusion_code/ravdessDATASET/Audio_Speech_Actors_01-24/Actor_13/03-01-02-02-01-02-13.wav,13,calm,train
/Users/praketmehta/Desktop/multimodal_fusion_code/ravdessDATASET/Audio_Speech_Actors_01-24/Actor_13/03-01-03-01-01-01-13.wav,13,happy,train
/Users/praketmehta/Desktop/multimodal_fusion_code/ravdessDATASET/Audio_Speech_Actors_01-24/Actor_13/03-01-03-02-02-01-13.wav,13,happy,train
/Users/praketmehta/Desktop/multimodal_fusion_code/ravdessDATASET/Audio_Speech_Actors_01-24/Actor_13/03-01-01-01-01-02-13.wav,13,neutral,train
/Users/praketmehta/Desktop/multimodal_fusion_code/ravdessDATASET/Audio_Speech_Actors_01-24/Actor_13/03-01-02-01-01-01-13.wav,13,calm,train
/Users/praketmehta/Desktop/multimodal_fusion_code/ravdessDATASET/Audio_Speech_Actors_01-24/Actor_13/03-01-02-02-02-01-13.wav,13,calm,train
/Users/praketmehta/Desktop/multimodal_fusion_code/ravdessDATASET/Audio_Speech_Actors_01-24/Actor_13/03-01-03-01-02-02-13.wav,13,happy,train
/Users/praketmehta/Desktop/multimodal_fusion_code/ravdessDATASET/Audio_Speech_Actors_01-24/Actor_13/03-01-03-02-01-02-13.wav,13,happy,train
/Users/praketmehta/Desktop/multimodal_fusion_code/ravdessDATASET/Audio_Speech_Actors_01-24/Actor_13/03-01-08-01-02-01-13.wav,13,surprised,train
/Users/praketmehta/Desktop/multimodal_fusion_code/ravdessDATASET/Audio_Speech_Actors_01-24/Actor_13/03-01-08-02-01-01-13.wav,13,surprised,train
/Users/praketmehta/Desktop/multimodal_fusion_code/ravdessDATASET/Audio_Speech_Actors_01-24/Actor_13/03-01-04-02-01-02-13.wav,13,sad,train
/Users/praketmehta/Desktop/multimodal_fusion_code/ravdessDATASET/Audio_Speech_Actors_01-24/Actor_13/03-01-07-02-01-01-13.wav,13,disgust,train
/Users/praketmehta/Desktop/multimodal_fusion_code/ravdessDATASET/Audio_Speech_Actors_01-24/Actor_13/03-01-07-01-02-01-13.wav,13,disgust,train
/Users/praketmehta/Desktop/multimodal_fusion_code/ravdessDATASET/Audio_Speech_Actors_01-24/Actor_13/03-01-04-01-02-02-13.wav,13,sad,train
/Users/praketmehta/Desktop/multimodal_fusion_code/ravdessDATASET/Audio_Speech_Actors_01-24/Actor_13/03-01-06-02-02-02-13.wav,13,fearful,train
/Users/praketmehta/Desktop/multimodal_fusion_code/ravdessDATASET/Audio_Speech_Actors_01-24/Actor_13/03-01-05-02-02-01-13.wav,13,angry,train
/Users/praketmehta/Desktop/multimodal_fusion_code/ravdessDATASET/Audio_Speech_Actors_01-24/Actor_13/03-01-05-01-01-01-13.wav,13,angry,train
/Users/praketmehta/Desktop/multimodal_fusion_code/ravdessDATASET/Audio_Speech_Actors_01-24/Actor_13/03-01-06-01-01-02-13.wav,13,fearful,train
/Users/praketmehta/Desktop/multimodal_fusion_code/ravdessDATASET/Audio_Speech_Actors_01-24/Actor_14/03-01-08-01-01-01-14.wav,14,surprised,train
/Users/praketmehta/Desktop/multimodal_fusion_code/ravdessDATASET/Audio_Speech_Actors_01-24/Actor_14/03-01-08-02-02-01-14.wav,14,surprised,train
/Users/praketmehta/Desktop/multimodal_fusion_code/ravdessDATASET/Audio_Speech_Actors_01-24/Actor_14/03-01-04-02-02-02-14.wav,14,sad,train
/Users/praketmehta/Desktop/multimodal_fusion_code/ravdessDATASET/Audio_Speech_Actors_01-24/Actor_14/03-01-07-02-02-01-14.wav,14,disgust,train
/Users/praketmehta/Desktop/multimodal_fusion_code/ravdessDATASET/Audio_Speech_Actors_01-24/Actor_14/03-01-07-01-01-01-14.wav,14,disgust,train
/Users/praketmehta/Desktop/multimodal_fusion_code/ravdessDATASET/Audio_Speech_Actors_01-24/Actor_14/03-01-04-01-01-02-14.wav,14,sad,train
/Users/praketmehta/Desktop/multimodal_fusion_code/ravdessDATASET/Audio_Speech_Actors_01-24/Actor_14/03-01-06-02-01-02-14.wav,14,fearful,train
/Users/praketmehta/Desktop/multimodal_fusion_code/ravdessDATASET/Audio_Speech_Actors_01-24/Actor_14/03-01-05-02-01-01-14.wav,14,angry,train
/Users/praketmehta/Desktop/multimodal_fusion_code/ravdessDATASET/Audio_Speech_Actors_01-24/Actor_14/03-01-05-01-02-01-14.wav,14,angry,train
/Users/praketmehta/Desktop/multimodal_fusion_code/ravdessDATASET/Audio_Speech_Actors_01-24/Actor_14/03-01-06-01-02-02-14.wav,14,fearful,train
/Users/praketmehta/Desktop/multimodal_fusion_code/ravdessDATASET/Audio_Speech_Actors_01-24/Actor_14/03-01-01-01-02-02-14.wav,14,neutral,train
/Users/praketmehta/Desktop/multimodal_fusion_code/ravdessDATASET/Audio_Speech_Actors_01-24/Actor_14/03-01-02-01-02-01-14.wav,14,calm,train
/Users/praketmehta/Desktop/multimodal_fusion_code/ravdessDATASET/Audio_Speech_Actors_01-24/Actor_14/03-01-02-02-01-01-14.wav,14,calm,train
/Users/praketmehta/Desktop/multimodal_fusion_code/ravdessDATASET/Audio_Speech_Actors_01-24/Actor_14/03-01-03-01-01-02-14.wav,14,happy,train
/Users/praketmehta/Desktop/multimodal_fusion_code/ravdessDATASET/Audio_Speech_Actors_01-24/Actor_14/03-01-03-02-02-02-14.wav,14,happy,train
/Users/praketmehta/Desktop/multimodal_fusion_code/ravdessDATASET/Audio_Speech_Actors_01-24/Actor_14/03-01-02-01-01-02-14.wav,14,calm,train
/Users/praketmehta/Desktop/multimodal_fusion_code/ravdessDATASET/Audio_Speech_Actors_01-24/Actor_14/03-01-01-01-01-01-14.wav,14,neutral,train
/Users/praketmehta/Desktop/multimodal_fusion_code/ravdessDATASET/Audio_Speech_Actors_01-24/Actor_14/03-01-02-02-02-02-14.wav,14,calm,train
/Users/praketmehta/Desktop/multimodal_fusion_code/ravdessDATASET/Audio_Speech_Actors_01-24/Actor_14/03-01-03-01-02-01-14.wav,14,happy,train
/Users/praketmehta/Desktop/multimodal_fusion_code/ravdessDATASET/Audio_Speech_Actors_01-24/Actor_14/03-01-03-02-01-01-14.wav,14,happy,train
/Users/praketmehta/Desktop/multimodal_fusion_code/ravdessDATASET/Audio_Speech_Actors_01-24/Actor_14/03-01-08-01-02-02-14.wav,14,surprised,train
/Users/praketmehta/Desktop/multimodal_fusion_code/ravdessDATASET/Audio_Speech_Actors_01-24/Actor_14/03-01-08-02-01-02-14.wav,14,surprised,train
/Users/praketmehta/Desktop/multimodal_fusion_code/ravdessDATASET/Audio_Speech_Actors_01-24/Actor_14/03-01-07-02-01-02-14.wav,14,disgust,train
/Users/praketmehta/Desktop/multimodal_fusion_code/ravdessDATASET/Audio_Speech_Actors_01-24/Actor_14/03-01-04-02-01-01-14.wav,14,sad,train
/Users/praketmehta/Desktop/multimodal_fusion_code/ravdessDATASET/Audio_Speech_Actors_01-24/Actor_14/03-01-04-01-02-01-14.wav,14,sad,train
/Users/praketmehta/Desktop/multimodal_fusion_code/ravdessDATASET/Audio_Speech_Actors_01-24/Actor_14/03-01-07-01-02-02-14.wav,14,disgust,train
/Users/praketmehta/Desktop/multimodal_fusion_code/ravdessDATASET/Audio_Speech_Actors_01-24/Actor_14/03-01-05-02-02-02-14.wav,14,angry,train
/Users/praketmehta/Desktop/multimodal_fusion_code/ravdessDATASET/Audio_Speech_Actors_01-24/Actor_14/03-01-06-02-02-01-14.wav,14,fearful,train
/Users/praketmehta/Desktop/multimodal_fusion_code/ravdessDATASET/Audio_Speech_Actors_01-24/Actor_14/03-01-06-01-01-01-14.wav,14,fearful,train
/Users/praketmehta/Desktop/multimodal_fusion_code/ravdessDATASET/Audio_Speech_Actors_01-24/Actor_14/03-01-05-01-01-02-14.wav,14,angry,train
/Users/praketmehta/Desktop/multimodal_fusion_code/ravdessDATASET/Audio_Speech_Actors_01-24/Actor_14/03-01-03-02-02-01-14.wav,14,happy,train
/Users/praketmehta/Desktop/multimodal_fusion_code/ravdessDATASET/Audio_Speech_Actors_01-24/Actor_14/03-01-03-01-01-01-14.wav,14,happy,train
/Users/praketmehta/Desktop/multimodal_fusion_code/ravdessDATASET/Audio_Speech_Actors_01-24/Actor_14/03-01-02-02-01-02-14.wav,14,calm,train
/Users/praketmehta/Desktop/multimodal_fusion_code/ravdessDATASET/Audio_Speech_Actors_01-24/Actor_14/03-01-02-01-02-02-14.wav,14,calm,train
/Users/praketmehta/Desktop/multimodal_fusion_code/ravdessDATASET/Audio_Speech_Actors_01-24/Actor_14/03-01-01-01-02-01-14.wav,14,neutral,train
/Users/praketmehta/Desktop/multimodal_fusion_code/ravdessDATASET/Audio_Speech_Actors_01-24/Actor_14/03-01-08-02-02-02-14.wav,14,surprised,train
/Users/praketmehta/Desktop/multimodal_fusion_code/ravdessDATASET/Audio_Speech_Actors_01-24/Actor_14/03-01-08-01-01-02-14.wav,14,surprised,train
/Users/praketmehta/Desktop/multimodal_fusion_code/ravdessDATASET/Audio_Speech_Actors_01-24/Actor_14/03-01-06-01-02-01-14.wav,14,fearful,train
/Users/praketmehta/Desktop/multimodal_fusion_code/ravdessDATASET/Audio_Speech_Actors_01-24/Actor_14/03-01-05-01-02-02-14.wav,14,angry,train
/Users/praketmehta/Desktop/multimodal_fusion_code/ravdessDATASET/Audio_Speech_Actors_01-24/Actor_14/03-01-05-02-01-02-14.wav,14,angry,train
/Users/praketmehta/Desktop/multimodal_fusion_code/ravdessDATASET/Audio_Speech_Actors_01-24/Actor_14/03-01-06-02-01-01-14.wav,14,fearful,train
/Users/praketmehta/Desktop/multimodal_fusion_code/ravdessDATASET/Audio_Speech_Actors_01-24/Actor_14/03-01-04-01-01-01-14.wav,14,sad,train
/Users/praketmehta/Desktop/multimodal_fusion_code/ravdessDATASET/Audio_Speech_Actors_01-24/Actor_14/03-01-07-01-01-02-14.wav,14,disgust,train
/Users/praketmehta/Desktop/multimodal_fusion_code/ravdessDATASET/Audio_Speech_Actors_01-24/Actor_14/03-01-07-02-02-02-14.wav,14,disgust,train
/Users/praketmehta/Desktop/multimodal_fusion_code/ravdessDATASET/Audio_Speech_Actors_01-24/Actor_14/03-01-04-02-02-01-14.wav,14,sad,train
/Users/praketmehta/Desktop/multimodal_fusion_code/ravdessDATASET/Audio_Speech_Actors_01-24/Actor_14/03-01-08-02-01-01-14.wav,14,surprised,train
/Users/praketmehta/Desktop/multimodal_fusion_code/ravdessDATASET/Audio_Speech_Actors_01-24/Actor_14/03-01-08-01-02-01-14.wav,14,surprised,train
/Users/praketmehta/Desktop/multimodal_fusion_code/ravdessDATASET/Audio_Speech_Actors_01-24/Actor_14/03-01-05-01-01-01-14.wav,14,angry,train
/Users/praketmehta/Desktop/multimodal_fusion_code/ravdessDATASET/Audio_Speech_Actors_01-24/Actor_14/03-01-06-01-01-02-14.wav,14,fearful,train
/Users/praketmehta/Desktop/multimodal_fusion_code/ravdessDATASET/Audio_Speech_Actors_01-24/Actor_14/03-01-06-02-02-02-14.wav,14,fearful,train
/Users/praketmehta/Desktop/multimodal_fusion_code/ravdessDATASET/Audio_Speech_Actors_01-24/Actor_14/03-01-05-02-02-01-14.wav,14,angry,train
/Users/praketmehta/Desktop/multimodal_fusion_code/ravdessDATASET/Audio_Speech_Actors_01-24/Actor_14/03-01-07-01-02-01-14.wav,14,disgust,train
/Users/praketmehta/Desktop/multimodal_fusion_code/ravdessDATASET/Audio_Speech_Actors_01-24/Actor_14/03-01-04-01-02-02-14.wav,14,sad,train
/Users/praketmehta/Desktop/multimodal_fusion_code/ravdessDATASET/Audio_Speech_Actors_01-24/Actor_14/03-01-04-02-01-02-14.wav,14,sad,train
/Users/praketmehta/Desktop/multimodal_fusion_code/ravdessDATASET/Audio_Speech_Actors_01-24/Actor_14/03-01-07-02-01-01-14.wav,14,disgust,train
/Users/praketmehta/Desktop/multimodal_fusion_code/ravdessDATASET/Audio_Speech_Actors_01-24/Actor_14/03-01-03-02-01-02-14.wav,14,happy,train
/Users/praketmehta/Desktop/multimodal_fusion_code/ravdessDATASET/Audio_Speech_Actors_01-24/Actor_14/03-01-03-01-02-02-14.wav,14,happy,train
/Users/praketmehta/Desktop/multimodal_fusion_code/ravdessDATASET/Audio_Speech_Actors_01-24/Actor_14/03-01-02-02-02-01-14.wav,14,calm,train
/Users/praketmehta/Desktop/multimodal_fusion_code/ravdessDATASET/Audio_Speech_Actors_01-24/Actor_14/03-01-01-01-01-02-14.wav,14,neutral,train
/Users/praketmehta/Desktop/multimodal_fusion_code/ravdessDATASET/Audio_Speech_Actors_01-24/Actor_14/03-01-02-01-01-01-14.wav,14,calm,train
/Users/praketmehta/Desktop/multimodal_fusion_code/ravdessDATASET/Audio_Speech_Actors_01-24/Actor_15/03-01-08-02-02-01-15.wav,15,surprised,train
/Users/praketmehta/Desktop/multimodal_fusion_code/ravdessDATASET/Audio_Speech_Actors_01-24/Actor_15/03-01-08-01-01-01-15.wav,15,surprised,train
/Users/praketmehta/Desktop/multimodal_fusion_code/ravdessDATASET/Audio_Speech_Actors_01-24/Actor_15/03-01-06-01-02-02-15.wav,15,fearful,train
/Users/praketmehta/Desktop/multimodal_fusion_code/ravdessDATASET/Audio_Speech_Actors_01-24/Actor_15/03-01-05-01-02-01-15.wav,15,angry,train
/Users/praketmehta/Desktop/multimodal_fusion_code/ravdessDATASET/Audio_Speech_Actors_01-24/Actor_15/03-01-05-02-01-01-15.wav,15,angry,train
/Users/praketmehta/Desktop/multimodal_fusion_code/ravdessDATASET/Audio_Speech_Actors_01-24/Actor_15/03-01-06-02-01-02-15.wav,15,fearful,train
/Users/praketmehta/Desktop/multimodal_fusion_code/ravdessDATASET/Audio_Speech_Actors_01-24/Actor_15/03-01-04-01-01-02-15.wav,15,sad,train
/Users/praketmehta/Desktop/multimodal_fusion_code/ravdessDATASET/Audio_Speech_Actors_01-24/Actor_15/03-01-07-01-01-01-15.wav,15,disgust,train
/Users/praketmehta/Desktop/multimodal_fusion_code/ravdessDATASET/Audio_Speech_Actors_01-24/Actor_15/03-01-07-02-02-01-15.wav,15,disgust,train
/Users/praketmehta/Desktop/multimodal_fusion_code/ravdessDATASET/Audio_Speech_Actors_01-24/Actor_15/03-01-04-02-02-02-15.wav,15,sad,train
/Users/praketmehta/Desktop/multimodal_fusion_code/ravdessDATASET/Audio_Speech_Actors_01-24/Actor_15/03-01-03-02-02-02-15.wav,15,happy,train
/Users/praketmehta/Desktop/multimodal_fusion_code/ravdessDATASET/Audio_Speech_Actors_01-24/Actor_15/03-01-03-01-01-02-15.wav,15,happy,train
/Users/praketmehta/Desktop/multimodal_fusion_code/ravdessDATASET/Audio_Speech_Actors_01-24/Actor_15/03-01-02-02-01-01-15.wav,15,calm,train
/Users/praketmehta/Desktop/multimodal_fusion_code/ravdessDATASET/Audio_Speech_Actors_01-24/Actor_15/03-01-02-01-02-01-15.wav,15,calm,train
/Users/praketmehta/Desktop/multimodal_fusion_code/ravdessDATASET/Audio_Speech_Actors_01-24/Actor_15/03-01-01-01-02-02-15.wav,15,neutral,train
/Users/praketmehta/Desktop/multimodal_fusion_code/ravdessDATASET/Audio_Speech_Actors_01-24/Actor_15/03-01-03-02-01-01-15.wav,15,happy,train
/Users/praketmehta/Desktop/multimodal_fusion_code/ravdessDATASET/Audio_Speech_Actors_01-24/Actor_15/03-01-03-01-02-01-15.wav,15,happy,train
/Users/praketmehta/Desktop/multimodal_fusion_code/ravdessDATASET/Audio_Speech_Actors_01-24/Actor_15/03-01-02-02-02-02-15.wav,15,calm,train
/Users/praketmehta/Desktop/multimodal_fusion_code/ravdessDATASET/Audio_Speech_Actors_01-24/Actor_15/03-01-01-01-01-01-15.wav,15,neutral,train
/Users/praketmehta/Desktop/multimodal_fusion_code/ravdessDATASET/Audio_Speech_Actors_01-24/Actor_15/03-01-02-01-01-02-15.wav,15,calm,train
/Users/praketmehta/Desktop/multimodal_fusion_code/ravdessDATASET/Audio_Speech_Actors_01-24/Actor_15/03-01-08-02-01-02-15.wav,15,surprised,train
/Users/praketmehta/Desktop/multimodal_fusion_code/ravdessDATASET/Audio_Speech_Actors_01-24/Actor_15/03-01-08-01-02-02-15.wav,15,surprised,train
/Users/praketmehta/Desktop/multimodal_fusion_code/ravdessDATASET/Audio_Speech_Actors_01-24/Actor_15/03-01-05-01-01-02-15.wav,15,angry,train
/Users/praketmehta/Desktop/multimodal_fusion_code/ravdessDATASET/Audio_Speech_Actors_01-24/Actor_15/03-01-06-01-01-01-15.wav,15,fearful,train
/Users/praketmehta/Desktop/multimodal_fusion_code/ravdessDATASET/Audio_Speech_Actors_01-24/Actor_15/03-01-06-02-02-01-15.wav,15,fearful,train
/Users/praketmehta/Desktop/multimodal_fusion_code/ravdessDATASET/Audio_Speech_Actors_01-24/Actor_15/03-01-05-02-02-02-15.wav,15,angry,train
/Users/praketmehta/Desktop/multimodal_fusion_code/ravdessDATASET/Audio_Speech_Actors_01-24/Actor_15/03-01-07-01-02-02-15.wav,15,disgust,train
/Users/praketmehta/Desktop/multimodal_fusion_code/ravdessDATASET/Audio_Speech_Actors_01-24/Actor_15/03-01-04-01-02-01-15.wav,15,sad,train
/Users/praketmehta/Desktop/multimodal_fusion_code/ravdessDATASET/Audio_Speech_Actors_01-24/Actor_15/03-01-04-02-01-01-15.wav,15,sad,train
/Users/praketmehta/Desktop/multimodal_fusion_code/ravdessDATASET/Audio_Speech_Actors_01-24/Actor_15/03-01-07-02-01-02-15.wav,15,disgust,train
/Users/praketmehta/Desktop/multimodal_fusion_code/ravdessDATASET/Audio_Speech_Actors_01-24/Actor_15/03-01-01-01-02-01-15.wav,15,neutral,train
/Users/praketmehta/Desktop/multimodal_fusion_code/ravdessDATASET/Audio_Speech_Actors_01-24/Actor_15/03-01-02-01-02-02-15.wav,15,calm,train
/Users/praketmehta/Desktop/multimodal_fusion_code/ravdessDATASET/Audio_Speech_Actors_01-24/Actor_15/03-01-02-02-01-02-15.wav,15,calm,train
/Users/praketmehta/Desktop/multimodal_fusion_code/ravdessDATASET/Audio_Speech_Actors_01-24/Actor_15/03-01-03-01-01-01-15.wav,15,happy,train
/Users/praketmehta/Desktop/multimodal_fusion_code/ravdessDATASET/Audio_Speech_Actors_01-24/Actor_15/03-01-03-02-02-01-15.wav,15,happy,train
/Users/praketmehta/Desktop/multimodal_fusion_code/ravdessDATASET/Audio_Speech_Actors_01-24/Actor_15/03-01-08-01-01-02-15.wav,15,surprised,train
/Users/praketmehta/Desktop/multimodal_fusion_code/ravdessDATASET/Audio_Speech_Actors_01-24/Actor_15/03-01-08-02-02-02-15.wav,15,surprised,train
/Users/praketmehta/Desktop/multimodal_fusion_code/ravdessDATASET/Audio_Speech_Actors_01-24/Actor_15/03-01-04-02-02-01-15.wav,15,sad,train
/Users/praketmehta/Desktop/multimodal_fusion_code/ravdessDATASET/Audio_Speech_Actors_01-24/Actor_15/03-01-07-02-02-02-15.wav,15,disgust,train
/Users/praketmehta/Desktop/multimodal_fusion_code/ravdessDATASET/Audio_Speech_Actors_01-24/Actor_15/03-01-07-01-01-02-15.wav,15,disgust,train
/Users/praketmehta/Desktop/multimodal_fusion_code/ravdessDATASET/Audio_Speech_Actors_01-24/Actor_15/03-01-04-01-01-01-15.wav,15,sad,train
/Users/praketmehta/Desktop/multimodal_fusion_code/ravdessDATASET/Audio_Speech_Actors_01-24/Actor_15/03-01-06-02-01-01-15.wav,15,fearful,train
/Users/praketmehta/Desktop/multimodal_fusion_code/ravdessDATASET/Audio_Speech_Actors_01-24/Actor_15/03-01-05-02-01-02-15.wav,15,angry,train
/Users/praketmehta/Desktop/multimodal_fusion_code/ravdessDATASET/Audio_Speech_Actors_01-24/Actor_15/03-01-05-01-02-02-15.wav,15,angry,train
/Users/praketmehta/Desktop/multimodal_fusion_code/ravdessDATASET/Audio_Speech_Actors_01-24/Actor_15/03-01-06-01-02-01-15.wav,15,fearful,train
/Users/praketmehta/Desktop/multimodal_fusion_code/ravdessDATASET/Audio_Speech_Actors_01-24/Actor_15/03-01-08-01-02-01-15.wav,15,surprised,train
/Users/praketmehta/Desktop/multimodal_fusion_code/ravdessDATASET/Audio_Speech_Actors_01-24/Actor_15/03-01-08-02-01-01-15.wav,15,surprised,train
/Users/praketmehta/Desktop/multimodal_fusion_code/ravdessDATASET/Audio_Speech_Actors_01-24/Actor_15/03-01-07-02-01-01-15.wav,15,disgust,train
/Users/praketmehta/Desktop/multimodal_fusion_code/ravdessDATASET/Audio_Speech_Actors_01-24/Actor_15/03-01-04-02-01-02-15.wav,15,sad,train
/Users/praketmehta/Desktop/multimodal_fusion_code/ravdessDATASET/Audio_Speech_Actors_01-24/Actor_15/03-01-04-01-02-02-15.wav,15,sad,train
/Users/praketmehta/Desktop/multimodal_fusion_code/ravdessDATASET/Audio_Speech_Actors_01-24/Actor_15/03-01-07-01-02-01-15.wav,15,disgust,train
/Users/praketmehta/Desktop/multimodal_fusion_code/ravdessDATASET/Audio_Speech_Actors_01-24/Actor_15/03-01-05-02-02-01-15.wav,15,angry,train
/Users/praketmehta/Desktop/multimodal_fusion_code/ravdessDATASET/Audio_Speech_Actors_01-24/Actor_15/03-01-06-02-02-02-15.wav,15,fearful,train
/Users/praketmehta/Desktop/multimodal_fusion_code/ravdessDATASET/Audio_Speech_Actors_01-24/Actor_15/03-01-06-01-01-02-15.wav,15,fearful,train
/Users/praketmehta/Desktop/multimodal_fusion_code/ravdessDATASET/Audio_Speech_Actors_01-24/Actor_15/03-01-05-01-01-01-15.wav,15,angry,train
/Users/praketmehta/Desktop/multimodal_fusion_code/ravdessDATASET/Audio_Speech_Actors_01-24/Actor_15/03-01-02-01-01-01-15.wav,15,calm,train
/Users/praketmehta/Desktop/multimodal_fusion_code/ravdessDATASET/Audio_Speech_Actors_01-24/Actor_15/03-01-01-01-01-02-15.wav,15,neutral,train
/Users/praketmehta/Desktop/multimodal_fusion_code/ravdessDATASET/Audio_Speech_Actors_01-24/Actor_15/03-01-02-02-02-01-15.wav,15,calm,train
/Users/praketmehta/Desktop/multimodal_fusion_code/ravdessDATASET/Audio_Speech_Actors_01-24/Actor_15/03-01-03-01-02-02-15.wav,15,happy,train
/Users/praketmehta/Desktop/multimodal_fusion_code/ravdessDATASET/Audio_Speech_Actors_01-24/Actor_15/03-01-03-02-01-02-15.wav,15,happy,train
/Users/praketmehta/Desktop/multimodal_fusion_code/ravdessDATASET/Audio_Speech_Actors_01-24/Actor_16/03-01-05-01-02-01-16.wav,16,angry,train
/Users/praketmehta/Desktop/multimodal_fusion_code/ravdessDATASET/Audio_Speech_Actors_01-24/Actor_16/03-01-06-01-02-02-16.wav,16,fearful,train
/Users/praketmehta/Desktop/multimodal_fusion_code/ravdessDATASET/Audio_Speech_Actors_01-24/Actor_16/03-01-06-02-01-02-16.wav,16,fearful,train
/Users/praketmehta/Desktop/multimodal_fusion_code/ravdessDATASET/Audio_Speech_Actors_01-24/Actor_16/03-01-05-02-01-01-16.wav,16,angry,train
/Users/praketmehta/Desktop/multimodal_fusion_code/ravdessDATASET/Audio_Speech_Actors_01-24/Actor_16/03-01-07-01-01-01-16.wav,16,disgust,train
/Users/praketmehta/Desktop/multimodal_fusion_code/ravdessDATASET/Audio_Speech_Actors_01-24/Actor_16/03-01-04-01-01-02-16.wav,16,sad,train
/Users/praketmehta/Desktop/multimodal_fusion_code/ravdessDATASET/Audio_Speech_Actors_01-24/Actor_16/03-01-04-02-02-02-16.wav,16,sad,train
/Users/praketmehta/Desktop/multimodal_fusion_code/ravdessDATASET/Audio_Speech_Actors_01-24/Actor_16/03-01-07-02-02-01-16.wav,16,disgust,train
/Users/praketmehta/Desktop/multimodal_fusion_code/ravdessDATASET/Audio_Speech_Actors_01-24/Actor_16/03-01-08-02-02-01-16.wav,16,surprised,train
/Users/praketmehta/Desktop/multimodal_fusion_code/ravdessDATASET/Audio_Speech_Actors_01-24/Actor_16/03-01-08-01-01-01-16.wav,16,surprised,train
/Users/praketmehta/Desktop/multimodal_fusion_code/ravdessDATASET/Audio_Speech_Actors_01-24/Actor_16/03-01-03-02-02-02-16.wav,16,happy,train
/Users/praketmehta/Desktop/multimodal_fusion_code/ravdessDATASET/Audio_Speech_Actors_01-24/Actor_16/03-01-03-01-01-02-16.wav,16,happy,train
/Users/praketmehta/Desktop/multimodal_fusion_code/ravdessDATASET/Audio_Speech_Actors_01-24/Actor_16/03-01-02-02-01-01-16.wav,16,calm,train
/Users/praketmehta/Desktop/multimodal_fusion_code/ravdessDATASET/Audio_Speech_Actors_01-24/Actor_16/03-01-01-01-02-02-16.wav,16,neutral,train
/Users/praketmehta/Desktop/multimodal_fusion_code/ravdessDATASET/Audio_Speech_Actors_01-24/Actor_16/03-01-02-01-02-01-16.wav,16,calm,train
/Users/praketmehta/Desktop/multimodal_fusion_code/ravdessDATASET/Audio_Speech_Actors_01-24/Actor_16/03-01-03-02-01-01-16.wav,16,happy,train
/Users/praketmehta/Desktop/multimodal_fusion_code/ravdessDATASET/Audio_Speech_Actors_01-24/Actor_16/03-01-03-01-02-01-16.wav,16,happy,train
/Users/praketmehta/Desktop/multimodal_fusion_code/ravdessDATASET/Audio_Speech_Actors_01-24/Actor_16/03-01-02-02-02-02-16.wav,16,calm,train
/Users/praketmehta/Desktop/multimodal_fusion_code/ravdessDATASET/Audio_Speech_Actors_01-24/Actor_16/03-01-02-01-01-02-16.wav,16,calm,train
/Users/praketmehta/Desktop/multimodal_fusion_code/ravdessDATASET/Audio_Speech_Actors_01-24/Actor_16/03-01-01-01-01-01-16.wav,16,neutral,train
/Users/praketmehta/Desktop/multimodal_fusion_code/ravdessDATASET/Audio_Speech_Actors_01-24/Actor_16/03-01-06-01-01-01-16.wav,16,fearful,train
/Users/praketmehta/Desktop/multimodal_fusion_code/ravdessDATASET/Audio_Speech_Actors_01-24/Actor_16/03-01-05-01-01-02-16.wav,16,angry,train
/Users/praketmehta/Desktop/multimodal_fusion_code/ravdessDATASET/Audio_Speech_Actors_01-24/Actor_16/03-01-05-02-02-02-16.wav,16,angry,train
/Users/praketmehta/Desktop/multimodal_fusion_code/ravdessDATASET/Audio_Speech_Actors_01-24/Actor_16/03-01-06-02-02-01-16.wav,16,fearful,train
/Users/praketmehta/Desktop/multimodal_fusion_code/ravdessDATASET/Audio_Speech_Actors_01-24/Actor_16/03-01-04-01-02-01-16.wav,16,sad,train
/Users/praketmehta/Desktop/multimodal_fusion_code/ravdessDATASET/Audio_Speech_Actors_01-24/Actor_16/03-01-07-01-02-02-16.wav,16,disgust,train
/Users/praketmehta/Desktop/multimodal_fusion_code/ravdessDATASET/Audio_Speech_Actors_01-24/Actor_16/03-01-07-02-01-02-16.wav,16,disgust,train
/Users/praketmehta/Desktop/multimodal_fusion_code/ravdessDATASET/Audio_Speech_Actors_01-24/Actor_16/03-01-04-02-01-01-16.wav,16,sad,train
/Users/praketmehta/Desktop/multimodal_fusion_code/ravdessDATASET/Audio_Speech_Actors_01-24/Actor_16/03-01-08-02-01-02-16.wav,16,surprised,train
/Users/praketmehta/Desktop/multimodal_fusion_code/ravdessDATASET/Audio_Speech_Actors_01-24/Actor_16/03-01-08-01-02-02-16.wav,16,surprised,train
/Users/praketmehta/Desktop/multimodal_fusion_code/ravdessDATASET/Audio_Speech_Actors_01-24/Actor_16/03-01-02-01-02-02-16.wav,16,calm,train
/Users/praketmehta/Desktop/multimodal_fusion_code/ravdessDATASET/Audio_Speech_Actors_01-24/Actor_16/03-01-01-01-02-01-16.wav,16,neutral,train
/Users/praketmehta/Desktop/multimodal_fusion_code/ravdessDATASET/Audio_Speech_Actors_01-24/Actor_16/03-01-02-02-01-02-16.wav,16,calm,train
/Users/praketmehta/Desktop/multimodal_fusion_code/ravdessDATASET/Audio_Speech_Actors_01-24/Actor_16/03-01-03-01-01-01-16.wav,16,happy,train
/Users/praketmehta/Desktop/multimodal_fusion_code/ravdessDATASET/Audio_Speech_Actors_01-24/Actor_16/03-01-03-02-02-01-16.wav,16,happy,train
/Users/praketmehta/Desktop/multimodal_fusion_code/ravdessDATASET/Audio_Speech_Actors_01-24/Actor_16/03-01-07-02-02-02-16.wav,16,disgust,train
/Users/praketmehta/Desktop/multimodal_fusion_code/ravdessDATASET/Audio_Speech_Actors_01-24/Actor_16/03-01-04-02-02-01-16.wav,16,sad,train
/Users/praketmehta/Desktop/multimodal_fusion_code/ravdessDATASET/Audio_Speech_Actors_01-24/Actor_16/03-01-04-01-01-01-16.wav,16,sad,train
/Users/praketmehta/Desktop/multimodal_fusion_code/ravdessDATASET/Audio_Speech_Actors_01-24/Actor_16/03-01-07-01-01-02-16.wav,16,disgust,train
/Users/praketmehta/Desktop/multimodal_fusion_code/ravdessDATASET/Audio_Speech_Actors_01-24/Actor_16/03-01-05-02-01-02-16.wav,16,angry,train
/Users/praketmehta/Desktop/multimodal_fusion_code/ravdessDATASET/Audio_Speech_Actors_01-24/Actor_16/03-01-06-02-01-01-16.wav,16,fearful,train
/Users/praketmehta/Desktop/multimodal_fusion_code/ravdessDATASET/Audio_Speech_Actors_01-24/Actor_16/03-01-06-01-02-01-16.wav,16,fearful,train
/Users/praketmehta/Desktop/multimodal_fusion_code/ravdessDATASET/Audio_Speech_Actors_01-24/Actor_16/03-01-05-01-02-02-16.wav,16,angry,train
/Users/praketmehta/Desktop/multimodal_fusion_code/ravdessDATASET/Audio_Speech_Actors_01-24/Actor_16/03-01-08-01-01-02-16.wav,16,surprised,train
/Users/praketmehta/Desktop/multimodal_fusion_code/ravdessDATASET/Audio_Speech_Actors_01-24/Actor_16/03-01-08-02-02-02-16.wav,16,surprised,train
/Users/praketmehta/Desktop/multimodal_fusion_code/ravdessDATASET/Audio_Speech_Actors_01-24/Actor_16/03-01-04-02-01-02-16.wav,16,sad,train
/Users/praketmehta/Desktop/multimodal_fusion_code/ravdessDATASET/Audio_Speech_Actors_01-24/Actor_16/03-01-07-02-01-01-16.wav,16,disgust,train
/Users/praketmehta/Desktop/multimodal_fusion_code/ravdessDATASET/Audio_Speech_Actors_01-24/Actor_16/03-01-07-01-02-01-16.wav,16,disgust,train
/Users/praketmehta/Desktop/multimodal_fusion_code/ravdessDATASET/Audio_Speech_Actors_01-24/Actor_16/03-01-04-01-02-02-16.wav,16,sad,train
/Users/praketmehta/Desktop/multimodal_fusion_code/ravdessDATASET/Audio_Speech_Actors_01-24/Actor_16/03-01-06-02-02-02-16.wav,16,fearful,train
/Users/praketmehta/Desktop/multimodal_fusion_code/ravdessDATASET/Audio_Speech_Actors_01-24/Actor_16/03-01-05-02-02-01-16.wav,16,angry,train
/Users/praketmehta/Desktop/multimodal_fusion_code/ravdessDATASET/Audio_Speech_Actors_01-24/Actor_16/03-01-05-01-01-01-16.wav,16,angry,train
/Users/praketmehta/Desktop/multimodal_fusion_code/ravdessDATASET/Audio_Speech_Actors_01-24/Actor_16/03-01-06-01-01-02-16.wav,16,fearful,train
/Users/praketmehta/Desktop/multimodal_fusion_code/ravdessDATASET/Audio_Speech_Actors_01-24/Actor_16/03-01-08-01-02-01-16.wav,16,surprised,train
/Users/praketmehta/Desktop/multimodal_fusion_code/ravdessDATASET/Audio_Speech_Actors_01-24/Actor_16/03-01-08-02-01-01-16.wav,16,surprised,train
/Users/praketmehta/Desktop/multimodal_fusion_code/ravdessDATASET/Audio_Speech_Actors_01-24/Actor_16/03-01-01-01-01-02-16.wav,16,neutral,train
/Users/praketmehta/Desktop/multimodal_fusion_code/ravdessDATASET/Audio_Speech_Actors_01-24/Actor_16/03-01-02-01-01-01-16.wav,16,calm,train
/Users/praketmehta/Desktop/multimodal_fusion_code/ravdessDATASET/Audio_Speech_Actors_01-24/Actor_16/03-01-02-02-02-01-16.wav,16,calm,train
/Users/praketmehta/Desktop/multimodal_fusion_code/ravdessDATASET/Audio_Speech_Actors_01-24/Actor_16/03-01-03-01-02-02-16.wav,16,happy,train
/Users/praketmehta/Desktop/multimodal_fusion_code/ravdessDATASET/Audio_Speech_Actors_01-24/Actor_16/03-01-03-02-01-02-16.wav,16,happy,train
/Users/praketmehta/Desktop/multimodal_fusion_code/ravdessDATASET/Audio_Speech_Actors_01-24/Actor_17/03-01-07-02-02-01-17.wav,17,disgust,train
/Users/praketmehta/Desktop/multimodal_fusion_code/ravdessDATASET/Audio_Speech_Actors_01-24/Actor_17/03-01-04-02-02-02-17.wav,17,sad,train
/Users/praketmehta/Desktop/multimodal_fusion_code/ravdessDATASET/Audio_Speech_Actors_01-24/Actor_17/03-01-04-01-01-02-17.wav,17,sad,train
/Users/praketmehta/Desktop/multimodal_fusion_code/ravdessDATASET/Audio_Speech_Actors_01-24/Actor_17/03-01-07-01-01-01-17.wav,17,disgust,train
/Users/praketmehta/Desktop/multimodal_fusion_code/ravdessDATASET/Audio_Speech_Actors_01-24/Actor_17/03-01-05-02-01-01-17.wav,17,angry,train
/Users/praketmehta/Desktop/multimodal_fusion_code/ravdessDATASET/Audio_Speech_Actors_01-24/Actor_17/03-01-06-02-01-02-17.wav,17,fearful,train
/Users/praketmehta/Desktop/multimodal_fusion_code/ravdessDATASET/Audio_Speech_Actors_01-24/Actor_17/03-01-06-01-02-02-17.wav,17,fearful,train
/Users/praketmehta/Desktop/multimodal_fusion_code/ravdessDATASET/Audio_Speech_Actors_01-24/Actor_17/03-01-05-01-02-01-17.wav,17,angry,train
/Users/praketmehta/Desktop/multimodal_fusion_code/ravdessDATASET/Audio_Speech_Actors_01-24/Actor_17/03-01-08-01-01-01-17.wav,17,surprised,train
/Users/praketmehta/Desktop/multimodal_fusion_code/ravdessDATASET/Audio_Speech_Actors_01-24/Actor_17/03-01-08-02-02-01-17.wav,17,surprised,train
/Users/praketmehta/Desktop/multimodal_fusion_code/ravdessDATASET/Audio_Speech_Actors_01-24/Actor_17/03-01-02-01-02-01-17.wav,17,calm,train
/Users/praketmehta/Desktop/multimodal_fusion_code/ravdessDATASET/Audio_Speech_Actors_01-24/Actor_17/03-01-01-01-02-02-17.wav,17,neutral,train
/Users/praketmehta/Desktop/multimodal_fusion_code/ravdessDATASET/Audio_Speech_Actors_01-24/Actor_17/03-01-02-02-01-01-17.wav,17,calm,train
/Users/praketmehta/Desktop/multimodal_fusion_code/ravdessDATASET/Audio_Speech_Actors_01-24/Actor_17/03-01-03-01-01-02-17.wav,17,happy,train
/Users/praketmehta/Desktop/multimodal_fusion_code/ravdessDATASET/Audio_Speech_Actors_01-24/Actor_17/03-01-03-02-02-02-17.wav,17,happy,train
/Users/praketmehta/Desktop/multimodal_fusion_code/ravdessDATASET/Audio_Speech_Actors_01-24/Actor_17/03-01-01-01-01-01-17.wav,17,neutral,train
/Users/praketmehta/Desktop/multimodal_fusion_code/ravdessDATASET/Audio_Speech_Actors_01-24/Actor_17/03-01-02-01-01-02-17.wav,17,calm,train
/Users/praketmehta/Desktop/multimodal_fusion_code/ravdessDATASET/Audio_Speech_Actors_01-24/Actor_17/03-01-02-02-02-02-17.wav,17,calm,train
/Users/praketmehta/Desktop/multimodal_fusion_code/ravdessDATASET/Audio_Speech_Actors_01-24/Actor_17/03-01-03-01-02-01-17.wav,17,happy,train
/Users/praketmehta/Desktop/multimodal_fusion_code/ravdessDATASET/Audio_Speech_Actors_01-24/Actor_17/03-01-03-02-01-01-17.wav,17,happy,train
/Users/praketmehta/Desktop/multimodal_fusion_code/ravdessDATASET/Audio_Speech_Actors_01-24/Actor_17/03-01-04-02-01-01-17.wav,17,sad,train
/Users/praketmehta/Desktop/multimodal_fusion_code/ravdessDATASET/Audio_Speech_Actors_01-24/Actor_17/03-01-07-02-01-02-17.wav,17,disgust,train
/Users/praketmehta/Desktop/multimodal_fusion_code/ravdessDATASET/Audio_Speech_Actors_01-24/Actor_17/03-01-07-01-02-02-17.wav,17,disgust,train
/Users/praketmehta/Desktop/multimodal_fusion_code/ravdessDATASET/Audio_Speech_Actors_01-24/Actor_17/03-01-04-01-02-01-17.wav,17,sad,train
/Users/praketmehta/Desktop/multimodal_fusion_code/ravdessDATASET/Audio_Speech_Actors_01-24/Actor_17/03-01-06-02-02-01-17.wav,17,fearful,train
/Users/praketmehta/Desktop/multimodal_fusion_code/ravdessDATASET/Audio_Speech_Actors_01-24/Actor_17/03-01-05-02-02-02-17.wav,17,angry,train
/Users/praketmehta/Desktop/multimodal_fusion_code/ravdessDATASET/Audio_Speech_Actors_01-24/Actor_17/03-01-05-01-01-02-17.wav,17,angry,train
/Users/praketmehta/Desktop/multimodal_fusion_code/ravdessDATASET/Audio_Speech_Actors_01-24/Actor_17/03-01-06-01-01-01-17.wav,17,fearful,train
/Users/praketmehta/Desktop/multimodal_fusion_code/ravdessDATASET/Audio_Speech_Actors_01-24/Actor_17/03-01-08-01-02-02-17.wav,17,surprised,train
/Users/praketmehta/Desktop/multimodal_fusion_code/ravdessDATASET/Audio_Speech_Actors_01-24/Actor_17/03-01-08-02-01-02-17.wav,17,surprised,train
/Users/praketmehta/Desktop/multimodal_fusion_code/ravdessDATASET/Audio_Speech_Actors_01-24/Actor_17/03-01-03-02-02-01-17.wav,17,happy,train
/Users/praketmehta/Desktop/multimodal_fusion_code/ravdessDATASET/Audio_Speech_Actors_01-24/Actor_17/03-01-03-01-01-01-17.wav,17,happy,train
/Users/praketmehta/Desktop/multimodal_fusion_code/ravdessDATASET/Audio_Speech_Actors_01-24/Actor_17/03-01-02-02-01-02-17.wav,17,calm,train
/Users/praketmehta/Desktop/multimodal_fusion_code/ravdessDATASET/Audio_Speech_Actors_01-24/Actor_17/03-01-01-01-02-01-17.wav,17,neutral,train
/Users/praketmehta/Desktop/multimodal_fusion_code/ravdessDATASET/Audio_Speech_Actors_01-24/Actor_17/03-01-02-01-02-02-17.wav,17,calm,train
/Users/praketmehta/Desktop/multimodal_fusion_code/ravdessDATASET/Audio_Speech_Actors_01-24/Actor_17/03-01-05-01-02-02-17.wav,17,angry,train
/Users/praketmehta/Desktop/multimodal_fusion_code/ravdessDATASET/Audio_Speech_Actors_01-24/Actor_17/03-01-06-01-02-01-17.wav,17,fearful,train
/Users/praketmehta/Desktop/multimodal_fusion_code/ravdessDATASET/Audio_Speech_Actors_01-24/Actor_17/03-01-06-02-01-01-17.wav,17,fearful,train
/Users/praketmehta/Desktop/multimodal_fusion_code/ravdessDATASET/Audio_Speech_Actors_01-24/Actor_17/03-01-05-02-01-02-17.wav,17,angry,train
/Users/praketmehta/Desktop/multimodal_fusion_code/ravdessDATASET/Audio_Speech_Actors_01-24/Actor_17/03-01-07-01-01-02-17.wav,17,disgust,train
/Users/praketmehta/Desktop/multimodal_fusion_code/ravdessDATASET/Audio_Speech_Actors_01-24/Actor_17/03-01-04-01-01-01-17.wav,17,sad,train
/Users/praketmehta/Desktop/multimodal_fusion_code/ravdessDATASET/Audio_Speech_Actors_01-24/Actor_17/03-01-04-02-02-01-17.wav,17,sad,train
/Users/praketmehta/Desktop/multimodal_fusion_code/ravdessDATASET/Audio_Speech_Actors_01-24/Actor_17/03-01-07-02-02-02-17.wav,17,disgust,train
/Users/praketmehta/Desktop/multimodal_fusion_code/ravdessDATASET/Audio_Speech_Actors_01-24/Actor_17/03-01-08-02-02-02-17.wav,17,surprised,train
/Users/praketmehta/Desktop/multimodal_fusion_code/ravdessDATASET/Audio_Speech_Actors_01-24/Actor_17/03-01-08-01-01-02-17.wav,17,surprised,train
/Users/praketmehta/Desktop/multimodal_fusion_code/ravdessDATASET/Audio_Speech_Actors_01-24/Actor_17/03-01-06-01-01-02-17.wav,17,fearful,train
/Users/praketmehta/Desktop/multimodal_fusion_code/ravdessDATASET/Audio_Speech_Actors_01-24/Actor_17/03-01-05-01-01-01-17.wav,17,angry,train
/Users/praketmehta/Desktop/multimodal_fusion_code/ravdessDATASET/Audio_Speech_Actors_01-24/Actor_17/03-01-05-02-02-01-17.wav,17,angry,train
/Users/praketmehta/Desktop/multimodal_fusion_code/ravdessDATASET/Audio_Speech_Actors_01-24/Actor_17/03-01-06-02-02-02-17.wav,17,fearful,train
/Users/praketmehta/Desktop/multimodal_fusion_code/ravdessDATASET/Audio_Speech_Actors_01-24/Actor_17/03-01-04-01-02-02-17.wav,17,sad,train
/Users/praketmehta/Desktop/multimodal_fusion_code/ravdessDATASET/Audio_Speech_Actors_01-24/Actor_17/03-01-07-01-02-01-17.wav,17,disgust,train
/Users/praketmehta/Desktop/multimodal_fusion_code/ravdessDATASET/Audio_Speech_Actors_01-24/Actor_17/03-01-07-02-01-01-17.wav,17,disgust,train
/Users/praketmehta/Desktop/multimodal_fusion_code/ravdessDATASET/Audio_Speech_Actors_01-24/Actor_17/03-01-04-02-01-02-17.wav,17,sad,train
/Users/praketmehta/Desktop/multimodal_fusion_code/ravdessDATASET/Audio_Speech_Actors_01-24/Actor_17/03-01-08-02-01-01-17.wav,17,surprised,train
/Users/praketmehta/Desktop/multimodal_fusion_code/ravdessDATASET/Audio_Speech_Actors_01-24/Actor_17/03-01-08-01-02-01-17.wav,17,surprised,train
/Users/praketmehta/Desktop/multimodal_fusion_code/ravdessDATASET/Audio_Speech_Actors_01-24/Actor_17/03-01-03-02-01-02-17.wav,17,happy,train
/Users/praketmehta/Desktop/multimodal_fusion_code/ravdessDATASET/Audio_Speech_Actors_01-24/Actor_17/03-01-03-01-02-02-17.wav,17,happy,train
/Users/praketmehta/Desktop/multimodal_fusion_code/ravdessDATASET/Audio_Speech_Actors_01-24/Actor_17/03-01-02-02-02-01-17.wav,17,calm,train
/Users/praketmehta/Desktop/multimodal_fusion_code/ravdessDATASET/Audio_Speech_Actors_01-24/Actor_17/03-01-02-01-01-01-17.wav,17,calm,train
/Users/praketmehta/Desktop/multimodal_fusion_code/ravdessDATASET/Audio_Speech_Actors_01-24/Actor_17/03-01-01-01-01-02-17.wav,17,neutral,train
/Users/praketmehta/Desktop/multimodal_fusion_code/ravdessDATASET/Audio_Speech_Actors_01-24/Actor_18/03-01-03-02-01-02-18.wav,18,happy,train
/Users/praketmehta/Desktop/multimodal_fusion_code/ravdessDATASET/Audio_Speech_Actors_01-24/Actor_18/03-01-03-01-02-02-18.wav,18,happy,train
/Users/praketmehta/Desktop/multimodal_fusion_code/ravdessDATASET/Audio_Speech_Actors_01-24/Actor_18/03-01-02-02-02-01-18.wav,18,calm,train
/Users/praketmehta/Desktop/multimodal_fusion_code/ravdessDATASET/Audio_Speech_Actors_01-24/Actor_18/03-01-02-01-01-01-18.wav,18,calm,train
/Users/praketmehta/Desktop/multimodal_fusion_code/ravdessDATASET/Audio_Speech_Actors_01-24/Actor_18/03-01-01-01-01-02-18.wav,18,neutral,train
/Users/praketmehta/Desktop/multimodal_fusion_code/ravdessDATASET/Audio_Speech_Actors_01-24/Actor_18/03-01-06-01-01-02-18.wav,18,fearful,train
/Users/praketmehta/Desktop/multimodal_fusion_code/ravdessDATASET/Audio_Speech_Actors_01-24/Actor_18/03-01-05-01-01-01-18.wav,18,angry,train
/Users/praketmehta/Desktop/multimodal_fusion_code/ravdessDATASET/Audio_Speech_Actors_01-24/Actor_18/03-01-05-02-02-01-18.wav,18,angry,train
/Users/praketmehta/Desktop/multimodal_fusion_code/ravdessDATASET/Audio_Speech_Actors_01-24/Actor_18/03-01-06-02-02-02-18.wav,18,fearful,train
/Users/praketmehta/Desktop/multimodal_fusion_code/ravdessDATASET/Audio_Speech_Actors_01-24/Actor_18/03-01-04-01-02-02-18.wav,18,sad,train
/Users/praketmehta/Desktop/multimodal_fusion_code/ravdessDATASET/Audio_Speech_Actors_01-24/Actor_18/03-01-07-01-02-01-18.wav,18,disgust,train
/Users/praketmehta/Desktop/multimodal_fusion_code/ravdessDATASET/Audio_Speech_Actors_01-24/Actor_18/03-01-07-02-01-01-18.wav,18,disgust,train
/Users/praketmehta/Desktop/multimodal_fusion_code/ravdessDATASET/Audio_Speech_Actors_01-24/Actor_18/03-01-04-02-01-02-18.wav,18,sad,train
/Users/praketmehta/Desktop/multimodal_fusion_code/ravdessDATASET/Audio_Speech_Actors_01-24/Actor_18/03-01-08-02-01-01-18.wav,18,surprised,train
/Users/praketmehta/Desktop/multimodal_fusion_code/ravdessDATASET/Audio_Speech_Actors_01-24/Actor_18/03-01-08-01-02-01-18.wav,18,surprised,train
/Users/praketmehta/Desktop/multimodal_fusion_code/ravdessDATASET/Audio_Speech_Actors_01-24/Actor_18/03-01-05-01-02-02-18.wav,18,angry,train
/Users/praketmehta/Desktop/multimodal_fusion_code/ravdessDATASET/Audio_Speech_Actors_01-24/Actor_18/03-01-06-01-02-01-18.wav,18,fearful,train
/Users/praketmehta/Desktop/multimodal_fusion_code/ravdessDATASET/Audio_Speech_Actors_01-24/Actor_18/03-01-06-02-01-01-18.wav,18,fearful,train
/Users/praketmehta/Desktop/multimodal_fusion_code/ravdessDATASET/Audio_Speech_Actors_01-24/Actor_18/03-01-05-02-01-02-18.wav,18,angry,train
/Users/praketmehta/Desktop/multimodal_fusion_code/ravdessDATASET/Audio_Speech_Actors_01-24/Actor_18/03-01-07-01-01-02-18.wav,18,disgust,train
/Users/praketmehta/Desktop/multimodal_fusion_code/ravdessDATASET/Audio_Speech_Actors_01-24/Actor_18/03-01-04-01-01-01-18.wav,18,sad,train
/Users/praketmehta/Desktop/multimodal_fusion_code/ravdessDATASET/Audio_Speech_Actors_01-24/Actor_18/03-01-04-02-02-01-18.wav,18,sad,train
/Users/praketmehta/Desktop/multimodal_fusion_code/ravdessDATASET/Audio_Speech_Actors_01-24/Actor_18/03-01-07-02-02-02-18.wav,18,disgust,train
/Users/praketmehta/Desktop/multimodal_fusion_code/ravdessDATASET/Audio_Speech_Actors_01-24/Actor_18/03-01-08-02-02-02-18.wav,18,surprised,train
/Users/praketmehta/Desktop/multimodal_fusion_code/ravdessDATASET/Audio_Speech_Actors_01-24/Actor_18/03-01-08-01-01-02-18.wav,18,surprised,train
/Users/praketmehta/Desktop/multimodal_fusion_code/ravdessDATASET/Audio_Speech_Actors_01-24/Actor_18/03-01-03-02-02-01-18.wav,18,happy,train
/Users/praketmehta/Desktop/multimodal_fusion_code/ravdessDATASET/Audio_Speech_Actors_01-24/Actor_18/03-01-03-01-01-01-18.wav,18,happy,train
/Users/praketmehta/Desktop/multimodal_fusion_code/ravdessDATASET/Audio_Speech_Actors_01-24/Actor_18/03-01-02-02-01-02-18.wav,18,calm,train
/Users/praketmehta/Desktop/multimodal_fusion_code/ravdessDATASET/Audio_Speech_Actors_01-24/Actor_18/03-01-01-01-02-01-18.wav,18,neutral,train
/Users/praketmehta/Desktop/multimodal_fusion_code/ravdessDATASET/Audio_Speech_Actors_01-24/Actor_18/03-01-02-01-02-02-18.wav,18,calm,train
/Users/praketmehta/Desktop/multimodal_fusion_code/ravdessDATASET/Audio_Speech_Actors_01-24/Actor_18/03-01-04-02-01-01-18.wav,18,sad,train
/Users/praketmehta/Desktop/multimodal_fusion_code/ravdessDATASET/Audio_Speech_Actors_01-24/Actor_18/03-01-07-02-01-02-18.wav,18,disgust,train
/Users/praketmehta/Desktop/multimodal_fusion_code/ravdessDATASET/Audio_Speech_Actors_01-24/Actor_18/03-01-07-01-02-02-18.wav,18,disgust,train
/Users/praketmehta/Desktop/multimodal_fusion_code/ravdessDATASET/Audio_Speech_Actors_01-24/Actor_18/03-01-04-01-02-01-18.wav,18,sad,train
/Users/praketmehta/Desktop/multimodal_fusion_code/ravdessDATASET/Audio_Speech_Actors_01-24/Actor_18/03-01-06-02-02-01-18.wav,18,fearful,train
/Users/praketmehta/Desktop/multimodal_fusion_code/ravdessDATASET/Audio_Speech_Actors_01-24/Actor_18/03-01-05-02-02-02-18.wav,18,angry,train
/Users/praketmehta/Desktop/multimodal_fusion_code/ravdessDATASET/Audio_Speech_Actors_01-24/Actor_18/03-01-05-01-01-02-18.wav,18,angry,train
/Users/praketmehta/Desktop/multimodal_fusion_code/ravdessDATASET/Audio_Speech_Actors_01-24/Actor_18/03-01-06-01-01-01-18.wav,18,fearful,train
/Users/praketmehta/Desktop/multimodal_fusion_code/ravdessDATASET/Audio_Speech_Actors_01-24/Actor_18/03-01-08-01-02-02-18.wav,18,surprised,train
/Users/praketmehta/Desktop/multimodal_fusion_code/ravdessDATASET/Audio_Speech_Actors_01-24/Actor_18/03-01-08-02-01-02-18.wav,18,surprised,train
/Users/praketmehta/Desktop/multimodal_fusion_code/ravdessDATASET/Audio_Speech_Actors_01-24/Actor_18/03-01-01-01-01-01-18.wav,18,neutral,train
/Users/praketmehta/Desktop/multimodal_fusion_code/ravdessDATASET/Audio_Speech_Actors_01-24/Actor_18/03-01-02-01-01-02-18.wav,18,calm,train
/Users/praketmehta/Desktop/multimodal_fusion_code/ravdessDATASET/Audio_Speech_Actors_01-24/Actor_18/03-01-02-02-02-02-18.wav,18,calm,train
/Users/praketmehta/Desktop/multimodal_fusion_code/ravdessDATASET/Audio_Speech_Actors_01-24/Actor_18/03-01-03-01-02-01-18.wav,18,happy,train
/Users/praketmehta/Desktop/multimodal_fusion_code/ravdessDATASET/Audio_Speech_Actors_01-24/Actor_18/03-01-03-02-01-01-18.wav,18,happy,train
/Users/praketmehta/Desktop/multimodal_fusion_code/ravdessDATASET/Audio_Speech_Actors_01-24/Actor_18/03-01-02-01-02-01-18.wav,18,calm,train
/Users/praketmehta/Desktop/multimodal_fusion_code/ravdessDATASET/Audio_Speech_Actors_01-24/Actor_18/03-01-01-01-02-02-18.wav,18,neutral,train
/Users/praketmehta/Desktop/multimodal_fusion_code/ravdessDATASET/Audio_Speech_Actors_01-24/Actor_18/03-01-02-02-01-01-18.wav,18,calm,train
/Users/praketmehta/Desktop/multimodal_fusion_code/ravdessDATASET/Audio_Speech_Actors_01-24/Actor_18/03-01-03-01-01-02-18.wav,18,happy,train
/Users/praketmehta/Desktop/multimodal_fusion_code/ravdessDATASET/Audio_Speech_Actors_01-24/Actor_18/03-01-03-02-02-02-18.wav,18,happy,train
/Users/praketmehta/Desktop/multimodal_fusion_code/ravdessDATASET/Audio_Speech_Actors_01-24/Actor_18/03-01-07-02-02-01-18.wav,18,disgust,train
/Users/praketmehta/Desktop/multimodal_fusion_code/ravdessDATASET/Audio_Speech_Actors_01-24/Actor_18/03-01-04-02-02-02-18.wav,18,sad,train
/Users/praketmehta/Desktop/multimodal_fusion_code/ravdessDATASET/Audio_Speech_Actors_01-24/Actor_18/03-01-04-01-01-02-18.wav,18,sad,train
/Users/praketmehta/Desktop/multimodal_fusion_code/ravdessDATASET/Audio_Speech_Actors_01-24/Actor_18/03-01-07-01-01-01-18.wav,18,disgust,train
/Users/praketmehta/Desktop/multimodal_fusion_code/ravdessDATASET/Audio_Speech_Actors_01-24/Actor_18/03-01-05-02-01-01-18.wav,18,angry,train
/Users/praketmehta/Desktop/multimodal_fusion_code/ravdessDATASET/Audio_Speech_Actors_01-24/Actor_18/03-01-06-02-01-02-18.wav,18,fearful,train
/Users/praketmehta/Desktop/multimodal_fusion_code/ravdessDATASET/Audio_Speech_Actors_01-24/Actor_18/03-01-06-01-02-02-18.wav,18,fearful,train
/Users/praketmehta/Desktop/multimodal_fusion_code/ravdessDATASET/Audio_Speech_Actors_01-24/Actor_18/03-01-05-01-02-01-18.wav,18,angry,train
/Users/praketmehta/Desktop/multimodal_fusion_code/ravdessDATASET/Audio_Speech_Actors_01-24/Actor_18/03-01-08-01-01-01-18.wav,18,surprised,train
/Users/praketmehta/Desktop/multimodal_fusion_code/ravdessDATASET/Audio_Speech_Actors_01-24/Actor_18/03-01-08-02-02-01-18.wav,18,surprised,train
/Users/praketmehta/Desktop/multimodal_fusion_code/ravdessDATASET/Audio_Speech_Actors_01-24/Actor_19/03-01-01-01-01-02-19.wav,19,neutral,val
/Users/praketmehta/Desktop/multimodal_fusion_code/ravdessDATASET/Audio_Speech_Actors_01-24/Actor_19/03-01-02-01-01-01-19.wav,19,calm,val
/Users/praketmehta/Desktop/multimodal_fusion_code/ravdessDATASET/Audio_Speech_Actors_01-24/Actor_19/03-01-02-02-02-01-19.wav,19,calm,val
/Users/praketmehta/Desktop/multimodal_fusion_code/ravdessDATASET/Audio_Speech_Actors_01-24/Actor_19/03-01-03-01-02-02-19.wav,19,happy,val
/Users/praketmehta/Desktop/multimodal_fusion_code/ravdessDATASET/Audio_Speech_Actors_01-24/Actor_19/03-01-03-02-01-02-19.wav,19,happy,val
/Users/praketmehta/Desktop/multimodal_fusion_code/ravdessDATASET/Audio_Speech_Actors_01-24/Actor_19/03-01-04-02-01-02-19.wav,19,sad,val
/Users/praketmehta/Desktop/multimodal_fusion_code/ravdessDATASET/Audio_Speech_Actors_01-24/Actor_19/03-01-07-02-01-01-19.wav,19,disgust,val
/Users/praketmehta/Desktop/multimodal_fusion_code/ravdessDATASET/Audio_Speech_Actors_01-24/Actor_19/03-01-07-01-02-01-19.wav,19,disgust,val
/Users/praketmehta/Desktop/multimodal_fusion_code/ravdessDATASET/Audio_Speech_Actors_01-24/Actor_19/03-01-04-01-02-02-19.wav,19,sad,val
/Users/praketmehta/Desktop/multimodal_fusion_code/ravdessDATASET/Audio_Speech_Actors_01-24/Actor_19/03-01-06-02-02-02-19.wav,19,fearful,val
/Users/praketmehta/Desktop/multimodal_fusion_code/ravdessDATASET/Audio_Speech_Actors_01-24/Actor_19/03-01-05-02-02-01-19.wav,19,angry,val
/Users/praketmehta/Desktop/multimodal_fusion_code/ravdessDATASET/Audio_Speech_Actors_01-24/Actor_19/03-01-05-01-01-01-19.wav,19,angry,val
/Users/praketmehta/Desktop/multimodal_fusion_code/ravdessDATASET/Audio_Speech_Actors_01-24/Actor_19/03-01-06-01-01-02-19.wav,19,fearful,val
/Users/praketmehta/Desktop/multimodal_fusion_code/ravdessDATASET/Audio_Speech_Actors_01-24/Actor_19/03-01-08-01-02-01-19.wav,19,surprised,val
/Users/praketmehta/Desktop/multimodal_fusion_code/ravdessDATASET/Audio_Speech_Actors_01-24/Actor_19/03-01-08-02-01-01-19.wav,19,surprised,val
/Users/praketmehta/Desktop/multimodal_fusion_code/ravdessDATASET/Audio_Speech_Actors_01-24/Actor_19/03-01-07-02-02-02-19.wav,19,disgust,val
/Users/praketmehta/Desktop/multimodal_fusion_code/ravdessDATASET/Audio_Speech_Actors_01-24/Actor_19/03-01-04-02-02-01-19.wav,19,sad,val
/Users/praketmehta/Desktop/multimodal_fusion_code/ravdessDATASET/Audio_Speech_Actors_01-24/Actor_19/03-01-04-01-01-01-19.wav,19,sad,val
/Users/praketmehta/Desktop/multimodal_fusion_code/ravdessDATASET/Audio_Speech_Actors_01-24/Actor_19/03-01-07-01-01-02-19.wav,19,disgust,val
/Users/praketmehta/Desktop/multimodal_fusion_code/ravdessDATASET/Audio_Speech_Actors_01-24/Actor_19/03-01-05-02-01-02-19.wav,19,angry,val
/Users/praketmehta/Desktop/multimodal_fusion_code/ravdessDATASET/Audio_Speech_Actors_01-24/Actor_19/03-01-06-02-01-01-19.wav,19,fearful,val
/Users/praketmehta/Desktop/multimodal_fusion_code/ravdessDATASET/Audio_Speech_Actors_01-24/Actor_19/03-01-06-01-02-01-19.wav,19,fearful,val
/Users/praketmehta/Desktop/multimodal_fusion_code/ravdessDATASET/Audio_Speech_Actors_01-24/Actor_19/03-01-05-01-02-02-19.wav,19,angry,val
/Users/praketmehta/Desktop/multimodal_fusion_code/ravdessDATASET/Audio_Speech_Actors_01-24/Actor_19/03-01-08-01-01-02-19.wav,19,surprised,val
/Users/praketmehta/Desktop/multimodal_fusion_code/ravdessDATASET/Audio_Speech_Actors_01-24/Actor_19/03-01-08-02-02-02-19.wav,19,surprised,val
/Users/praketmehta/Desktop/multimodal_fusion_code/ravdessDATASET/Audio_Speech_Actors_01-24/Actor_19/03-01-02-01-02-02-19.wav,19,calm,val
/Users/praketmehta/Desktop/multimodal_fusion_code/ravdessDATASET/Audio_Speech_Actors_01-24/Actor_19/03-01-01-01-02-01-19.wav,19,neutral,val
/Users/praketmehta/Desktop/multimodal_fusion_code/ravdessDATASET/Audio_Speech_Actors_01-24/Actor_19/03-01-02-02-01-02-19.wav,19,calm,val
/Users/praketmehta/Desktop/multimodal_fusion_code/ravdessDATASET/Audio_Speech_Actors_01-24/Actor_19/03-01-03-01-01-01-19.wav,19,happy,val
/Users/praketmehta/Desktop/multimodal_fusion_code/ravdessDATASET/Audio_Speech_Actors_01-24/Actor_19/03-01-03-02-02-01-19.wav,19,happy,val
/Users/praketmehta/Desktop/multimodal_fusion_code/ravdessDATASET/Audio_Speech_Actors_01-24/Actor_19/03-01-06-01-01-01-19.wav,19,fearful,val
/Users/praketmehta/Desktop/multimodal_fusion_code/ravdessDATASET/Audio_Speech_Actors_01-24/Actor_19/03-01-05-01-01-02-19.wav,19,angry,val
/Users/praketmehta/Desktop/multimodal_fusion_code/ravdessDATASET/Audio_Speech_Actors_01-24/Actor_19/03-01-05-02-02-02-19.wav,19,angry,val
/Users/praketmehta/Desktop/multimodal_fusion_code/ravdessDATASET/Audio_Speech_Actors_01-24/Actor_19/03-01-06-02-02-01-19.wav,19,fearful,val
/Users/praketmehta/Desktop/multimodal_fusion_code/ravdessDATASET/Audio_Speech_Actors_01-24/Actor_19/03-01-04-01-02-01-19.wav,19,sad,val
/Users/praketmehta/Desktop/multimodal_fusion_code/ravdessDATASET/Audio_Speech_Actors_01-24/Actor_19/03-01-07-01-02-02-19.wav,19,disgust,val
/Users/praketmehta/Desktop/multimodal_fusion_code/ravdessDATASET/Audio_Speech_Actors_01-24/Actor_19/03-01-07-02-01-02-19.wav,19,disgust,val
/Users/praketmehta/Desktop/multimodal_fusion_code/ravdessDATASET/Audio_Speech_Actors_01-24/Actor_19/03-01-04-02-01-01-19.wav,19,sad,val
/Users/praketmehta/Desktop/multimodal_fusion_code/ravdessDATASET/Audio_Speech_Actors_01-24/Actor_19/03-01-08-02-01-02-19.wav,19,surprised,val
/Users/praketmehta/Desktop/multimodal_fusion_code/ravdessDATASET/Audio_Speech_Actors_01-24/Actor_19/03-01-08-01-02-02-19.wav,19,surprised,val
/Users/praketmehta/Desktop/multimodal_fusion_code/ravdessDATASET/Audio_Speech_Actors_01-24/Actor_19/03-01-03-02-01-01-19.wav,19,happy,val
/Users/praketmehta/Desktop/multimodal_fusion_code/ravdessDATASET/Audio_Speech_Actors_01-24/Actor_19/03-01-03-01-02-01-19.wav,19,happy,val
/Users/praketmehta/Desktop/multimodal_fusion_code/ravdessDATASET/Audio_Speech_Actors_01-24/Actor_19/03-01-02-02-02-02-19.wav,19,calm,val
/Users/praketmehta/Desktop/multimodal_fusion_code/ravdessDATASET/Audio_Speech_Actors_01-24/Actor_19/03-01-02-01-01-02-19.wav,19,calm,val
/Users/praketmehta/Desktop/multimodal_fusion_code/ravdessDATASET/Audio_Speech_Actors_01-24/Actor_19/03-01-01-01-01-01-19.wav,19,neutral,val
/Users/praketmehta/Desktop/multimodal_fusion_code/ravdessDATASET/Audio_Speech_Actors_01-24/Actor_19/03-01-03-02-02-02-19.wav,19,happy,val
/Users/praketmehta/Desktop/multimodal_fusion_code/ravdessDATASET/Audio_Speech_Actors_01-24/Actor_19/03-01-03-01-01-02-19.wav,19,happy,val
/Users/praketmehta/Desktop/multimodal_fusion_code/ravdessDATASET/Audio_Speech_Actors_01-24/Actor_19/03-01-02-02-01-01-19.wav,19,calm,val
/Users/praketmehta/Desktop/multimodal_fusion_code/ravdessDATASET/Audio_Speech_Actors_01-24/Actor_19/03-01-01-01-02-02-19.wav,19,neutral,val
/Users/praketmehta/Desktop/multimodal_fusion_code/ravdessDATASET/Audio_Speech_Actors_01-24/Actor_19/03-01-02-01-02-01-19.wav,19,calm,val
/Users/praketmehta/Desktop/multimodal_fusion_code/ravdessDATASET/Audio_Speech_Actors_01-24/Actor_19/03-01-05-01-02-01-19.wav,19,angry,val
/Users/praketmehta/Desktop/multimodal_fusion_code/ravdessDATASET/Audio_Speech_Actors_01-24/Actor_19/03-01-06-01-02-02-19.wav,19,fearful,val
/Users/praketmehta/Desktop/multimodal_fusion_code/ravdessDATASET/Audio_Speech_Actors_01-24/Actor_19/03-01-06-02-01-02-19.wav,19,fearful,val
/Users/praketmehta/Desktop/multimodal_fusion_code/ravdessDATASET/Audio_Speech_Actors_01-24/Actor_19/03-01-05-02-01-01-19.wav,19,angry,val
/Users/praketmehta/Desktop/multimodal_fusion_code/ravdessDATASET/Audio_Speech_Actors_01-24/Actor_19/03-01-07-01-01-01-19.wav,19,disgust,val
/Users/praketmehta/Desktop/multimodal_fusion_code/ravdessDATASET/Audio_Speech_Actors_01-24/Actor_19/03-01-04-01-01-02-19.wav,19,sad,val
/Users/praketmehta/Desktop/multimodal_fusion_code/ravdessDATASET/Audio_Speech_Actors_01-24/Actor_19/03-01-04-02-02-02-19.wav,19,sad,val
/Users/praketmehta/Desktop/multimodal_fusion_code/ravdessDATASET/Audio_Speech_Actors_01-24/Actor_19/03-01-07-02-02-01-19.wav,19,disgust,val
/Users/praketmehta/Desktop/multimodal_fusion_code/ravdessDATASET/Audio_Speech_Actors_01-24/Actor_19/03-01-08-02-02-01-19.wav,19,surprised,val
/Users/praketmehta/Desktop/multimodal_fusion_code/ravdessDATASET/Audio_Speech_Actors_01-24/Actor_19/03-01-08-01-01-01-19.wav,19,surprised,val
/Users/praketmehta/Desktop/multimodal_fusion_code/ravdessDATASET/Audio_Speech_Actors_01-24/Actor_20/03-01-08-01-02-01-20.wav,20,surprised,val
/Users/praketmehta/Desktop/multimodal_fusion_code/ravdessDATASET/Audio_Speech_Actors_01-24/Actor_20/03-01-08-02-01-01-20.wav,20,surprised,val
/Users/praketmehta/Desktop/multimodal_fusion_code/ravdessDATASET/Audio_Speech_Actors_01-24/Actor_20/03-01-04-02-01-02-20.wav,20,sad,val
/Users/praketmehta/Desktop/multimodal_fusion_code/ravdessDATASET/Audio_Speech_Actors_01-24/Actor_20/03-01-07-02-01-01-20.wav,20,disgust,val
/Users/praketmehta/Desktop/multimodal_fusion_code/ravdessDATASET/Audio_Speech_Actors_01-24/Actor_20/03-01-07-01-02-01-20.wav,20,disgust,val
/Users/praketmehta/Desktop/multimodal_fusion_code/ravdessDATASET/Audio_Speech_Actors_01-24/Actor_20/03-01-04-01-02-02-20.wav,20,sad,val
/Users/praketmehta/Desktop/multimodal_fusion_code/ravdessDATASET/Audio_Speech_Actors_01-24/Actor_20/03-01-06-02-02-02-20.wav,20,fearful,val
/Users/praketmehta/Desktop/multimodal_fusion_code/ravdessDATASET/Audio_Speech_Actors_01-24/Actor_20/03-01-05-02-02-01-20.wav,20,angry,val
/Users/praketmehta/Desktop/multimodal_fusion_code/ravdessDATASET/Audio_Speech_Actors_01-24/Actor_20/03-01-05-01-01-01-20.wav,20,angry,val
/Users/praketmehta/Desktop/multimodal_fusion_code/ravdessDATASET/Audio_Speech_Actors_01-24/Actor_20/03-01-06-01-01-02-20.wav,20,fearful,val
/Users/praketmehta/Desktop/multimodal_fusion_code/ravdessDATASET/Audio_Speech_Actors_01-24/Actor_20/03-01-01-01-01-02-20.wav,20,neutral,val
/Users/praketmehta/Desktop/multimodal_fusion_code/ravdessDATASET/Audio_Speech_Actors_01-24/Actor_20/03-01-02-01-01-01-20.wav,20,calm,val
/Users/praketmehta/Desktop/multimodal_fusion_code/ravdessDATASET/Audio_Speech_Actors_01-24/Actor_20/03-01-02-02-02-01-20.wav,20,calm,val
/Users/praketmehta/Desktop/multimodal_fusion_code/ravdessDATASET/Audio_Speech_Actors_01-24/Actor_20/03-01-03-01-02-02-20.wav,20,happy,val
/Users/praketmehta/Desktop/multimodal_fusion_code/ravdessDATASET/Audio_Speech_Actors_01-24/Actor_20/03-01-03-02-01-02-20.wav,20,happy,val
/Users/praketmehta/Desktop/multimodal_fusion_code/ravdessDATASET/Audio_Speech_Actors_01-24/Actor_20/03-01-02-01-02-02-20.wav,20,calm,val
/Users/praketmehta/Desktop/multimodal_fusion_code/ravdessDATASET/Audio_Speech_Actors_01-24/Actor_20/03-01-01-01-02-01-20.wav,20,neutral,val
/Users/praketmehta/Desktop/multimodal_fusion_code/ravdessDATASET/Audio_Speech_Actors_01-24/Actor_20/03-01-02-02-01-02-20.wav,20,calm,val
/Users/praketmehta/Desktop/multimodal_fusion_code/ravdessDATASET/Audio_Speech_Actors_01-24/Actor_20/03-01-03-01-01-01-20.wav,20,happy,val
/Users/praketmehta/Desktop/multimodal_fusion_code/ravdessDATASET/Audio_Speech_Actors_01-24/Actor_20/03-01-03-02-02-01-20.wav,20,happy,val
/Users/praketmehta/Desktop/multimodal_fusion_code/ravdessDATASET/Audio_Speech_Actors_01-24/Actor_20/03-01-08-01-01-02-20.wav,20,surprised,val
/Users/praketmehta/Desktop/multimodal_fusion_code/ravdessDATASET/Audio_Speech_Actors_01-24/Actor_20/03-01-08-02-02-02-20.wav,20,surprised,val
/Users/praketmehta/Desktop/multimodal_fusion_code/ravdessDATASET/Audio_Speech_Actors_01-24/Actor_20/03-01-07-02-02-02-20.wav,20,disgust,val
/Users/praketmehta/Desktop/multimodal_fusion_code/ravdessDATASET/Audio_Speech_Actors_01-24/Actor_20/03-01-04-02-02-01-20.wav,20,sad,val
/Users/praketmehta/Desktop/multimodal_fusion_code/ravdessDATASET/Audio_Speech_Actors_01-24/Actor_20/03-01-04-01-01-01-20.wav,20,sad,val
/Users/praketmehta/Desktop/multimodal_fusion_code/ravdessDATASET/Audio_Speech_Actors_01-24/Actor_20/03-01-07-01-01-02-20.wav,20,disgust,val
/Users/praketmehta/Desktop/multimodal_fusion_code/ravdessDATASET/Audio_Speech_Actors_01-24/Actor_20/03-01-05-02-01-02-20.wav,20,angry,val
/Users/praketmehta/Desktop/multimodal_fusion_code/ravdessDATASET/Audio_Speech_Actors_01-24/Actor_20/03-01-06-02-01-01-20.wav,20,fearful,val
/Users/praketmehta/Desktop/multimodal_fusion_code/ravdessDATASET/Audio_Speech_Actors_01-24/Actor_20/03-01-06-01-02-01-20.wav,20,fearful,val
/Users/praketmehta/Desktop/multimodal_fusion_code/ravdessDATASET/Audio_Speech_Actors_01-24/Actor_20/03-01-05-01-02-02-20.wav,20,angry,val
/Users/praketmehta/Desktop/multimodal_fusion_code/ravdessDATASET/Audio_Speech_Actors_01-24/Actor_20/03-01-03-02-01-01-20.wav,20,happy,val
/Users/praketmehta/Desktop/multimodal_fusion_code/ravdessDATASET/Audio_Speech_Actors_01-24/Actor_20/03-01-03-01-02-01-20.wav,20,happy,val
/Users/praketmehta/Desktop/multimodal_fusion_code/ravdessDATASET/Audio_Speech_Actors_01-24/Actor_20/03-01-02-02-02-02-20.wav,20,calm,val
/Users/praketmehta/Desktop/multimodal_fusion_code/ravdessDATASET/Audio_Speech_Actors_01-24/Actor_20/03-01-02-01-01-02-20.wav,20,calm,val
/Users/praketmehta/Desktop/multimodal_fusion_code/ravdessDATASET/Audio_Speech_Actors_01-24/Actor_20/03-01-01-01-01-01-20.wav,20,neutral,val
/Users/praketmehta/Desktop/multimodal_fusion_code/ravdessDATASET/Audio_Speech_Actors_01-24/Actor_20/03-01-08-02-01-02-20.wav,20,surprised,val
/Users/praketmehta/Desktop/multimodal_fusion_code/ravdessDATASET/Audio_Speech_Actors_01-24/Actor_20/03-01-08-01-02-02-20.wav,20,surprised,val
/Users/praketmehta/Desktop/multimodal_fusion_code/ravdessDATASET/Audio_Speech_Actors_01-24/Actor_20/03-01-06-01-01-01-20.wav,20,fearful,val
/Users/praketmehta/Desktop/multimodal_fusion_code/ravdessDATASET/Audio_Speech_Actors_01-24/Actor_20/03-01-05-01-01-02-20.wav,20,angry,val
/Users/praketmehta/Desktop/multimodal_fusion_code/ravdessDATASET/Audio_Speech_Actors_01-24/Actor_20/03-01-05-02-02-02-20.wav,20,angry,val
/Users/praketmehta/Desktop/multimodal_fusion_code/ravdessDATASET/Audio_Speech_Actors_01-24/Actor_20/03-01-06-02-02-01-20.wav,20,fearful,val
/Users/praketmehta/Desktop/multimodal_fusion_code/ravdessDATASET/Audio_Speech_Actors_01-24/Actor_20/03-01-04-01-02-01-20.wav,20,sad,val
/Users/praketmehta/Desktop/multimodal_fusion_code/ravdessDATASET/Audio_Speech_Actors_01-24/Actor_20/03-01-07-01-02-02-20.wav,20,disgust,val
/Users/praketmehta/Desktop/multimodal_fusion_code/ravdessDATASET/Audio_Speech_Actors_01-24/Actor_20/03-01-07-02-01-02-20.wav,20,disgust,val
/Users/praketmehta/Desktop/multimodal_fusion_code/ravdessDATASET/Audio_Speech_Actors_01-24/Actor_20/03-01-04-02-01-01-20.wav,20,sad,val
/Users/praketmehta/Desktop/multimodal_fusion_code/ravdessDATASET/Audio_Speech_Actors_01-24/Actor_20/03-01-08-02-02-01-20.wav,20,surprised,val
/Users/praketmehta/Desktop/multimodal_fusion_code/ravdessDATASET/Audio_Speech_Actors_01-24/Actor_20/03-01-08-01-01-01-20.wav,20,surprised,val
/Users/praketmehta/Desktop/multimodal_fusion_code/ravdessDATASET/Audio_Speech_Actors_01-24/Actor_20/03-01-05-01-02-01-20.wav,20,angry,val
/Users/praketmehta/Desktop/multimodal_fusion_code/ravdessDATASET/Audio_Speech_Actors_01-24/Actor_20/03-01-06-01-02-02-20.wav,20,fearful,val
/Users/praketmehta/Desktop/multimodal_fusion_code/ravdessDATASET/Audio_Speech_Actors_01-24/Actor_20/03-01-06-02-01-02-20.wav,20,fearful,val
/Users/praketmehta/Desktop/multimodal_fusion_code/ravdessDATASET/Audio_Speech_Actors_01-24/Actor_20/03-01-05-02-01-01-20.wav,20,angry,val
/Users/praketmehta/Desktop/multimodal_fusion_code/ravdessDATASET/Audio_Speech_Actors_01-24/Actor_20/03-01-07-01-01-01-20.wav,20,disgust,val
/Users/praketmehta/Desktop/multimodal_fusion_code/ravdessDATASET/Audio_Speech_Actors_01-24/Actor_20/03-01-04-01-01-02-20.wav,20,sad,val
/Users/praketmehta/Desktop/multimodal_fusion_code/ravdessDATASET/Audio_Speech_Actors_01-24/Actor_20/03-01-04-02-02-02-20.wav,20,sad,val
/Users/praketmehta/Desktop/multimodal_fusion_code/ravdessDATASET/Audio_Speech_Actors_01-24/Actor_20/03-01-07-02-02-01-20.wav,20,disgust,val
/Users/praketmehta/Desktop/multimodal_fusion_code/ravdessDATASET/Audio_Speech_Actors_01-24/Actor_20/03-01-03-02-02-02-20.wav,20,happy,val
/Users/praketmehta/Desktop/multimodal_fusion_code/ravdessDATASET/Audio_Speech_Actors_01-24/Actor_20/03-01-03-01-01-02-20.wav,20,happy,val
/Users/praketmehta/Desktop/multimodal_fusion_code/ravdessDATASET/Audio_Speech_Actors_01-24/Actor_20/03-01-02-02-01-01-20.wav,20,calm,val
/Users/praketmehta/Desktop/multimodal_fusion_code/ravdessDATASET/Audio_Speech_Actors_01-24/Actor_20/03-01-01-01-02-02-20.wav,20,neutral,val
/Users/praketmehta/Desktop/multimodal_fusion_code/ravdessDATASET/Audio_Speech_Actors_01-24/Actor_20/03-01-02-01-02-01-20.wav,20,calm,val
/Users/praketmehta/Desktop/multimodal_fusion_code/ravdessDATASET/Audio_Speech_Actors_01-24/Actor_21/03-01-08-02-01-01-21.wav,21,surprised,test
/Users/praketmehta/Desktop/multimodal_fusion_code/ravdessDATASET/Audio_Speech_Actors_01-24/Actor_21/03-01-08-01-02-01-21.wav,21,surprised,test
/Users/praketmehta/Desktop/multimodal_fusion_code/ravdessDATASET/Audio_Speech_Actors_01-24/Actor_21/03-01-06-01-01-02-21.wav,21,fearful,test
/Users/praketmehta/Desktop/multimodal_fusion_code/ravdessDATASET/Audio_Speech_Actors_01-24/Actor_21/03-01-05-01-01-01-21.wav,21,angry,test
/Users/praketmehta/Desktop/multimodal_fusion_code/ravdessDATASET/Audio_Speech_Actors_01-24/Actor_21/03-01-05-02-02-01-21.wav,21,angry,test
/Users/praketmehta/Desktop/multimodal_fusion_code/ravdessDATASET/Audio_Speech_Actors_01-24/Actor_21/03-01-06-02-02-02-21.wav,21,fearful,test
/Users/praketmehta/Desktop/multimodal_fusion_code/ravdessDATASET/Audio_Speech_Actors_01-24/Actor_21/03-01-04-01-02-02-21.wav,21,sad,test
/Users/praketmehta/Desktop/multimodal_fusion_code/ravdessDATASET/Audio_Speech_Actors_01-24/Actor_21/03-01-07-01-02-01-21.wav,21,disgust,test
/Users/praketmehta/Desktop/multimodal_fusion_code/ravdessDATASET/Audio_Speech_Actors_01-24/Actor_21/03-01-07-02-01-01-21.wav,21,disgust,test
/Users/praketmehta/Desktop/multimodal_fusion_code/ravdessDATASET/Audio_Speech_Actors_01-24/Actor_21/03-01-04-02-01-02-21.wav,21,sad,test
/Users/praketmehta/Desktop/multimodal_fusion_code/ravdessDATASET/Audio_Speech_Actors_01-24/Actor_21/03-01-03-02-01-02-21.wav,21,happy,test
/Users/praketmehta/Desktop/multimodal_fusion_code/ravdessDATASET/Audio_Speech_Actors_01-24/Actor_21/03-01-03-01-02-02-21.wav,21,happy,test
/Users/praketmehta/Desktop/multimodal_fusion_code/ravdessDATASET/Audio_Speech_Actors_01-24/Actor_21/03-01-02-02-02-01-21.wav,21,calm,test
/Users/praketmehta/Desktop/multimodal_fusion_code/ravdessDATASET/Audio_Speech_Actors_01-24/Actor_21/03-01-02-01-01-01-21.wav,21,calm,test
/Users/praketmehta/Desktop/multimodal_fusion_code/ravdessDATASET/Audio_Speech_Actors_01-24/Actor_21/03-01-01-01-01-02-21.wav,21,neutral,test
/Users/praketmehta/Desktop/multimodal_fusion_code/ravdessDATASET/Audio_Speech_Actors_01-24/Actor_21/03-01-03-02-02-01-21.wav,21,happy,test
/Users/praketmehta/Desktop/multimodal_fusion_code/ravdessDATASET/Audio_Speech_Actors_01-24/Actor_21/03-01-03-01-01-01-21.wav,21,happy,test
/Users/praketmehta/Desktop/multimodal_fusion_code/ravdessDATASET/Audio_Speech_Actors_01-24/Actor_21/03-01-02-02-01-02-21.wav,21,calm,test
/Users/praketmehta/Desktop/multimodal_fusion_code/ravdessDATASET/Audio_Speech_Actors_01-24/Actor_21/03-01-01-01-02-01-21.wav,21,neutral,test
/Users/praketmehta/Desktop/multimodal_fusion_code/ravdessDATASET/Audio_Speech_Actors_01-24/Actor_21/03-01-02-01-02-02-21.wav,21,calm,test
/Users/praketmehta/Desktop/multimodal_fusion_code/ravdessDATASET/Audio_Speech_Actors_01-24/Actor_21/03-01-08-02-02-02-21.wav,21,surprised,test
/Users/praketmehta/Desktop/multimodal_fusion_code/ravdessDATASET/Audio_Speech_Actors_01-24/Actor_21/03-01-08-01-01-02-21.wav,21,surprised,test
/Users/praketmehta/Desktop/multimodal_fusion_code/ravdessDATASET/Audio_Speech_Actors_01-24/Actor_21/03-01-05-01-02-02-21.wav,21,angry,test
/Users/praketmehta/Desktop/multimodal_fusion_code/ravdessDATASET/Audio_Speech_Actors_01-24/Actor_21/03-01-06-01-02-01-21.wav,21,fearful,test
/Users/praketmehta/Desktop/multimodal_fusion_code/ravdessDATASET/Audio_Speech_Actors_01-24/Actor_21/03-01-06-02-01-01-21.wav,21,fearful,test
/Users/praketmehta/Desktop/multimodal_fusion_code/ravdessDATASET/Audio_Speech_Actors_01-24/Actor_21/03-01-05-02-01-02-21.wav,21,angry,test
/Users/praketmehta/Desktop/multimodal_fusion_code/ravdessDATASET/Audio_Speech_Actors_01-24/Actor_21/03-01-07-01-01-02-21.wav,21,disgust,test
/Users/praketmehta/Desktop/multimodal_fusion_code/ravdessDATASET/Audio_Speech_Actors_01-24/Actor_21/03-01-04-01-01-01-21.wav,21,sad,test
/Users/praketmehta/Desktop/multimodal_fusion_code/ravdessDATASET/Audio_Speech_Actors_01-24/Actor_21/03-01-04-02-02-01-21.wav,21,sad,test
/Users/praketmehta/Desktop/multimodal_fusion_code/ravdessDATASET/Audio_Speech_Actors_01-24/Actor_21/03-01-07-02-02-02-21.wav,21,disgust,test
/Users/praketmehta/Desktop/multimodal_fusion_code/ravdessDATASET/Audio_Speech_Actors_01-24/Actor_21/03-01-01-01-01-01-21.wav,21,neutral,test
/Users/praketmehta/Desktop/multimodal_fusion_code/ravdessDATASET/Audio_Speech_Actors_01-24/Actor_21/03-01-02-01-01-02-21.wav,21,calm,test
/Users/praketmehta/Desktop/multimodal_fusion_code/ravdessDATASET/Audio_Speech_Actors_01-24/Actor_21/03-01-02-02-02-02-21.wav,21,calm,test
/Users/praketmehta/Desktop/multimodal_fusion_code/ravdessDATASET/Audio_Speech_Actors_01-24/Actor_21/03-01-03-01-02-01-21.wav,21,happy,test
/Users/praketmehta/Desktop/multimodal_fusion_code/ravdessDATASET/Audio_Speech_Actors_01-24/Actor_21/03-01-03-02-01-01-21.wav,21,happy,test
/Users/praketmehta/Desktop/multimodal_fusion_code/ravdessDATASET/Audio_Speech_Actors_01-24/Actor_21/03-01-08-01-02-02-21.wav,21,surprised,test
/Users/praketmehta/Desktop/multimodal_fusion_code/ravdessDATASET/Audio_Speech_Actors_01-24/Actor_21/03-01-08-02-01-02-21.wav,21,surprised,test
/Users/praketmehta/Desktop/multimodal_fusion_code/ravdessDATASET/Audio_Speech_Actors_01-24/Actor_21/03-01-04-02-01-01-21.wav,21,sad,test
/Users/praketmehta/Desktop/multimodal_fusion_code/ravdessDATASET/Audio_Speech_Actors_01-24/Actor_21/03-01-07-02-01-02-21.wav,21,disgust,test
/Users/praketmehta/Desktop/multimodal_fusion_code/ravdessDATASET/Audio_Speech_Actors_01-24/Actor_21/03-01-07-01-02-02-21.wav,21,disgust,test
/Users/praketmehta/Desktop/multimodal_fusion_code/ravdessDATASET/Audio_Speech_Actors_01-24/Actor_21/03-01-04-01-02-01-21.wav,21,sad,test
/Users/praketmehta/Desktop/multimodal_fusion_code/ravdessDATASET/Audio_Speech_Actors_01-24/Actor_21/03-01-06-02-02-01-21.wav,21,fearful,test
/Users/praketmehta/Desktop/multimodal_fusion_code/ravdessDATASET/Audio_Speech_Actors_01-24/Actor_21/03-01-05-02-02-02-21.wav,21,angry,test
/Users/praketmehta/Desktop/multimodal_fusion_code/ravdessDATASET/Audio_Speech_Actors_01-24/Actor_21/03-01-05-01-01-02-21.wav,21,angry,test
/Users/praketmehta/Desktop/multimodal_fusion_code/ravdessDATASET/Audio_Speech_Actors_01-24/Actor_21/03-01-06-01-01-01-21.wav,21,fearful,test
/Users/praketmehta/Desktop/multimodal_fusion_code/ravdessDATASET/Audio_Speech_Actors_01-24/Actor_21/03-01-08-01-01-01-21.wav,21,surprised,test
/Users/praketmehta/Desktop/multimodal_fusion_code/ravdessDATASET/Audio_Speech_Actors_01-24/Actor_21/03-01-08-02-02-01-21.wav,21,surprised,test
/Users/praketmehta/Desktop/multimodal_fusion_code/ravdessDATASET/Audio_Speech_Actors_01-24/Actor_21/03-01-07-02-02-01-21.wav,21,disgust,test
/Users/praketmehta/Desktop/multimodal_fusion_code/ravdessDATASET/Audio_Speech_Actors_01-24/Actor_21/03-01-04-02-02-02-21.wav,21,sad,test
/Users/praketmehta/Desktop/multimodal_fusion_code/ravdessDATASET/Audio_Speech_Actors_01-24/Actor_21/03-01-04-01-01-02-21.wav,21,sad,test
/Users/praketmehta/Desktop/multimodal_fusion_code/ravdessDATASET/Audio_Speech_Actors_01-24/Actor_21/03-01-07-01-01-01-21.wav,21,disgust,test
/Users/praketmehta/Desktop/multimodal_fusion_code/ravdessDATASET/Audio_Speech_Actors_01-24/Actor_21/03-01-05-02-01-01-21.wav,21,angry,test
/Users/praketmehta/Desktop/multimodal_fusion_code/ravdessDATASET/Audio_Speech_Actors_01-24/Actor_21/03-01-06-02-01-02-21.wav,21,fearful,test
/Users/praketmehta/Desktop/multimodal_fusion_code/ravdessDATASET/Audio_Speech_Actors_01-24/Actor_21/03-01-06-01-02-02-21.wav,21,fearful,test
/Users/praketmehta/Desktop/multimodal_fusion_code/ravdessDATASET/Audio_Speech_Actors_01-24/Actor_21/03-01-05-01-02-01-21.wav,21,angry,test
/Users/praketmehta/Desktop/multimodal_fusion_code/ravdessDATASET/Audio_Speech_Actors_01-24/Actor_21/03-01-02-01-02-01-21.wav,21,calm,test
/Users/praketmehta/Desktop/multimodal_fusion_code/ravdessDATASET/Audio_Speech_Actors_01-24/Actor_21/03-01-01-01-02-02-21.wav,21,neutral,test
/Users/praketmehta/Desktop/multimodal_fusion_code/ravdessDATASET/Audio_Speech_Actors_01-24/Actor_21/03-01-02-02-01-01-21.wav,21,calm,test
/Users/praketmehta/Desktop/multimodal_fusion_code/ravdessDATASET/Audio_Speech_Actors_01-24/Actor_21/03-01-03-01-01-02-21.wav,21,happy,test
/Users/praketmehta/Desktop/multimodal_fusion_code/ravdessDATASET/Audio_Speech_Actors_01-24/Actor_21/03-01-03-02-02-02-21.wav,21,happy,test
/Users/praketmehta/Desktop/multimodal_fusion_code/ravdessDATASET/Audio_Speech_Actors_01-24/Actor_22/03-01-05-01-01-01-22.wav,22,angry,test
/Users/praketmehta/Desktop/multimodal_fusion_code/ravdessDATASET/Audio_Speech_Actors_01-24/Actor_22/03-01-06-01-01-02-22.wav,22,fearful,test
/Users/praketmehta/Desktop/multimodal_fusion_code/ravdessDATASET/Audio_Speech_Actors_01-24/Actor_22/03-01-06-02-02-02-22.wav,22,fearful,test
/Users/praketmehta/Desktop/multimodal_fusion_code/ravdessDATASET/Audio_Speech_Actors_01-24/Actor_22/03-01-05-02-02-01-22.wav,22,angry,test
/Users/praketmehta/Desktop/multimodal_fusion_code/ravdessDATASET/Audio_Speech_Actors_01-24/Actor_22/03-01-07-01-02-01-22.wav,22,disgust,test
/Users/praketmehta/Desktop/multimodal_fusion_code/ravdessDATASET/Audio_Speech_Actors_01-24/Actor_22/03-01-04-01-02-02-22.wav,22,sad,test
/Users/praketmehta/Desktop/multimodal_fusion_code/ravdessDATASET/Audio_Speech_Actors_01-24/Actor_22/03-01-04-02-01-02-22.wav,22,sad,test
/Users/praketmehta/Desktop/multimodal_fusion_code/ravdessDATASET/Audio_Speech_Actors_01-24/Actor_22/03-01-07-02-01-01-22.wav,22,disgust,test
/Users/praketmehta/Desktop/multimodal_fusion_code/ravdessDATASET/Audio_Speech_Actors_01-24/Actor_22/03-01-08-02-01-01-22.wav,22,surprised,test
/Users/praketmehta/Desktop/multimodal_fusion_code/ravdessDATASET/Audio_Speech_Actors_01-24/Actor_22/03-01-08-01-02-01-22.wav,22,surprised,test
/Users/praketmehta/Desktop/multimodal_fusion_code/ravdessDATASET/Audio_Speech_Actors_01-24/Actor_22/03-01-03-02-01-02-22.wav,22,happy,test
/Users/praketmehta/Desktop/multimodal_fusion_code/ravdessDATASET/Audio_Speech_Actors_01-24/Actor_22/03-01-03-01-02-02-22.wav,22,happy,test
/Users/praketmehta/Desktop/multimodal_fusion_code/ravdessDATASET/Audio_Speech_Actors_01-24/Actor_22/03-01-02-02-02-01-22.wav,22,calm,test
/Users/praketmehta/Desktop/multimodal_fusion_code/ravdessDATASET/Audio_Speech_Actors_01-24/Actor_22/03-01-01-01-01-02-22.wav,22,neutral,test
/Users/praketmehta/Desktop/multimodal_fusion_code/ravdessDATASET/Audio_Speech_Actors_01-24/Actor_22/03-01-02-01-01-01-22.wav,22,calm,test
/Users/praketmehta/Desktop/multimodal_fusion_code/ravdessDATASET/Audio_Speech_Actors_01-24/Actor_22/03-01-03-02-02-01-22.wav,22,happy,test
/Users/praketmehta/Desktop/multimodal_fusion_code/ravdessDATASET/Audio_Speech_Actors_01-24/Actor_22/03-01-03-01-01-01-22.wav,22,happy,test
/Users/praketmehta/Desktop/multimodal_fusion_code/ravdessDATASET/Audio_Speech_Actors_01-24/Actor_22/03-01-02-02-01-02-22.wav,22,calm,test
/Users/praketmehta/Desktop/multimodal_fusion_code/ravdessDATASET/Audio_Speech_Actors_01-24/Actor_22/03-01-02-01-02-02-22.wav,22,calm,test
/Users/praketmehta/Desktop/multimodal_fusion_code/ravdessDATASET/Audio_Speech_Actors_01-24/Actor_22/03-01-01-01-02-01-22.wav,22,neutral,test
/Users/praketmehta/Desktop/multimodal_fusion_code/ravdessDATASET/Audio_Speech_Actors_01-24/Actor_22/03-01-06-01-02-01-22.wav,22,fearful,test
/Users/praketmehta/Desktop/multimodal_fusion_code/ravdessDATASET/Audio_Speech_Actors_01-24/Actor_22/03-01-05-01-02-02-22.wav,22,angry,test
/Users/praketmehta/Desktop/multimodal_fusion_code/ravdessDATASET/Audio_Speech_Actors_01-24/Actor_22/03-01-05-02-01-02-22.wav,22,angry,test
/Users/praketmehta/Desktop/multimodal_fusion_code/ravdessDATASET/Audio_Speech_Actors_01-24/Actor_22/03-01-06-02-01-01-22.wav,22,fearful,test
/Users/praketmehta/Desktop/multimodal_fusion_code/ravdessDATASET/Audio_Speech_Actors_01-24/Actor_22/03-01-04-01-01-01-22.wav,22,sad,test
/Users/praketmehta/Desktop/multimodal_fusion_code/ravdessDATASET/Audio_Speech_Actors_01-24/Actor_22/03-01-07-01-01-02-22.wav,22,disgust,test
/Users/praketmehta/Desktop/multimodal_fusion_code/ravdessDATASET/Audio_Speech_Actors_01-24/Actor_22/03-01-07-02-02-02-22.wav,22,disgust,test
/Users/praketmehta/Desktop/multimodal_fusion_code/ravdessDATASET/Audio_Speech_Actors_01-24/Actor_22/03-01-04-02-02-01-22.wav,22,sad,test
/Users/praketmehta/Desktop/multimodal_fusion_code/ravdessDATASET/Audio_Speech_Actors_01-24/Actor_22/03-01-08-02-02-02-22.wav,22,surprised,test
/Users/praketmehta/Desktop/multimodal_fusion_code/ravdessDATASET/Audio_Speech_Actors_01-24/Actor_22/03-01-08-01-01-02-22.wav,22,surprised,test
/Users/praketmehta/Desktop/multimodal_fusion_code/ravdessDATASET/Audio_Speech_Actors_01-24/Actor_22/03-01-02-01-01-02-22.wav,22,calm,test
/Users/praketmehta/Desktop/multimodal_fusion_code/ravdessDATASET/Audio_Speech_Actors_01-24/Actor_22/03-01-01-01-01-01-22.wav,22,neutral,test
/Users/praketmehta/Desktop/multimodal_fusion_code/ravdessDATASET/Audio_Speech_Actors_01-24/Actor_22/03-01-02-02-02-02-22.wav,22,calm,test
/Users/praketmehta/Desktop/multimodal_fusion_code/ravdessDATASET/Audio_Speech_Actors_01-24/Actor_22/03-01-03-01-02-01-22.wav,22,happy,test
/Users/praketmehta/Desktop/multimodal_fusion_code/ravdessDATASET/Audio_Speech_Actors_01-24/Actor_22/03-01-03-02-01-01-22.wav,22,happy,test
/Users/praketmehta/Desktop/multimodal_fusion_code/ravdessDATASET/Audio_Speech_Actors_01-24/Actor_22/03-01-07-02-01-02-22.wav,22,disgust,test
/Users/praketmehta/Desktop/multimodal_fusion_code/ravdessDATASET/Audio_Speech_Actors_01-24/Actor_22/03-01-04-02-01-01-22.wav,22,sad,test
/Users/praketmehta/Desktop/multimodal_fusion_code/ravdessDATASET/Audio_Speech_Actors_01-24/Actor_22/03-01-04-01-02-01-22.wav,22,sad,test
/Users/praketmehta/Desktop/multimodal_fusion_code/ravdessDATASET/Audio_Speech_Actors_01-24/Actor_22/03-01-07-01-02-02-22.wav,22,disgust,test
/Users/praketmehta/Desktop/multimodal_fusion_code/ravdessDATASET/Audio_Speech_Actors_01-24/Actor_22/03-01-05-02-02-02-22.wav,22,angry,test
/Users/praketmehta/Desktop/multimodal_fusion_code/ravdessDATASET/Audio_Speech_Actors_01-24/Actor_22/03-01-06-02-02-01-22.wav,22,fearful,test
/Users/praketmehta/Desktop/multimodal_fusion_code/ravdessDATASET/Audio_Speech_Actors_01-24/Actor_22/03-01-06-01-01-01-22.wav,22,fearful,test
/Users/praketmehta/Desktop/multimodal_fusion_code/ravdessDATASET/Audio_Speech_Actors_01-24/Actor_22/03-01-05-01-01-02-22.wav,22,angry,test
/Users/praketmehta/Desktop/multimodal_fusion_code/ravdessDATASET/Audio_Speech_Actors_01-24/Actor_22/03-01-08-01-02-02-22.wav,22,surprised,test
/Users/praketmehta/Desktop/multimodal_fusion_code/ravdessDATASET/Audio_Speech_Actors_01-24/Actor_22/03-01-08-02-01-02-22.wav,22,surprised,test
/Users/praketmehta/Desktop/multimodal_fusion_code/ravdessDATASET/Audio_Speech_Actors_01-24/Actor_22/03-01-04-02-02-02-22.wav,22,sad,test
/Users/praketmehta/Desktop/multimodal_fusion_code/ravdessDATASET/Audio_Speech_Actors_01-24/Actor_22/03-01-07-02-02-01-22.wav,22,disgust,test
/Users/praketmehta/Desktop/multimodal_fusion_code/ravdessDATASET/Audio_Speech_Actors_01-24/Actor_22/03-01-07-01-01-01-22.wav,22,disgust,test
/Users/praketmehta/Desktop/multimodal_fusion_code/ravdessDATASET/Audio_Speech_Actors_01-24/Actor_22/03-01-04-01-01-02-22.wav,22,sad,test
/Users/praketmehta/Desktop/multimodal_fusion_code/ravdessDATASET/Audio_Speech_Actors_01-24/Actor_22/03-01-06-02-01-02-22.wav,22,fearful,test
/Users/praketmehta/Desktop/multimodal_fusion_code/ravdessDATASET/Audio_Speech_Actors_01-24/Actor_22/03-01-05-02-01-01-22.wav,22,angry,test
/Users/praketmehta/Desktop/multimodal_fusion_code/ravdessDATASET/Audio_Speech_Actors_01-24/Actor_22/03-01-05-01-02-01-22.wav,22,angry,test
/Users/praketmehta/Desktop/multimodal_fusion_code/ravdessDATASET/Audio_Speech_Actors_01-24/Actor_22/03-01-06-01-02-02-22.wav,22,fearful,test
/Users/praketmehta/Desktop/multimodal_fusion_code/ravdessDATASET/Audio_Speech_Actors_01-24/Actor_22/03-01-08-01-01-01-22.wav,22,surprised,test
/Users/praketmehta/Desktop/multimodal_fusion_code/ravdessDATASET/Audio_Speech_Actors_01-24/Actor_22/03-01-08-02-02-01-22.wav,22,surprised,test
/Users/praketmehta/Desktop/multimodal_fusion_code/ravdessDATASET/Audio_Speech_Actors_01-24/Actor_22/03-01-01-01-02-02-22.wav,22,neutral,test
/Users/praketmehta/Desktop/multimodal_fusion_code/ravdessDATASET/Audio_Speech_Actors_01-24/Actor_22/03-01-02-01-02-01-22.wav,22,calm,test
/Users/praketmehta/Desktop/multimodal_fusion_code/ravdessDATASET/Audio_Speech_Actors_01-24/Actor_22/03-01-02-02-01-01-22.wav,22,calm,test
/Users/praketmehta/Desktop/multimodal_fusion_code/ravdessDATASET/Audio_Speech_Actors_01-24/Actor_22/03-01-03-01-01-02-22.wav,22,happy,test
/Users/praketmehta/Desktop/multimodal_fusion_code/ravdessDATASET/Audio_Speech_Actors_01-24/Actor_22/03-01-03-02-02-02-22.wav,22,happy,test
/Users/praketmehta/Desktop/multimodal_fusion_code/ravdessDATASET/Audio_Speech_Actors_01-24/Actor_23/03-01-07-02-01-01-23.wav,23,disgust,test
/Users/praketmehta/Desktop/multimodal_fusion_code/ravdessDATASET/Audio_Speech_Actors_01-24/Actor_23/03-01-04-02-01-02-23.wav,23,sad,test
/Users/praketmehta/Desktop/multimodal_fusion_code/ravdessDATASET/Audio_Speech_Actors_01-24/Actor_23/03-01-04-01-02-02-23.wav,23,sad,test
/Users/praketmehta/Desktop/multimodal_fusion_code/ravdessDATASET/Audio_Speech_Actors_01-24/Actor_23/03-01-07-01-02-01-23.wav,23,disgust,test
/Users/praketmehta/Desktop/multimodal_fusion_code/ravdessDATASET/Audio_Speech_Actors_01-24/Actor_23/03-01-05-02-02-01-23.wav,23,angry,test
/Users/praketmehta/Desktop/multimodal_fusion_code/ravdessDATASET/Audio_Speech_Actors_01-24/Actor_23/03-01-06-02-02-02-23.wav,23,fearful,test
/Users/praketmehta/Desktop/multimodal_fusion_code/ravdessDATASET/Audio_Speech_Actors_01-24/Actor_23/03-01-06-01-01-02-23.wav,23,fearful,test
/Users/praketmehta/Desktop/multimodal_fusion_code/ravdessDATASET/Audio_Speech_Actors_01-24/Actor_23/03-01-05-01-01-01-23.wav,23,angry,test
/Users/praketmehta/Desktop/multimodal_fusion_code/ravdessDATASET/Audio_Speech_Actors_01-24/Actor_23/03-01-08-01-02-01-23.wav,23,surprised,test
/Users/praketmehta/Desktop/multimodal_fusion_code/ravdessDATASET/Audio_Speech_Actors_01-24/Actor_23/03-01-08-02-01-01-23.wav,23,surprised,test
/Users/praketmehta/Desktop/multimodal_fusion_code/ravdessDATASET/Audio_Speech_Actors_01-24/Actor_23/03-01-02-01-01-01-23.wav,23,calm,test
/Users/praketmehta/Desktop/multimodal_fusion_code/ravdessDATASET/Audio_Speech_Actors_01-24/Actor_23/03-01-01-01-01-02-23.wav,23,neutral,test
/Users/praketmehta/Desktop/multimodal_fusion_code/ravdessDATASET/Audio_Speech_Actors_01-24/Actor_23/03-01-02-02-02-01-23.wav,23,calm,test
/Users/praketmehta/Desktop/multimodal_fusion_code/ravdessDATASET/Audio_Speech_Actors_01-24/Actor_23/03-01-03-01-02-02-23.wav,23,happy,test
/Users/praketmehta/Desktop/multimodal_fusion_code/ravdessDATASET/Audio_Speech_Actors_01-24/Actor_23/03-01-03-02-01-02-23.wav,23,happy,test
/Users/praketmehta/Desktop/multimodal_fusion_code/ravdessDATASET/Audio_Speech_Actors_01-24/Actor_23/03-01-01-01-02-01-23.wav,23,neutral,test
/Users/praketmehta/Desktop/multimodal_fusion_code/ravdessDATASET/Audio_Speech_Actors_01-24/Actor_23/03-01-02-01-02-02-23.wav,23,calm,test
/Users/praketmehta/Desktop/multimodal_fusion_code/ravdessDATASET/Audio_Speech_Actors_01-24/Actor_23/03-01-02-02-01-02-23.wav,23,calm,test
/Users/praketmehta/Desktop/multimodal_fusion_code/ravdessDATASET/Audio_Speech_Actors_01-24/Actor_23/03-01-03-01-01-01-23.wav,23,happy,test
/Users/praketmehta/Desktop/multimodal_fusion_code/ravdessDATASET/Audio_Speech_Actors_01-24/Actor_23/03-01-03-02-02-01-23.wav,23,happy,test
/Users/praketmehta/Desktop/multimodal_fusion_code/ravdessDATASET/Audio_Speech_Actors_01-24/Actor_23/03-01-04-02-02-01-23.wav,23,sad,test
/Users/praketmehta/Desktop/multimodal_fusion_code/ravdessDATASET/Audio_Speech_Actors_01-24/Actor_23/03-01-07-02-02-02-23.wav,23,disgust,test
/Users/praketmehta/Desktop/multimodal_fusion_code/ravdessDATASET/Audio_Speech_Actors_01-24/Actor_23/03-01-07-01-01-02-23.wav,23,disgust,test
/Users/praketmehta/Desktop/multimodal_fusion_code/ravdessDATASET/Audio_Speech_Actors_01-24/Actor_23/03-01-04-01-01-01-23.wav,23,sad,test
/Users/praketmehta/Desktop/multimodal_fusion_code/ravdessDATASET/Audio_Speech_Actors_01-24/Actor_23/03-01-06-02-01-01-23.wav,23,fearful,test
/Users/praketmehta/Desktop/multimodal_fusion_code/ravdessDATASET/Audio_Speech_Actors_01-24/Actor_23/03-01-05-02-01-02-23.wav,23,angry,test
/Users/praketmehta/Desktop/multimodal_fusion_code/ravdessDATASET/Audio_Speech_Actors_01-24/Actor_23/03-01-05-01-02-02-23.wav,23,angry,test
/Users/praketmehta/Desktop/multimodal_fusion_code/ravdessDATASET/Audio_Speech_Actors_01-24/Actor_23/03-01-06-01-02-01-23.wav,23,fearful,test
/Users/praketmehta/Desktop/multimodal_fusion_code/ravdessDATASET/Audio_Speech_Actors_01-24/Actor_23/03-01-08-01-01-02-23.wav,23,surprised,test
/Users/praketmehta/Desktop/multimodal_fusion_code/ravdessDATASET/Audio_Speech_Actors_01-24/Actor_23/03-01-08-02-02-02-23.wav,23,surprised,test
/Users/praketmehta/Desktop/multimodal_fusion_code/ravdessDATASET/Audio_Speech_Actors_01-24/Actor_23/03-01-03-02-01-01-23.wav,23,happy,test
/Users/praketmehta/Desktop/multimodal_fusion_code/ravdessDATASET/Audio_Speech_Actors_01-24/Actor_23/03-01-03-01-02-01-23.wav,23,happy,test
/Users/praketmehta/Desktop/multimodal_fusion_code/ravdessDATASET/Audio_Speech_Actors_01-24/Actor_23/03-01-02-02-02-02-23.wav,23,calm,test
/Users/praketmehta/Desktop/multimodal_fusion_code/ravdessDATASET/Audio_Speech_Actors_01-24/Actor_23/03-01-01-01-01-01-23.wav,23,neutral,test
/Users/praketmehta/Desktop/multimodal_fusion_code/ravdessDATASET/Audio_Speech_Actors_01-24/Actor_23/03-01-02-01-01-02-23.wav,23,calm,test
/Users/praketmehta/Desktop/multimodal_fusion_code/ravdessDATASET/Audio_Speech_Actors_01-24/Actor_23/03-01-05-01-01-02-23.wav,23,angry,test
/Users/praketmehta/Desktop/multimodal_fusion_code/ravdessDATASET/Audio_Speech_Actors_01-24/Actor_23/03-01-06-01-01-01-23.wav,23,fearful,test
/Users/praketmehta/Desktop/multimodal_fusion_code/ravdessDATASET/Audio_Speech_Actors_01-24/Actor_23/03-01-06-02-02-01-23.wav,23,fearful,test
/Users/praketmehta/Desktop/multimodal_fusion_code/ravdessDATASET/Audio_Speech_Actors_01-24/Actor_23/03-01-05-02-02-02-23.wav,23,angry,test
/Users/praketmehta/Desktop/multimodal_fusion_code/ravdessDATASET/Audio_Speech_Actors_01-24/Actor_23/03-01-07-01-02-02-23.wav,23,disgust,test
/Users/praketmehta/Desktop/multimodal_fusion_code/ravdessDATASET/Audio_Speech_Actors_01-24/Actor_23/03-01-04-01-02-01-23.wav,23,sad,test
/Users/praketmehta/Desktop/multimodal_fusion_code/ravdessDATASET/Audio_Speech_Actors_01-24/Actor_23/03-01-04-02-01-01-23.wav,23,sad,test
/Users/praketmehta/Desktop/multimodal_fusion_code/ravdessDATASET/Audio_Speech_Actors_01-24/Actor_23/03-01-07-02-01-02-23.wav,23,disgust,test
/Users/praketmehta/Desktop/multimodal_fusion_code/ravdessDATASET/Audio_Speech_Actors_01-24/Actor_23/03-01-08-02-01-02-23.wav,23,surprised,test
/Users/praketmehta/Desktop/multimodal_fusion_code/ravdessDATASET/Audio_Speech_Actors_01-24/Actor_23/03-01-08-01-02-02-23.wav,23,surprised,test
/Users/praketmehta/Desktop/multimodal_fusion_code/ravdessDATASET/Audio_Speech_Actors_01-24/Actor_23/03-01-06-01-02-02-23.wav,23,fearful,test
/Users/praketmehta/Desktop/multimodal_fusion_code/ravdessDATASET/Audio_Speech_Actors_01-24/Actor_23/03-01-05-01-02-01-23.wav,23,angry,test
/Users/praketmehta/Desktop/multimodal_fusion_code/ravdessDATASET/Audio_Speech_Actors_01-24/Actor_23/03-01-05-02-01-01-23.wav,23,angry,test
/Users/praketmehta/Desktop/multimodal_fusion_code/ravdessDATASET/Audio_Speech_Actors_01-24/Actor_23/03-01-06-02-01-02-23.wav,23,fearful,test
/Users/praketmehta/Desktop/multimodal_fusion_code/ravdessDATASET/Audio_Speech_Actors_01-24/Actor_23/03-01-04-01-01-02-23.wav,23,sad,test
/Users/praketmehta/Desktop/multimodal_fusion_code/ravdessDATASET/Audio_Speech_Actors_01-24/Actor_23/03-01-07-01-01-01-23.wav,23,disgust,test
/Users/praketmehta/Desktop/multimodal_fusion_code/ravdessDATASET/Audio_Speech_Actors_01-24/Actor_23/03-01-07-02-02-01-23.wav,23,disgust,test
/Users/praketmehta/Desktop/multimodal_fusion_code/ravdessDATASET/Audio_Speech_Actors_01-24/Actor_23/03-01-04-02-02-02-23.wav,23,sad,test
/Users/praketmehta/Desktop/multimodal_fusion_code/ravdessDATASET/Audio_Speech_Actors_01-24/Actor_23/03-01-08-02-02-01-23.wav,23,surprised,test
/Users/praketmehta/Desktop/multimodal_fusion_code/ravdessDATASET/Audio_Speech_Actors_01-24/Actor_23/03-01-08-01-01-01-23.wav,23,surprised,test
/Users/praketmehta/Desktop/multimodal_fusion_code/ravdessDATASET/Audio_Speech_Actors_01-24/Actor_23/03-01-03-02-02-02-23.wav,23,happy,test
/Users/praketmehta/Desktop/multimodal_fusion_code/ravdessDATASET/Audio_Speech_Actors_01-24/Actor_23/03-01-03-01-01-02-23.wav,23,happy,test
/Users/praketmehta/Desktop/multimodal_fusion_code/ravdessDATASET/Audio_Speech_Actors_01-24/Actor_23/03-01-02-02-01-01-23.wav,23,calm,test
/Users/praketmehta/Desktop/multimodal_fusion_code/ravdessDATASET/Audio_Speech_Actors_01-24/Actor_23/03-01-02-01-02-01-23.wav,23,calm,test
/Users/praketmehta/Desktop/multimodal_fusion_code/ravdessDATASET/Audio_Speech_Actors_01-24/Actor_23/03-01-01-01-02-02-23.wav,23,neutral,test
/Users/praketmehta/Desktop/multimodal_fusion_code/ravdessDATASET/Audio_Speech_Actors_01-24/Actor_24/03-01-03-02-01-02-24.wav,24,happy,test
/Users/praketmehta/Desktop/multimodal_fusion_code/ravdessDATASET/Audio_Speech_Actors_01-24/Actor_24/03-01-03-01-02-02-24.wav,24,happy,test
/Users/praketmehta/Desktop/multimodal_fusion_code/ravdessDATASET/Audio_Speech_Actors_01-24/Actor_24/03-01-02-02-02-01-24.wav,24,calm,test
/Users/praketmehta/Desktop/multimodal_fusion_code/ravdessDATASET/Audio_Speech_Actors_01-24/Actor_24/03-01-02-01-01-01-24.wav,24,calm,test
/Users/praketmehta/Desktop/multimodal_fusion_code/ravdessDATASET/Audio_Speech_Actors_01-24/Actor_24/03-01-01-01-01-02-24.wav,24,neutral,test
/Users/praketmehta/Desktop/multimodal_fusion_code/ravdessDATASET/Audio_Speech_Actors_01-24/Actor_24/03-01-06-01-01-02-24.wav,24,fearful,test
/Users/praketmehta/Desktop/multimodal_fusion_code/ravdessDATASET/Audio_Speech_Actors_01-24/Actor_24/03-01-05-01-01-01-24.wav,24,angry,test
/Users/praketmehta/Desktop/multimodal_fusion_code/ravdessDATASET/Audio_Speech_Actors_01-24/Actor_24/03-01-05-02-02-01-24.wav,24,angry,test
/Users/praketmehta/Desktop/multimodal_fusion_code/ravdessDATASET/Audio_Speech_Actors_01-24/Actor_24/03-01-06-02-02-02-24.wav,24,fearful,test
/Users/praketmehta/Desktop/multimodal_fusion_code/ravdessDATASET/Audio_Speech_Actors_01-24/Actor_24/03-01-04-01-02-02-24.wav,24,sad,test
/Users/praketmehta/Desktop/multimodal_fusion_code/ravdessDATASET/Audio_Speech_Actors_01-24/Actor_24/03-01-07-01-02-01-24.wav,24,disgust,test
/Users/praketmehta/Desktop/multimodal_fusion_code/ravdessDATASET/Audio_Speech_Actors_01-24/Actor_24/03-01-07-02-01-01-24.wav,24,disgust,test
/Users/praketmehta/Desktop/multimodal_fusion_code/ravdessDATASET/Audio_Speech_Actors_01-24/Actor_24/03-01-04-02-01-02-24.wav,24,sad,test
/Users/praketmehta/Desktop/multimodal_fusion_code/ravdessDATASET/Audio_Speech_Actors_01-24/Actor_24/03-01-08-02-01-01-24.wav,24,surprised,test
/Users/praketmehta/Desktop/multimodal_fusion_code/ravdessDATASET/Audio_Speech_Actors_01-24/Actor_24/03-01-08-01-02-01-24.wav,24,surprised,test
/Users/praketmehta/Desktop/multimodal_fusion_code/ravdessDATASET/Audio_Speech_Actors_01-24/Actor_24/03-01-05-01-02-02-24.wav,24,angry,test
/Users/praketmehta/Desktop/multimodal_fusion_code/ravdessDATASET/Audio_Speech_Actors_01-24/Actor_24/03-01-06-01-02-01-24.wav,24,fearful,test
/Users/praketmehta/Desktop/multimodal_fusion_code/ravdessDATASET/Audio_Speech_Actors_01-24/Actor_24/03-01-06-02-01-01-24.wav,24,fearful,test
/Users/praketmehta/Desktop/multimodal_fusion_code/ravdessDATASET/Audio_Speech_Actors_01-24/Actor_24/03-01-05-02-01-02-24.wav,24,angry,test
/Users/praketmehta/Desktop/multimodal_fusion_code/ravdessDATASET/Audio_Speech_Actors_01-24/Actor_24/03-01-07-01-01-02-24.wav,24,disgust,test
/Users/praketmehta/Desktop/multimodal_fusion_code/ravdessDATASET/Audio_Speech_Actors_01-24/Actor_24/03-01-04-01-01-01-24.wav,24,sad,test
/Users/praketmehta/Desktop/multimodal_fusion_code/ravdessDATASET/Audio_Speech_Actors_01-24/Actor_24/03-01-04-02-02-01-24.wav,24,sad,test
/Users/praketmehta/Desktop/multimodal_fusion_code/ravdessDATASET/Audio_Speech_Actors_01-24/Actor_24/03-01-07-02-02-02-24.wav,24,disgust,test
/Users/praketmehta/Desktop/multimodal_fusion_code/ravdessDATASET/Audio_Speech_Actors_01-24/Actor_24/03-01-08-02-02-02-24.wav,24,surprised,test
/Users/praketmehta/Desktop/multimodal_fusion_code/ravdessDATASET/Audio_Speech_Actors_01-24/Actor_24/03-01-08-01-01-02-24.wav,24,surprised,test
/Users/praketmehta/Desktop/multimodal_fusion_code/ravdessDATASET/Audio_Speech_Actors_01-24/Actor_24/03-01-03-02-02-01-24.wav,24,happy,test
/Users/praketmehta/Desktop/multimodal_fusion_code/ravdessDATASET/Audio_Speech_Actors_01-24/Actor_24/03-01-03-01-01-01-24.wav,24,happy,test
/Users/praketmehta/Desktop/multimodal_fusion_code/ravdessDATASET/Audio_Speech_Actors_01-24/Actor_24/03-01-02-02-01-02-24.wav,24,calm,test
/Users/praketmehta/Desktop/multimodal_fusion_code/ravdessDATASET/Audio_Speech_Actors_01-24/Actor_24/03-01-01-01-02-01-24.wav,24,neutral,test
/Users/praketmehta/Desktop/multimodal_fusion_code/ravdessDATASET/Audio_Speech_Actors_01-24/Actor_24/03-01-02-01-02-02-24.wav,24,calm,test
/Users/praketmehta/Desktop/multimodal_fusion_code/ravdessDATASET/Audio_Speech_Actors_01-24/Actor_24/03-01-04-02-01-01-24.wav,24,sad,test
/Users/praketmehta/Desktop/multimodal_fusion_code/ravdessDATASET/Audio_Speech_Actors_01-24/Actor_24/03-01-07-02-01-02-24.wav,24,disgust,test
/Users/praketmehta/Desktop/multimodal_fusion_code/ravdessDATASET/Audio_Speech_Actors_01-24/Actor_24/03-01-07-01-02-02-24.wav,24,disgust,test
/Users/praketmehta/Desktop/multimodal_fusion_code/ravdessDATASET/Audio_Speech_Actors_01-24/Actor_24/03-01-04-01-02-01-24.wav,24,sad,test
/Users/praketmehta/Desktop/multimodal_fusion_code/ravdessDATASET/Audio_Speech_Actors_01-24/Actor_24/03-01-06-02-02-01-24.wav,24,fearful,test
/Users/praketmehta/Desktop/multimodal_fusion_code/ravdessDATASET/Audio_Speech_Actors_01-24/Actor_24/03-01-05-02-02-02-24.wav,24,angry,test
/Users/praketmehta/Desktop/multimodal_fusion_code/ravdessDATASET/Audio_Speech_Actors_01-24/Actor_24/03-01-05-01-01-02-24.wav,24,angry,test
/Users/praketmehta/Desktop/multimodal_fusion_code/ravdessDATASET/Audio_Speech_Actors_01-24/Actor_24/03-01-06-01-01-01-24.wav,24,fearful,test
/Users/praketmehta/Desktop/multimodal_fusion_code/ravdessDATASET/Audio_Speech_Actors_01-24/Actor_24/03-01-08-01-02-02-24.wav,24,surprised,test
/Users/praketmehta/Desktop/multimodal_fusion_code/ravdessDATASET/Audio_Speech_Actors_01-24/Actor_24/03-01-08-02-01-02-24.wav,24,surprised,test
/Users/praketmehta/Desktop/multimodal_fusion_code/ravdessDATASET/Audio_Speech_Actors_01-24/Actor_24/03-01-01-01-01-01-24.wav,24,neutral,test
/Users/praketmehta/Desktop/multimodal_fusion_code/ravdessDATASET/Audio_Speech_Actors_01-24/Actor_24/03-01-02-01-01-02-24.wav,24,calm,test
/Users/praketmehta/Desktop/multimodal_fusion_code/ravdessDATASET/Audio_Speech_Actors_01-24/Actor_24/03-01-02-02-02-02-24.wav,24,calm,test
/Users/praketmehta/Desktop/multimodal_fusion_code/ravdessDATASET/Audio_Speech_Actors_01-24/Actor_24/03-01-03-01-02-01-24.wav,24,happy,test
/Users/praketmehta/Desktop/multimodal_fusion_code/ravdessDATASET/Audio_Speech_Actors_01-24/Actor_24/03-01-03-02-01-01-24.wav,24,happy,test
/Users/praketmehta/Desktop/multimodal_fusion_code/ravdessDATASET/Audio_Speech_Actors_01-24/Actor_24/03-01-02-01-02-01-24.wav,24,calm,test
/Users/praketmehta/Desktop/multimodal_fusion_code/ravdessDATASET/Audio_Speech_Actors_01-24/Actor_24/03-01-01-01-02-02-24.wav,24,neutral,test
/Users/praketmehta/Desktop/multimodal_fusion_code/ravdessDATASET/Audio_Speech_Actors_01-24/Actor_24/03-01-02-02-01-01-24.wav,24,calm,test
/Users/praketmehta/Desktop/multimodal_fusion_code/ravdessDATASET/Audio_Speech_Actors_01-24/Actor_24/03-01-03-01-01-02-24.wav,24,happy,test
/Users/praketmehta/Desktop/multimodal_fusion_code/ravdessDATASET/Audio_Speech_Actors_01-24/Actor_24/03-01-03-02-02-02-24.wav,24,happy,test
/Users/praketmehta/Desktop/multimodal_fusion_code/ravdessDATASET/Audio_Speech_Actors_01-24/Actor_24/03-01-07-02-02-01-24.wav,24,disgust,test
/Users/praketmehta/Desktop/multimodal_fusion_code/ravdessDATASET/Audio_Speech_Actors_01-24/Actor_24/03-01-04-02-02-02-24.wav,24,sad,test
/Users/praketmehta/Desktop/multimodal_fusion_code/ravdessDATASET/Audio_Speech_Actors_01-24/Actor_24/03-01-04-01-01-02-24.wav,24,sad,test
/Users/praketmehta/Desktop/multimodal_fusion_code/ravdessDATASET/Audio_Speech_Actors_01-24/Actor_24/03-01-07-01-01-01-24.wav,24,disgust,test
/Users/praketmehta/Desktop/multimodal_fusion_code/ravdessDATASET/Audio_Speech_Actors_01-24/Actor_24/03-01-05-02-01-01-24.wav,24,angry,test
/Users/praketmehta/Desktop/multimodal_fusion_code/ravdessDATASET/Audio_Speech_Actors_01-24/Actor_24/03-01-06-02-01-02-24.wav,24,fearful,test
/Users/praketmehta/Desktop/multimodal_fusion_code/ravdessDATASET/Audio_Speech_Actors_01-24/Actor_24/03-01-06-01-02-02-24.wav,24,fearful,test
/Users/praketmehta/Desktop/multimodal_fusion_code/ravdessDATASET/Audio_Speech_Actors_01-24/Actor_24/03-01-05-01-02-01-24.wav,24,angry,test
/Users/praketmehta/Desktop/multimodal_fusion_code/ravdessDATASET/Audio_Speech_Actors_01-24/Actor_24/03-01-08-01-01-01-24.wav,24,surprised,test
/Users/praketmehta/Desktop/multimodal_fusion_code/ravdessDATASET/Audio_Speech_Actors_01-24/Actor_24/03-01-08-02-02-01-24.wav,24,surprised,test
